{"type":"FeatureCollection","features":[{"type":"Feature","geometry":{"type":"GeometryCollection","geometries":[{"type":"LineString","coordinates":[[108.86682076957759,0.7035079141011029],[108.86682076957757,0.7035123732021562],[108.86682522867864,0.7035123732021563]]},{"type":"LineString","coordinates":[[108.60545056132986,0.13493686488142007],[108.60545056132986,0.13494131607937918]]},{"type":"LineString","coordinates":[[109.09951895805166,-1.7041970770101598],[109.09951895805166,-1.704201536111213]]},{"type":"LineString","coordinates":[[109.44585287777173,-0.7083638751483053],[109.44584841867069,-0.7083594160472519]]},{"type":"Polygon","coordinates":[[[109.09646005601778,-1.6950915913544644],[109.09951897875402,-1.7041970940755344],[109.10136054749354,-1.7011514988836303],[109.09993807306977,-1.6932098867985097],[109.09646005601778,-1.6950915913544644]]]},{"type":"Polygon","coordinates":[[[109.22266148378543,-1.4087593529123013],[109.22783847874376,-1.4152919292817587],[109.22947051367858,-1.4152785709643558],[109.2288908711182,-1.407100538207819],[109.22400812839793,-1.4071183617446568],[109.22266148378543,-1.4087593529123013]]]},{"type":"Polygon","coordinates":[[[108.86682521879054,0.703512352822629],[108.87122191378361,0.7040117838093782],[108.87106134902118,0.7054298031117593],[108.8691840788427,0.7053272317270344],[108.86789984109768,0.7052603133994625],[108.86715078742975,0.7040430134412942],[108.86682521879054,0.703512352822629]]]},{"type":"Polygon","coordinates":[[[109.3923392293946,-1.4761898353795184],[109.39250860692219,-1.4780582184439095],[109.39290999377083,-1.4824593724361732],[109.39534909304562,-1.4813579672914305],[109.3953401974959,-1.4796947241609713],[109.39533130194636,-1.4780805230635297],[109.39234367714243,-1.4761898648209841],[109.3923392293946,-1.4761898353795184]]]},{"type":"Polygon","coordinates":[[[109.35695177093235,-1.5033413161278975],[109.35787928720127,-1.5038674720591068],[109.3607598722877,-1.5055084395495075],[109.36425132362733,-1.49922109246357],[109.36099168492981,-1.498418461321474],[109.35828954058219,-1.5000594270952774],[109.35750470438323,-1.501976873076439],[109.35695177093235,-1.5033413161278975]]]},{"type":"Polygon","coordinates":[[[109.34451084402586,-1.653002148207308],[109.3453492085674,-1.6550800624807418],[109.34641493291704,-1.6550756380188287],[109.34908143235076,-1.6550577884572288],[109.35091864710894,-1.6517179311219752],[109.3492732132121,-1.6509018881374022],[109.34926876585574,-1.6509019331118757],[109.34451084402586,-1.653002148207308]]]},{"type":"Polygon","coordinates":[[[109.29889873894994,-1.7180693435077106],[109.3016901229013,-1.7192287135174515],[109.30446818244728,-1.716410567159964],[109.30490960962786,-1.7122011601754594],[109.30321069805619,-1.7130662233451772],[109.29980835549976,-1.7148008505204801],[109.29942937108015,-1.7161742013256502],[109.29889873894994,-1.7180693435077106]]]},{"type":"Polygon","coordinates":[[[109.29454216908161,-1.7318792095729674],[109.2945600472262,-1.735847784401676],[109.29627235914938,-1.7364185119137427],[109.2973469587445,-1.7367797068676536],[109.29735140561893,-1.7367797299461134],[109.2973425118701,-1.7344386841516053],[109.29732917124717,-1.731170176018751],[109.29454216908161,-1.7318792095729674]]]},{"type":"Polygon","coordinates":[[[109.27980935606688,-1.2050007324763023],[109.28009920899319,-1.208808761854766],[109.28212809373014,-1.20866162815225],[109.28495958094047,-1.2059281893383846],[109.28495068742492,-1.2043496671781198],[109.28495068742492,-1.204157964034863],[109.28465638475559,-1.204206996060999],[109.27980935606688,-1.2050007324763023]]]},{"type":"Polygon","coordinates":[[[109.11459075203126,-0.13215887062385773],[109.11511246084923,-0.13471836484692368],[109.1156519506931,-0.13737153455451462],[109.11979453267705,-0.13942717328840956],[109.11979897782051,-0.13943162333725764],[109.11769869791209,-0.1321499089277256],[109.11459519712203,-0.1321588670704985],[109.11459075203126,-0.13215887062385773]]]},{"type":"Polygon","coordinates":[[[108.85520927438782,0.7074809855965943],[108.8598110970118,0.7036193800421378],[108.8618488840227,0.7045513495711673],[108.86111307824598,0.7082925343116948],[108.86089911822127,0.7093716016250272],[108.85997600895942,0.7106246585022034],[108.85730950266867,0.7142588002137216],[108.85520927438782,0.7074809855965943]]]},{"type":"Polygon","coordinates":[[[110.14071909205592,-2.6282610480989934],[110.14310018250922,-2.635342118326131],[110.1462394454166,-2.636109043552738],[110.14635532419565,-2.6358816463509336],[110.14741213948729,-2.6337412478101685],[110.14532532152766,-2.6301249815106043],[110.1442417889698,-2.6282387631885107],[110.14252942537493,-2.6282476922053157],[110.14071909205592,-2.6282610480989934]]]},{"type":"Polygon","coordinates":[[[109.35902082716787,-1.6583486324051007],[109.36000180759717,-1.6596595558392637],[109.36088912098292,-1.6608412287049907],[109.3608936592102,-1.6608367667340844],[109.36356904231289,-1.6595793201945201],[109.36350223924492,-1.658571580597926],[109.36335946587083,-1.6564490392603377],[109.36046107557578,-1.6560521482624038],[109.35902082716787,-1.6583486324051007]]]},{"type":"Polygon","coordinates":[[[109.26801057003959,-1.1998682917331485],[109.26978077283104,-1.2017678661034528],[109.27329905600337,-1.2016207407676127],[109.27330794929841,-1.2013799548402122],[109.27341049444728,-1.1971214921225306],[109.2714039712783,-1.1954270417632287],[109.269883407955,-1.194142786060266],[109.26987887059273,-1.1941383132784305],[109.26801057003959,-1.1998682917331485]]]},{"type":"Polygon","coordinates":[[[109.24880965083815,-0.6030800585417356],[109.2513959283361,-0.605893727349849],[109.25177051826476,-0.6062995044831309],[109.2599886144762,-0.6026386153697184],[109.25428993376147,-0.5996421046357728],[109.25236806605099,-0.5998649974981727],[109.25041045336815,-0.6000879584366755],[109.24895683623788,-0.6028080498292083],[109.24880965083815,-0.6030800585417356]]]},{"type":"Polygon","coordinates":[[[109.15663115732148,-1.6008484718460443],[109.15729998073203,-1.6082193579009556],[109.15730442625183,-1.6082193846597772],[109.16415810947626,-1.6070778849981888],[109.16599078418021,-1.6052496401196548],[109.16067994941201,-1.6014861495175572],[109.1591505002101,-1.6003981384624102],[109.15810262458237,-1.6005853722855734],[109.15663115732148,-1.6008484718460443]]]},{"type":"Polygon","coordinates":[[[109.11606226096787,-0.11195910417595653],[109.1169718756727,-0.11380071226241337],[109.1194779297192,-0.11358225308163458],[109.12337071045137,-0.10486025116074718],[109.1224609917892,-0.1030185784261634],[109.12192593875139,-0.10333521760048058],[109.11858164521837,-0.10531061302965065],[109.11683806866414,-0.10990343954377182],[109.11606226096787,-0.11195910417595653]]]},{"type":"Polygon","coordinates":[[[109.11211148699618,-1.3435182264530192],[109.11434545566355,-1.3468759101921985],[109.1153710929415,-1.3484098543827516],[109.11727060563625,-1.3475804881172952],[109.11833190149231,-1.3429385478899347],[109.11587937665918,-1.3402318831153273],[109.11459075203126,-1.3404905207987239],[109.11316823458297,-1.3407803333188777],[109.11211148699618,-1.3435182264530192]]]},{"type":"Polygon","coordinates":[[[110.05254921710437,-1.4397679471438585],[110.05859133667677,-1.4401291271066015],[110.05883215377582,-1.4380243987591557],[110.05889903733184,-1.4374179997211332],[110.05820784697514,-1.4369230167473008],[110.05579104877516,-1.4351884159050632],[110.05382899094207,-1.435362321167589],[110.05284800951003,-1.4354515303714452],[110.05270533793798,-1.4375383599977054],[110.05254921710437,-1.4397679471438585]]]},{"type":"Polygon","coordinates":[[[109.34934010508742,-1.6685911696113505],[109.35452157596737,-1.6691886651685293],[109.35677786750159,-1.6668877864171845],[109.35690275847689,-1.6659290468694397],[109.35717922509589,-1.6637708596633203],[109.35345138640186,-1.662120967420653],[109.35344693900717,-1.6621210127113717],[109.34994204161815,-1.6629682391737879],[109.34962546211918,-1.6659112088276173],[109.34934010508742,-1.6685911696113505]]]},{"type":"Polygon","coordinates":[[[109.34810047397823,-1.5216816047605475],[109.34833681868948,-1.5232958027804315],[109.34895218679652,-1.527500758444011],[109.35082053265802,-1.529988913405486],[109.3535003985092,-1.5276880530463266],[109.35354505398911,-1.52733572166233],[109.35390175339664,-1.5245711247778475],[109.35222962508047,-1.5208299252965578],[109.35222517769698,-1.5208298968834326],[109.34810047397823,-1.5216816047605475]]]},{"type":"Polygon","coordinates":[[[109.33800955200476,-1.7375288869514869],[109.33849112618881,-1.7401017740245392],[109.34061809971197,-1.7402132660009628],[109.3426648497549,-1.7403202695262086],[109.34266929705059,-1.7403202221368137],[109.34475163429917,-1.7382021636990292],[109.34427903925479,-1.7361019455048854],[109.34167491905824,-1.7357853711714797],[109.3405601035953,-1.7356515658667249],[109.33800955200476,-1.7375288869514869]]]},{"type":"Polygon","coordinates":[[[109.30551158119503,-1.7432810882244179],[109.30598867574056,-1.7441015805810485],[109.3071391680183,-1.7460814025600355],[109.30962729745667,-1.7453857896472256],[109.31225819809622,-1.7446500419471904],[109.3117810972678,-1.7418497350091358],[109.309511403482,-1.7415554513616944],[109.30828957232379,-1.7413993615720136],[109.30696083563396,-1.742300083443985],[109.30551158119503,-1.7432810882244179]]]},{"type":"Polygon","coordinates":[[[109.24879186518267,-1.2312915828616726],[109.24906826886503,-1.23427918965225],[109.25142714415195,-1.2339135570974331],[109.25177051826476,-1.2338600374691129],[109.25179284122063,-1.2338332903975686],[109.25338911683346,-1.231951505638536],[109.25156988394126,-1.2287097344235935],[109.25148068291077,-1.228549212887783],[109.25142714415195,-1.2286027652046538],[109.24879186518267,-1.2312915828616726]]]},{"type":"Polygon","coordinates":[[[108.72342942506177,-1.5713292761874391],[108.73015378568607,-1.577072563989373],[108.7314603171565,-1.5781917834587826],[108.73220494059954,-1.577897485288669],[108.73443002842887,-1.577019050933303],[108.73372999124578,-1.5752488070814026],[108.73235212534776,-1.571748380484776],[108.72457098825387,-1.568569049248856],[108.72425442072665,-1.5693405170677126],[108.72342942506177,-1.5713292761874391]]]},{"type":"Polygon","coordinates":[[[110.05019041545174,-2.3809102292709032],[110.0524422589048,-2.3834608522153093],[110.05407871204713,-2.3853203020229636],[110.05656247859355,-2.386243319330208],[110.05850218893372,-2.3869612503372872],[110.05959013748968,-2.3836302964073637],[110.05905952154235,-2.381802067838877],[110.05846202247213,-2.3797508916983627],[110.05845756962924,-2.37975088814294],[110.05415895360002,-2.380352895387807],[110.05019041545174,-2.3809102292709032]]]},{"type":"Polygon","coordinates":[[[110.02011818668578,-1.435139377360369],[110.02070683862095,-1.4369140845437096],[110.02180817702605,-1.4402494882539587],[110.02181262963538,-1.4402495169206178],[110.02376133049276,-1.440066697507372],[110.02546914027349,-1.4399105966326011],[110.02413135255848,-1.436173872584245],[110.02313260239261,-1.4333691150156924],[110.02312805890502,-1.4333690869979943],[110.02118390330847,-1.434515093842955],[110.02011818668578,-1.435139377360369]]]},{"type":"Polygon","coordinates":[[[109.32519854865077,-0.6161095229336198],[109.32612600394305,-0.6179734263142542],[109.32657189829415,-0.6188697309274325],[109.32743255815339,-0.6188072779702212],[109.32976913538202,-0.6186378515900478],[109.33936061113877,-0.6119982103354614],[109.33788466590212,-0.6113561307701023],[109.33616793907106,-0.6106114764902367],[109.3337510993843,-0.6111153703464305],[109.33182918092875,-0.6115211186691297],[109.32519854865077,-0.6161095229336198]]]},{"type":"Polygon","coordinates":[[[109.23458960219394,-1.408438285739997],[109.23487942696903,-1.413338839212695],[109.23629742951944,-1.4132273630076553],[109.23840216457407,-1.4130579023086425],[109.23880342189977,-1.4113991034113607],[109.2392003239936,-1.4097805007588613],[109.23866966941914,-1.408585446251554],[109.23811224684538,-1.407332445095053],[109.23810780053422,-1.4073279523500908],[109.23558838232907,-1.4081261443460065],[109.23458960219394,-1.408438285739997]]]},{"type":"Polygon","coordinates":[[[109.15919069150605,-1.580849431199829],[109.16245472671972,-1.5824190618480598],[109.16352039487438,-1.5829318159938774],[109.16739541647135,-1.582940711164513],[109.16739986209146,-1.5829407385309218],[109.17037852819496,-1.5799486783919436],[109.16831847331376,-1.5767292232030783],[109.16800628137761,-1.5767604287808017],[109.16147815377273,-1.5773980599468183],[109.16014494099002,-1.579409114043546],[109.15919069150605,-1.580849431199829]]]},{"type":"Polygon","coordinates":[[[109.1155315701038,-1.7003890104927322],[109.11863961336105,-1.7010355483868822],[109.11995056631037,-1.7013120238329025],[109.12081564680737,-1.7003443801220184],[109.12226041486208,-1.6987302292583424],[109.12209539935829,-1.697758143574652],[109.12179213023477,-1.6959298832494907],[109.11875999480233,-1.6952387379563347],[109.11796622177755,-1.6957069432174852],[109.11598197692418,-1.6968797078203712],[109.1155315701038,-1.7003890104927322]]]},{"type":"Polygon","coordinates":[[[109.19531831520608,-1.234239042603174],[109.19695921650755,-1.2373604380638843],[109.19741850661596,-1.2372935304120334],[109.20074052533457,-1.2367985577804013],[109.2047894414334,-1.2321521923437562],[109.20478045872291,-1.2300965558062875],[109.20478045872291,-1.2294320981590834],[109.204463886342,-1.2292716301609936],[109.20260891634594,-1.228348538754369],[109.20260891634594,-1.2283530502721325],[109.19568396756716,-1.2339447336641456],[109.19531831520608,-1.234239042603174]]]},{"type":"Polygon","coordinates":[[[110.11052201330963,-2.632470460655555],[110.11219867741396,-2.635788014802368],[110.11771009356401,-2.634650933588147],[110.12181251016915,-2.63048167596738],[110.12595048479582,-2.626281211649922],[110.12688694208939,-2.622910093533474],[110.12702962833004,-2.622388379915559],[110.12554469306258,-2.6214029496885445],[110.12371204403644,-2.62019009571414],[110.12207107042174,-2.624078430381953],[110.12132192755612,-2.6245466015180043],[110.11217186748019,-2.630240912198289],[110.11052201330963,-2.632470460655555]]]},{"type":"Polygon","coordinates":[[[109.33776876509307,-1.5250616143851754],[109.33777321234365,-1.5260871772427278],[109.33778210684493,-1.5287983386880792],[109.34021230856284,-1.5292754689439367],[109.34089010976066,-1.5294092195933469],[109.34217873335479,-1.5283211823358225],[109.34336044360211,-1.5273178933641947],[109.34347189845043,-1.5257126095688314],[109.34356111680437,-1.524401657250125],[109.34078755006465,-1.5240182077039788],[109.33920904110256,-1.5237996568988394],[109.33881214565852,-1.5241475178493775],[109.33776876509307,-1.5250616143851754]]]},{"type":"Polygon","coordinates":[[[109.11476020980918,-1.2808098747630308],[109.11519265401763,-1.2814609274841569],[109.11612911899061,-1.2828789067804511],[109.12275981620024,-1.2773719190608765],[109.12354906197712,-1.275780035884813],[109.12390132006036,-1.2750799383465872],[109.12354461679578,-1.2745760871521143],[109.12275981620024,-1.2734612617852001],[109.12275537102688,-1.273461296030037],[109.11957154982512,-1.2739206066297974],[109.11567871201925,-1.2773585592958012],[109.11503662207453,-1.2797709058989057],[109.11476020980918,-1.2808098747630308]]]},{"type":"Polygon","coordinates":[[[108.75574906052756,-1.5909403717136024],[108.75826840318531,-1.5916181633513435],[108.75883026344991,-1.5914710270351222],[108.76625915044677,-1.5895090323189327],[108.76898812102324,-1.5801939204443232],[108.76963021323341,-1.5780000436753752],[108.76802045274304,-1.5757080901511402],[108.76551001932523,-1.5768718833524988],[108.76345433489337,-1.5775675207566786],[108.76072096236894,-1.5784994756620485],[108.75754158436155,-1.5822005099515093],[108.75672558028387,-1.586186967621304],[108.75574906052756,-1.5909403717136024]]]},{"type":"Polygon","coordinates":[[[108.77338027429055,0.8314707376520181],[108.77709919112031,0.8232392148027581],[108.78326169165695,0.8235201565887591],[108.78709201436803,0.8281487218778837],[108.78987008029988,0.8343914526655235],[108.79201936051182,0.8392206362821422],[108.79003505351814,0.8413075168003008],[108.78834054623385,0.8430911408622157],[108.78833610466572,0.8430911630933022],[108.77559200531624,0.8399920864393053],[108.7745753742917,0.8385651412227852],[108.77378163169341,0.8374503668770719],[108.77370585596387,0.8363222704272575],[108.77338027429055,0.8314707376520181]]]},{"type":"Polygon","coordinates":[[[108.59328168219528,0.12014157639775633],[108.59581886094468,0.11648956744343687],[108.60174055392991,0.11677044757360462],[108.60429120060824,0.118687888265094],[108.60854071756215,0.12188058489774421],[108.60934335128378,0.1251268150867051],[108.61007912306677,0.12809213468163874],[108.6086611260977,0.1335901956679149],[108.60743040596842,0.13410747105072301],[108.60545051725315,0.13493688334596995],[108.60005061201544,0.12732067966000715],[108.59803950713506,0.1261167510085839],[108.59460159275038,0.12405216715363243],[108.59328168219528,0.12014157639775633]]]},{"type":"Polygon","coordinates":[[[109.28414800296439,-0.6114185317522194],[109.28483026198111,-0.6148698767391872],[109.28710891261571,-0.6151106892450244],[109.28966391117133,-0.6138978463397933],[109.29145207353312,-0.6130505679382499],[109.29830122265307,-0.6057108870880964],[109.30515038001244,-0.6034189378789745],[109.30485606477941,-0.6025181870226306],[109.30446818244728,-0.6013499125737961],[109.29744061537399,-0.5971271080941764],[109.29718197065735,-0.596971085634816],[109.29010096850058,-0.5990311959968941],[109.28997164813157,-0.5992229137960617],[109.2862215543463,-0.6049885530220157],[109.28414800296439,-0.6114185317522194]]]},{"type":"Polygon","coordinates":[[[109.09773084753326,-0.1551098368348334],[109.09895710272117,-0.15680427050758236],[109.10022799223033,-0.1585611756060729],[109.10889200130289,-0.16087987416372185],[109.11799742836996,-0.1675596300715457],[109.11800196421206,-0.1675596254735136],[109.11901862904273,-0.1672251804487555],[109.12006205781832,-0.1668818687373522],[109.12029837636435,-0.1604518336219391],[109.11820707504096,-0.15319685331865218],[109.11599086713393,-0.14550047411461958],[109.11348927807047,-0.14458191243559287],[109.09888126674765,-0.15235853107811642],[109.09825253623616,-0.15385681411747565],[109.09773084753326,-0.1551098368348334]]]},{"type":"Polygon","coordinates":[[[108.7791414427143,0.745619686274464],[108.77989060033866,0.7443889247184894],[108.78052826922524,0.7433410846173258],[108.78053271070377,0.7433410650250288],[108.78333302775111,0.7456152271130672],[108.78595941979066,0.7477511210661887],[108.79007076750979,0.7480186899500362],[108.79049879179773,0.7512381251929791],[108.78911202020005,0.7537486277841947],[108.7858078635687,0.7547162369598879],[108.78453250943463,0.7550907990357366],[108.78452806791016,0.7550908189424153],[108.78384135445498,0.754279214213725],[108.78001097329026,0.7497621362974997],[108.7791414427143,0.745619686274464]]]},{"type":"Polygon","coordinates":[[[108.75550823921056,0.7346190566891925],[108.75771098495936,0.7318588714104466],[108.76151014611719,0.7270920848068947],[108.76246438355524,0.7282916307459024],[108.76353010860396,0.7296382196490477],[108.76265173269252,0.7371473636679365],[108.76156815440436,0.7463821726736805],[108.76265173269252,0.7524777880589697],[108.76353010860396,0.7574318035837554],[108.76119807981027,0.7622298417802145],[108.75618157853093,0.7626400526985181],[108.75628408863224,0.7616322898402434],[108.75717151365315,0.7530084017164635],[108.7563242406953,0.7436487509144019],[108.75550823921056,0.7346190566891925]]]},{"type":"Polygon","coordinates":[[[109.38564160201018,-1.5014997380687216],[109.38815210104181,-1.5035687526534987],[109.38859805225748,-1.507952009409955],[109.39073395812167,-1.5080902989483655],[109.39225889762929,-1.5081883721643103],[109.39299913037891,-1.5031495556622911],[109.39388205567357,-1.4971521266810544],[109.39685180784441,-1.490708686486241],[109.39616957203718,-1.488407779639217],[109.39388205567357,-1.4881804088770596],[109.39238824539339,-1.4899105214611792],[109.39090787360385,-1.491618351819393],[109.39011408971199,-1.494365130796568],[109.38931150242524,-1.4971387261733242],[109.38639970637915,-1.4988867197717106],[109.38587796488513,-1.4991987943928082],[109.38584674028992,-1.4995199000739412],[109.38564160201018,-1.5014997380687216]]]},{"type":"Polygon","coordinates":[[[109.24799813562895,1.733520133746613],[109.24822553760073,1.7329003451246159],[109.24892117417312,1.7310007159578276],[109.25280055138226,1.731959421770811],[109.2529834004212,1.7321333470949853],[109.25778133045178,1.7366013800068774],[109.2612282879909,1.7345501887038581],[109.26246342751067,1.736418539622461],[109.26641869093159,1.7424115556445006],[109.26797045991913,1.747709018028692],[109.26704738361774,1.749777995686662],[109.26634282680203,1.75136991664125],[109.26633838022065,1.7513698938353295],[109.26116140851433,1.746170615141271],[109.25364782815493,1.7386302266969447],[109.2491083773579,1.7360617982580195],[109.2483236308241,1.7342603565039358],[109.24799813562895,1.733520133746613]]]},{"type":"Polygon","coordinates":[[[109.15930210216028,-1.269639875162029],[109.16020736011835,-1.2733141491667461],[109.1608895255497,-1.2760787671817286],[109.16476007878084,-1.2809213366524619],[109.16576777811501,-1.2845064783331435],[109.16657043716096,-1.287369244510507],[109.16908094473915,-1.2892108646310925],[109.17662126167893,-1.2871596389219178],[109.17664358096529,-1.2878775570207084],[109.17683084526519,-1.2931392956974501],[109.18071922822183,-1.2926799923768149],[109.18507127736189,-1.2871819154933082],[109.18493754061761,-1.282678240330919],[109.18484835256662,-1.2795791796802547],[109.1766391352537,-1.2715215884306454],[109.17607725209845,-1.2693499781095772],[109.17551092394449,-1.2671516840731596],[109.16434092297754,-1.261140816674341],[109.15977033567773,-1.2650380178350036],[109.15948046813523,-1.2678829583479199],[109.15930210216028,-1.269639875162029]]]},{"type":"Polygon","coordinates":[[[109.02645211045073,-1.485540571476781],[109.02712989408094,-1.4876096360440718],[109.03351977903532,-1.487618520400342],[109.0335153347794,-1.4929115096143284],[109.03351089052352,-1.4954397684874865],[109.03898670249515,-1.495221297624905],[109.03899114680824,-1.4952213275576736],[109.04081041666782,-1.499600141117265],[109.04332981621921,-1.4986905099857324],[109.04374450226841,-1.4913641723064979],[109.04379801602678,-1.4904010493512891],[109.04724041601322,-1.4816701064086797],[109.0465582466456,-1.478678060719392],[109.04537204913618,-1.4782143063627264],[109.04358849609585,-1.4775186742919841],[109.0394682304846,-1.480970046624829],[109.03355097952716,-1.4763503640482114],[109.03354653527092,-1.476350403536742],[109.03086221299652,-1.4768855018420888],[109.03012193221477,-1.4770281964065857],[109.02645211045073,-1.485540571476781]]]},{"type":"Polygon","coordinates":[[[109.34847060219079,-0.65104215748865],[109.35071797085729,-0.6614987088438469],[109.35271121341928,-0.6647405226408304],[109.35421833568567,-0.6672019172993001],[109.36306965329533,-0.6719196486108282],[109.39839909599624,-0.6749295637759383],[109.40060194305447,-0.6739707971516277],[109.39589308344532,-0.6675006663485137],[109.39139830470104,-0.6613203598069696],[109.38697046388627,-0.6575301537463191],[109.37403009795827,-0.6547298413166324],[109.37316064176747,-0.6537755817958734],[109.37085970815261,-0.6512517226667773],[109.36519219629854,-0.6522282763697886],[109.36368948754141,-0.653088824936603],[109.36015338413512,-0.6551088231257196],[109.36014893667914,-0.6551088409920062],[109.3538393082906,-0.6529194048615244],[109.35282711780813,-0.6517689315581024],[109.35197095080251,-0.6507879748124122],[109.3518059439141,-0.650600683089814],[109.35161870019172,-0.6503910715589317],[109.34847060219079,-0.65104215748865]]]},{"type":"Polygon","coordinates":[[[109.21371208239215,-1.230890276729346],[109.21940191424913,-1.2366603326389523],[109.22309847819454,-1.2373960863031117],[109.22679062571896,-1.2381318484632882],[109.22837810402066,-1.238443985360688],[109.22876156773496,-1.2385197424515808],[109.23834862732721,-1.2380693836331353],[109.23890151312625,-1.237632445747811],[109.24385110910586,-1.233721777837257],[109.24688780581539,-1.227028656549504],[109.2486491262477,-1.2231492377821143],[109.24905492961592,-1.2227702459314205],[109.25207813958036,-1.2199297593150678],[109.26578990834463,-1.2153681470161322],[109.26797935311298,-1.212679279970356],[109.26990119441558,-1.2103204487629986],[109.26789904213396,-1.2049115528008698],[109.26397952014105,-1.19879811383604],[109.26352914746407,-1.193968894951756],[109.26652123457123,-1.184778664928888],[109.26516121735017,-1.1810999192849478],[109.26104988224434,-1.1790219944307045],[109.25647932453732,-1.1799316337071504],[109.25363884449034,-1.1815414026791833],[109.24963015105394,-1.1838199579723552],[109.24162157933485,-1.1907092760083802],[109.2387053306941,-1.1918330193069009],[109.23569100990076,-1.192987909335567],[109.22472160392866,-1.1941205288280397],[109.22336606488514,-1.195485017751289],[109.22243854057719,-1.1964213776792125],[109.22139514602586,-1.2025793942391205],[109.22036953840738,-1.2085992344246332],[109.22081097677636,-1.2136603033425668],[109.21899613698452,-1.2167638099330949],[109.21463069685812,-1.2242194542153817],[109.21459050063139,-1.2245003912213874],[109.21371208239215,-1.230890276729346]]]},{"type":"Polygon","coordinates":[[[108.83851881162146,0.4983580775269908],[108.83954893575249,0.49533481120633477],[108.84039167593029,0.4928688888494152],[108.84999211464488,0.49088905782563735],[108.85391166415063,0.48586807717976965],[108.85672093718708,0.48411571538729725],[108.85826823527603,0.4831480703788808],[108.85997600895942,0.48028086971807116],[108.86057799707812,0.47926867169112647],[108.86070737024606,0.4783188336578729],[108.8615590402097,0.4719333872022005],[108.8615590402097,0.4719289544550007],[108.86407398855026,0.47390436105908434],[108.86440843979841,0.4741719145821613],[108.86516202141156,0.47475602464318495],[108.86541170456552,0.47494777778804437],[108.8678597682321,0.48185938927873206],[108.86477852144715,0.4949201170081691],[108.86085007062165,0.501541845095387],[108.86348985547711,0.5119003105851144],[108.86254897057498,0.5164798302128213],[108.86181769656443,0.5167562834289351],[108.85957474449364,0.517599066801238],[108.85957030211931,0.5175990805089671],[108.85879887097018,0.5164798386289261],[108.85799172114245,0.5152981883252334],[108.85812109346888,0.5139069602137898],[108.85825037517701,0.5125424800002609],[108.85825037517701,0.5125379740985115],[108.852761197923,0.5138712830302434],[108.85166431443561,0.5121857288691988],[108.85141010697562,0.5117888828740701],[108.85143240905009,0.5116729564194797],[108.85235994074695,0.5072093624651826],[108.85010806689932,0.5046587814247173],[108.84074840867954,0.5043510610169791],[108.84168924185704,0.5013679221679225],[108.84164917163748,0.5013322748414176],[108.83851881162146,0.4983580775269908]]]},{"type":"Polygon","coordinates":[[[108.6965187705076,0.7758880395709286],[108.69989428946803,0.7735113099251063],[108.70293987676249,0.7713620526461789],[108.7038405894423,0.7685305184774511],[108.70505794606761,0.7647090960822605],[108.70669444642583,0.7633267483495814],[108.70826851309626,0.7619890520637697],[108.7089908876534,0.7590370673193904],[108.70921826690928,0.7580917705456466],[108.70743911172528,0.7520987342354409],[108.70886156519644,0.7466006847794192],[108.7139226648294,0.7408618279790118],[108.71992010953458,0.7340706218201452],[108.72676929556103,0.7336692962585339],[108.72808478774671,0.7339769622248995],[108.72882052281,0.7341508661934404],[108.73014037237299,0.7392119702695576],[108.72708142433078,0.7499806711055538],[108.72600682877297,0.7520229086857878],[108.72407153127668,0.7557016713931024],[108.7196748701178,0.7588542666605979],[108.71649112228407,0.7611418216629303],[108.71320028082287,0.7721379534380863],[108.70788951849313,0.7803605393675053],[108.71168863491238,0.788658906520762],[108.71167078157661,0.7912273793652811],[108.7116484875646,0.793938468866294],[108.71070760895901,0.7973051231181654],[108.7095304718106,0.8015010877867663],[108.70496433099486,0.8021477016379989],[108.70495989039662,0.8021521293702703],[108.69770048868303,0.7970286273872065],[108.697611225332,0.7965336877336375],[108.69704048412355,0.793349894498444],[108.69925222441996,0.7885162151268887],[108.70123207199751,0.7841998261105927],[108.70035809945455,0.7795980235848305],[108.6980393271194,0.7773550833720829],[108.6965187705076,0.7758880395709286]]]},{"type":"Polygon","coordinates":[[[110.09921824054997,-2.901978474887138],[110.10060051929179,-2.904738667546263],[110.10723122242682,-2.9042883295477577],[110.11111955563489,-2.908671625066188],[110.11112400880386,-2.908671614271968],[110.11146290413011,-2.9086403959242024],[110.11198010832148,-2.9086002649534826],[110.11409818643934,-2.9084397606429544],[110.11775916974621,-2.9047610110184365],[110.12393052573455,-2.9068389215268198],[110.12680669245147,-2.9099870467884217],[110.12918782923776,-2.9126000670451373],[110.13054780713378,-2.9215807125031845],[110.13674153643542,-2.920541762840347],[110.13741935076527,-2.9204302494241583],[110.14611011563183,-2.922971943943777],[110.15411869782338,-2.918379048377727],[110.15846180129452,-2.921148184370694],[110.16235012977774,-2.920688882348483],[110.1646154070635,-2.9100405297654923],[110.16465103497406,-2.9098710844586884],[110.16571678288845,-2.9088276535113278],[110.1726596317835,-2.9020498258725236],[110.17292266310639,-2.901207116260818],[110.17402850449369,-2.8976799496608674],[110.17357815137244,-2.8919187923673353],[110.17151807325762,-2.889617844379577],[110.15460912025821,-2.8723388517237134],[110.15391356755569,-2.871161684221102],[110.14957930622148,-2.863822001206136],[110.14433094722622,-2.8582926874748824],[110.14433094722622,-2.858288239098418],[110.14090631443578,-2.8612357276799387],[110.13951959755401,-2.862430773371362],[110.129669419628,-2.8849714652806036],[110.12867506623381,-2.8859212961545007],[110.12530839786704,-2.8891184749576566],[110.11440145762934,-2.89439806281538],[110.10999135978166,-2.893702413114181],[110.10999135978166,-2.893697960308179],[110.10175096617463,-2.8969085332454285],[110.09921824054997,-2.901978474887138]]]},{"type":"Polygon","coordinates":[[[109.10580180717253,-1.3067707731335985],[109.10612738097794,-1.3086436112328104],[109.10647962507555,-1.3106813881328787],[109.10922193172937,-1.3118407585569756],[109.11434990075183,-1.3058343332753],[109.11883129836936,-1.3005904423948382],[109.12204187592613,-1.2943878387389416],[109.12248775352995,-1.2940400467082658],[109.12614868427538,-1.2911817566700923],[109.13255200690456,-1.2909721842364867],[109.13847813859765,-1.2925908454902812],[109.14258945435719,-1.2898395625509578],[109.14259389973004,-1.2898395973655268],[109.14352579601837,-1.2900803658100097],[109.14442213113209,-1.2903077807436447],[109.14073891301227,-1.306159911313832],[109.14163959713827,-1.3132989013664542],[109.13917378818032,-1.321387733667438],[109.1384201678484,-1.3238714096501731],[109.14023949134773,-1.3284687287614496],[109.14024393669703,-1.328468762609983],[109.14297293597104,-1.3275635743297456],[109.14366850188246,-1.327331695969644],[109.14609423642067,-1.3239739968775737],[109.15511061298297,-1.3114884865946437],[109.15636805560338,-1.303858995929266],[109.15742037268136,-1.2974601755683048],[109.16381915620443,-1.2965594653032622],[109.16656154593726,-1.29243028072426],[109.16520155369402,-1.289201912021168],[109.1604079542075,-1.2871194898900717],[109.1569120412579,-1.2869277489585589],[109.15173059576405,-1.286637958043241],[109.14803398078945,-1.2846357927272498],[109.14534958585719,-1.283182123269567],[109.1388749526624,-1.2830840625600006],[109.12663475438436,-1.2829011985425711],[109.1266303091719,-1.2829012330489313],[109.10812056198021,-1.294129240518826],[109.1069834534642,-1.3003318497442202],[109.10593116580789,-1.3060707133424765],[109.10580180717253,-1.3067707731335985]]]},{"type":"Polygon","coordinates":[[[108.66725811853537,-1.7198708201044768],[108.6693316745078,-1.721930901998879],[108.67328236392478,-1.7222832066279192],[108.67413851225245,-1.7223590131098832],[108.67555658021469,-1.7219978124310202],[108.68052842404258,-1.720731433645792],[108.68237894989794,-1.7227558697095742],[108.68282932656174,-1.723250800963269],[108.69288908841834,-1.7236610465864015],[108.70104919370904,-1.726492598380314],[108.70120977860377,-1.7265505798315723],[108.7091290914494,-1.7268002557836304],[108.75158868284588,-1.7169411757589952],[108.75622617178118,-1.7168386607087978],[108.76530934488437,-1.7166379520666453],[108.7683281738927,-1.7154473877523573],[108.77238150527782,-1.713851033981166],[108.77623854996078,-1.708540230952723],[108.77507924805313,-1.7053296795029032],[108.76043998542993,-1.703100140603638],[108.73347132946425,-1.7046117409665262],[108.7334668885312,-1.7046117857471585],[108.73115262569026,-1.7045404034068874],[108.7266222036079,-1.7044111417071595],[108.72488755604564,-1.7036664333383158],[108.72461113697433,-1.7035504852831782],[108.7237728180736,-1.7031893516394112],[108.72135149162375,-1.7021414121711138],[108.71475208046354,-1.708379739979279],[108.71068984629552,-1.710239167947508],[108.71019040766657,-1.7104710302439854],[108.70996293719844,-1.7101321182888625],[108.70834880707594,-1.707719788480343],[108.70894629994774,-1.7068547351457095],[108.70994064328744,-1.7054099248115182],[108.70871438958814,-1.7028058134546478],[108.7083219819973,-1.7019719613678528],[108.70261879618702,-1.7052182095207096],[108.69884197397542,-1.7055214269134575],[108.69028046587283,-1.7061992399523815],[108.68368105647018,-1.7108322052515856],[108.6836766161241,-1.710827741185603],[108.68138902933796,-1.7101499730416319],[108.68036349833079,-1.7081790604792315],[108.67792876834247,-1.70350145491017],[108.67289896452374,-1.7035192868809865],[108.67154778155488,-1.7069795905352116],[108.67363912236091,-1.713168773201136],[108.6717350856141,-1.714461937486277],[108.66885005174821,-1.7164195060083747],[108.66753458595517,-1.7192688607574558],[108.66725811853537,-1.7198708201044768]]]},{"type":"Polygon","coordinates":[[[110.0302715486608,-2.7439881177040646],[110.03895793199986,-2.7440014991761683],[110.04634666801739,-2.749080360469011],[110.04902205867667,-2.750921988972584],[110.05564828573358,-2.7502308552780117],[110.06021889836441,-2.7543777778902268],[110.06479835540198,-2.7539185205489227],[110.06890965030826,-2.7580699736288947],[110.06995308566928,-2.7581591509190004],[110.07166091693637,-2.758310710847695],[110.07663285296664,-2.7552829978491187],[110.07921021075974,-2.753708919136965],[110.08766909121279,-2.7567098950862072],[110.08972920898998,-2.756259523064632],[110.09101341172462,-2.754930734779287],[110.09705103998694,-2.7486701712299415],[110.10826126291724,-2.745232179062859],[110.10947861015522,-2.743225605685837],[110.11078066046761,-2.741089695239883],[110.108038332732,-2.7334913967643195],[110.10872948014416,-2.73049043191],[110.1090906401434,-2.7287870490527437],[110.109411721893,-2.7272709002343625],[110.10581766825653,-2.723306800742833],[110.10209876337478,-2.719208893604477],[110.10621899594621,-2.713920384331057],[110.10576859287485,-2.703789268216043],[110.1085288155816,-2.7010291308158263],[110.11592644921157,-2.701689054980959],[110.11593090240974,-2.701689049693496],[110.116430296948,-2.7002889228331],[110.11697876795591,-2.6987415654983793],[110.11630097236073,-2.6927485545231176],[110.11295226415727,-2.69045213868296],[110.11058890167342,-2.6888289884193983],[110.11020093107244,-2.687656300372835],[110.1096703686583,-2.686068821516583],[110.11149852949934,-2.680780342472619],[110.11113291514187,-2.6792820539673836],[110.11082073897077,-2.6780201816292144],[110.11081628580364,-2.6780201862604605],[110.10464049616937,-2.6784705064470202],[110.1000698729864,-2.67592882430881],[110.08452099107916,-2.6802898614965542],[110.08151112906708,-2.6833086841764153],[110.07994149830478,-2.6848915991001783],[110.07536203478458,-2.696159775422339],[110.06986838941332,-2.6950093361640337],[110.06778152046928,-2.6979256075845104],[110.06574818318596,-2.700761537302304],[110.06564113211502,-2.7008061513514967],[110.06300139230827,-2.7018986574866832],[110.05682110633118,-2.7226111544223044],[110.05496164225293,-2.7256389297406534],[110.0531512548518,-2.7285908235044114],[110.04960628225807,-2.7314981610526563],[110.0467479623353,-2.73383918265456],[110.04572682504862,-2.7346775030055284],[110.04446042422865,-2.735720932836263],[110.03707170813762,-2.73858364652826],[110.0302715486608,-2.7412190140834083],[110.0302715486608,-2.7439881177040646]]]},{"type":"Polygon","coordinates":[[[109.40565850708403,-1.2556694830054969],[109.41267266177724,-1.2663846663486489],[109.41591003913076,-1.2713298077236268],[109.4194237574313,-1.2745359493141744],[109.42298216217836,-1.2777821818877562],[109.43256029679704,-1.2842389664166656],[109.4366938756529,-1.2886534582488223],[109.4405420787521,-1.2927603046943181],[109.45012027459298,-1.296920603915068],[109.45191728449194,-1.2983742683675383],[109.45923911017894,-1.3042915124249996],[109.46791208691242,-1.3070695267958572],[109.4719296582281,-1.3074396518428746],[109.4857216766916,-1.3087104640284366],[109.50351799029993,-1.3147303021782994],[109.5055781164922,-1.3122019339257918],[109.50625142026634,-1.3100615755849125],[109.50737059905532,-1.306516635018698],[109.50832935232587,-1.3034710395477633],[109.51014417903757,-1.3009561150553504],[109.51314066794502,-1.2968091780826128],[109.51269034006974,-1.2960511317156223],[109.5124495600827,-1.295649787212216],[109.52068108445518,-1.2885419583918523],[109.54376132687614,-1.2710980028644343],[109.5508290301804,-1.2676510508846603],[109.56112957665779,-1.2626211921545927],[109.56167356086405,-1.2615287650416656],[109.56203921372006,-1.260788508807742],[109.56504462270249,-1.260213269149776],[109.56797876946999,-1.2596514336955034],[109.58284542565885,-1.2516295042574481],[109.58329127276664,-1.2513887171335747],[109.58388431355219,-1.2510765981890168],[109.61230217700314,-1.2360315938155308],[109.62823453284902,-1.229521316596328],[109.64314133194792,-1.2234301949836552],[109.65638041932725,-1.2218516481100805],[109.6641392450229,-1.2225517486007065],[109.66681472695112,-1.2201170384742357],[109.67397156718543,-1.2135978750062804],[109.67961680170505,-1.2051656923219527],[109.6819712168462,-1.2016519141507718],[109.68688069962955,-1.197264139068555],[109.69019821412729,-1.1942989052406459],[109.69573643916495,-1.1910704517623556],[109.71693057219095,-1.178709829979055],[109.74590130577337,-1.1666078882643227],[109.76739864544031,-1.1576317110631362],[109.7712780630112,-1.1546084141793946],[109.77563011848243,-1.1512105909201906],[109.77679398440608,-1.1496186976967202],[109.77821200907937,-1.147678952429531],[109.77950958952891,-1.1459220801964507],[109.77792215442581,-1.133499017690949],[109.77325343373224,-1.1272117141942835],[109.77314198003016,-1.1270600945532687],[109.76812104414282,-1.1242909991465775],[109.76675209344094,-1.1235998393646573],[109.76507994500597,-1.1180527064676904],[109.76425054877376,-1.1153103845284973],[109.76272555635771,-1.1137674971366682],[109.76014818365688,-1.1111678739387651],[109.75911814603467,-1.107422197873871],[109.7590110549243,-1.1070297725323384],[109.75966214010785,-1.1048002558450598],[109.76029978281959,-1.1026108331792286],[109.76381800243011,-1.0907094959954375],[109.76635079192111,-1.0755306912323133],[109.76619919121372,-1.074670122809348],[109.76430850019777,-1.063812226658388],[109.75693318238666,-1.041712910105595],[109.7527103349604,-1.0290713647186007],[109.75293777627614,-1.0226279230087543],[109.75605919918557,-1.0132415063309623],[109.7577491252576,-1.0081492360307065],[109.75666114112511,-1.0053355790508256],[109.7561483050837,-1.0040111916155197],[109.73401784770789,-1.0000693507439047],[109.73285842574863,-0.999601158519767],[109.72967908728374,-0.9983124650037076],[109.72604045359301,-0.996840977976845],[109.71891039248126,-0.9915033853952364],[109.71463859215594,-0.9883107325734551],[109.70733901192185,-0.9855416016670168],[109.70234479718006,-0.9866920145330396],[109.70139950877743,-0.9869105676485251],[109.69703846885578,-0.9910039829287244],[109.69455030141151,-0.9933405899650508],[109.6842498066499,-1.0172279727267788],[109.6799110576544,-1.0213704626907214],[109.66826835629445,-1.0220393306126843],[109.66399212113038,-1.0161042567299496],[109.66096882446611,-1.0119082539877216],[109.6555019570738,-1.010748864879597],[109.65061481506784,-1.0116228780459464],[109.6491121005818,-1.0118904397041584],[109.6491076506567,-1.0118903989160943],[109.64180809574653,-1.0102717575823634],[109.63677822506311,-1.0118681392332818],[109.63663101755184,-1.0109763284113742],[109.63541821440147,-1.0038194741143087],[109.63282297894212,-0.9985710586413825],[109.62835939852378,-0.9895503221370701],[109.63041955000662,-0.9867901175477488],[109.62906400470308,-0.9848504425217617],[109.6276905728929,-0.9828794995817907],[109.62266963890885,-0.9796511117837391],[109.60259026576544,-0.9798518006208654],[109.59847898739076,-0.9777694016349925],[109.5969093998363,-0.9775597966959343],[109.58456216604995,-0.9759099692619683],[109.584557716647,-0.9759099274141895],[109.56331895528237,-0.9908211898873779],[109.55370516921053,-0.9945667983210951],[109.5468783140918,-0.9972288757103485],[109.54217392130214,-0.9980627259884963],[109.54048836927399,-0.9983615459018801],[109.53956533115014,-0.9982589296446549],[109.53409850153862,-0.9976614284978471],[109.53160135685206,-0.9961007396856351],[109.52930052219097,-0.9946604657625048],[109.52929607324846,-0.9946604242895499],[109.52553255374643,-0.995213362239284],[109.52155061219497,-0.9958019692107728],[109.51875917631871,-0.9954318515310446],[109.5144695006057,-0.9948700523350977],[109.50861026010475,-0.9893139707698028],[109.50717893940367,-0.9879584616045971],[109.49714146527926,-0.9870219981404199],[109.48892783506896,-0.9828706289459906],[109.48095936761976,-0.9736536504274382],[109.47728952540228,-0.9766412347991233],[109.46586082633274,-0.9959313017365713],[109.459689482199,-0.99684098644251],[109.45663048265621,-0.9955255008495714],[109.45377221933838,-0.9942993025891528],[109.45376777104529,-0.9942992609571181],[109.45227396379819,-0.9945445129316848],[109.45102989941994,-0.9947496580464312],[109.4503120037622,-1.0136116270573219],[109.44598222846992,-1.0135982753770496],[109.44094786159087,-1.018641533710831],[109.44232571009108,-1.0201085173062847],[109.44505028083663,-1.0230203636253197],[109.44443933226712,-1.0240503699865116],[109.44138932100905,-1.0292184757343086],[109.44448390516158,-1.035751057070576],[109.44934881960542,-1.0460292895650563],[109.44975016124532,-1.0528294295190337],[109.45068211751963,-1.0685611294145447],[109.44406032665299,-1.11876613017126],[109.44307037440615,-1.1262619201904793],[109.44007837920924,-1.1382212456066136],[109.43660917938486,-1.1461316766989567],[109.43591799300897,-1.147705728631303],[109.43503953225958,-1.1496989241773543],[109.43914190351364,-1.1595981212803428],[109.44071156340149,-1.1747813773032445],[109.43261830374118,-1.212095122496328],[109.43128941081002,-1.2182308415077068],[109.42662973482207,-1.230921460532614],[109.42394974400389,-1.2382209863590328],[109.42323633491345,-1.2394874301663188],[109.41616865623413,-1.2520085706577384],[109.4084098383545,-1.2499217202165283],[109.40567194145906,-1.2508402453648586],[109.40565850708403,-1.2547419850106505],[109.40565850708403,-1.2556694830054969]]]},{"type":"Polygon","coordinates":[[[108.78565177522513,-1.5825215926356229],[108.78591482309717,-1.58338219586053],[108.78635181652848,-1.5848091183819932],[108.79024018240335,-1.586178042428903],[108.79530571283127,-1.5846262776572824],[108.79708047248671,-1.5840778259461163],[108.79708047248671,-1.5840822478444347],[108.79773593636088,-1.5847288418456456],[108.7993813540689,-1.5863608682955042],[108.79097150447329,-1.59468156055199],[108.79366475400865,-1.5949045350415607],[108.806520310311,-1.5959791341643372],[108.80939650677301,-1.5943872482889068],[108.81152794618656,-1.5932011076070975],[108.81249998359617,-1.5916359879692463],[108.81583092747069,-1.586280589320403],[108.82057098788802,-1.584488016883691],[108.82198896504663,-1.5839485253158672],[108.8273265047345,-1.5833376126897134],[108.83129958721867,-1.582878309773796],[108.83643645150934,-1.5845861364068576],[108.83892014541492,-1.5854111137923033],[108.83746647954729,-1.5858792858938617],[108.83001982366015,-1.5882782962097786],[108.83001538161778,-1.5882782679964589],[108.82663092253897,-1.5881623644209144],[108.82430322863816,-1.5880820904697721],[108.82429878666042,-1.588082062235002],[108.8206601892152,-1.5915378693056934],[108.82080731705835,-1.5934374656925785],[108.82090984425709,-1.5947618048737302],[108.82689844006026,-1.603929699452208],[108.8230413463711,-1.6094590310128618],[108.8261537246747,-1.62072271750974],[108.82652830319248,-1.6220916188484844],[108.82727301928804,-1.6228006280079534],[108.83249903504604,-1.6278081996946652],[108.82293872796285,-1.6356695943959696],[108.82084747580762,-1.638505594077886],[108.82021871536544,-1.6393617500547464],[108.82020085698815,-1.6397184982519606],[108.82013839799983,-1.64084218877685],[108.82000912877551,-1.6428086546337053],[108.81670942388521,-1.643241136055064],[108.81270956616527,-1.6437584166768109],[108.80837978716714,-1.6479187352425122],[108.8085982511244,-1.6479856248775155],[108.81731134600088,-1.6506388241800818],[108.82087866003111,-1.6598067541883246],[108.82355860882691,-1.6667004691600509],[108.83158052475024,-1.66688780307203],[108.83265070004937,-1.6681720204597337],[108.83616892750486,-1.6723813919530384],[108.83897816524264,-1.6717526653262214],[108.8414217142917,-1.6712086804990374],[108.84646941249068,-1.6755518360024217],[108.8464738547183,-1.6755517916857836],[108.85440213185447,-1.674958767407149],[108.85972188683884,-1.6745618935475175],[108.86068062526395,-1.6741115030896239],[108.86269167161095,-1.6731706513783633],[108.86393128701889,-1.6735050843325616],[108.86519765156883,-1.6738484587644331],[108.86520209400597,-1.6738484144433659],[108.87086071115637,-1.6715430496670045],[108.87547141830892,-1.6696613401313258],[108.88638727860298,-1.6644709711601857],[108.89940787425503,-1.6582816818464865],[108.90248467215717,-1.6570510206877382],[108.90351024644275,-1.6566407468054667],[108.91586195188819,-1.6595704286772093],[108.91786855924651,-1.6591334020311828],[108.92020069737477,-1.6586294969369568],[108.92856150425648,-1.6505986735666671],[108.93681085776943,-1.6426793330435938],[108.93973596116076,-1.6416358735217087],[108.94136799983869,-1.6410517519570538],[108.94326764010563,-1.6412791681458758],[108.94684822612223,-1.641711693596707],[108.94844909894475,-1.6402223398745246],[108.94958170164314,-1.6391700173958477],[108.9489707849722,-1.6355046023217203],[108.94816817043173,-1.6306709763939724],[108.9559314075795,-1.6297077681288978],[108.95863810127013,-1.622809539354003],[108.96726204238722,-1.6110419958503146],[108.97019162427368,-1.6034392587452866],[108.96764999201909,-1.5995419458005204],[108.9659510147296,-1.598659096650766],[108.96238821807715,-1.596808558519393],[108.96113968674834,-1.5951631594645166],[108.96031029694497,-1.5940706404613136],[108.95981979155718,-1.5887821554687374],[108.95925347574536,-1.5883852735761794],[108.95866040925894,-1.5879706237515094],[108.94469004107359,-1.5782809626930978],[108.94293312359814,-1.5779153413338267],[108.94147953511168,-1.5776121307704516],[108.93986980295902,-1.5746289541561054],[108.94167123076559,-1.569099662126363],[108.938902171268,-1.5647520515089992],[108.93574067667458,-1.5637086543242182],[108.93272184165461,-1.5627098200552325],[108.92961824643177,-1.558134789630218],[108.9265103223716,-1.5535508231322692],[108.92023633240404,-1.552007940416768],[108.91460005210425,-1.5506211760988018],[108.91059576550673,-1.5522844521498553],[108.9073004782182,-1.5536489243167284],[108.90502635302461,-1.5499166436672558],[108.90268976867196,-1.5460818117538715],[108.89765994723668,-1.5440395525725024],[108.89264786883128,-1.5468220554302041],[108.89264786883128,-1.546817569898024],[108.89053875077676,-1.5447306963731615],[108.89035143130877,-1.5445389929385938],[108.89222870997818,-1.5401779823763033],[108.89283074662468,-1.538777839408771],[108.89264342608968,-1.538648524758523],[108.88892894861236,-1.5360398908055783],[108.88529039334271,-1.5388090478189795],[108.8843316865278,-1.5411009918667997],[108.88326146271142,-1.5436516072902287],[108.88306970400154,-1.5521595479761296],[108.87898966252193,-1.5581481655094236],[108.86694117595572,-1.5701698818733012],[108.86237054902126,-1.5692691625942214],[108.86254452816743,-1.566384088308619],[108.86258015809055,-1.565817792869273],[108.86005189205011,-1.5617020383765137],[108.86004735900963,-1.5617020104370336],[108.8575279937733,-1.5621702677292177],[108.8544957831504,-1.565019634515595],[108.85162859483262,-1.5677084672275452],[108.85101773572393,-1.56934942717617],[108.84914046949382,-1.5743881674847973],[108.8477046256623,-1.5751774471044278],[108.84618402213515,-1.5760202357277062],[108.84617957991077,-1.5760202072585179],[108.84363791049293,-1.5716592369671705],[108.84453868003726,-1.5700494903062912],[108.84353084452313,-1.5675300803259318],[108.84270151486048,-1.5654610335951287],[108.84269707267524,-1.5654610749936666],[108.83769837674289,-1.5721497439971186],[108.83563823149105,-1.5710082144962092],[108.83516111335815,-1.5666516812391686],[108.83272204517274,-1.565889156001832],[108.83080905753387,-1.565291608098013],[108.83077787252192,-1.5650776119880332],[108.83056828029638,-1.5636818521051983],[108.83285131858044,-1.560908294560493],[108.83283799235763,-1.5596285502562295],[108.83282901755476,-1.5583800135822756],[108.83099190691244,-1.5572384969539326],[108.82177937751038,-1.5595527812821048],[108.82164113319764,-1.5595884303172642],[108.82163224930248,-1.5596018387176545],[108.81942941212633,-1.5645113077075226],[108.81930014313586,-1.5647966738413308],[108.8191484832877,-1.565122164593459],[108.81668712377643,-1.5663752077280615],[108.8150506074718,-1.5672090479349061],[108.81381096429854,-1.56930482908173],[108.812330559015,-1.5718197533093137],[108.80615028336048,-1.5700093233650436],[108.80257403902931,-1.5701921924181994],[108.79609940893043,-1.5705221423532452],[108.78698949606706,-1.5779197620164682],[108.7862448568793,-1.5804748641964868],[108.78565177522513,-1.5825215926356229]]]},{"type":"Polygon","coordinates":[[[108.83900046661617,0.8146019673557725],[108.83968709570136,0.8110524943893578],[108.84019993787678,0.80839937235298],[108.84457875054977,0.8029280470374411],[108.84394115846484,0.7976395459855552],[108.84590760708546,0.7948972036185117],[108.84667901316244,0.7938181152053178],[108.85063869168349,0.7882798811680718],[108.85405880439814,0.7885518954803663],[108.85586474459632,0.7902730765751524],[108.85745220182466,0.7917892097975401],[108.8591912499127,0.7917044565932776],[108.8615590402097,0.7915885402213686],[108.87214940094186,0.781350454284243],[108.87981009196113,0.7662608133405757],[108.88141541493891,0.7593982739522704],[108.8821690286211,0.7561788183272828],[108.88113897543398,0.746524888685158],[108.8800598749343,0.7363982474673756],[108.87490957194308,0.7251078047749435],[108.8733265783597,0.7245905211790589],[108.87057983644765,0.7236897821547915],[108.87094094815754,0.7214156488615734],[108.87131112653101,0.7191013990779538],[108.87017402814712,0.7160870123985599],[108.86975035964439,0.714958912872644],[108.87094094815754,0.7085377868385954],[108.87282720230326,0.7083059096231346],[108.87619827478319,0.7078912131352272],[108.8787488560567,0.7059737881557622],[108.8819415481147,0.7035792599657343],[108.89218410127457,0.692721319784606],[108.89804783079197,0.6865008708734758],[108.90237768108999,0.6785324625353548],[108.9101007861299,0.6643213141100114],[108.91637480097761,0.6417092367755036],[108.92115939862697,0.6244613997120179],[108.92491397846354,0.607548079039519],[108.92543119139145,0.6052114963005831],[108.92521266340877,0.6021525404431872],[108.92318824751248,0.5739621193096077],[108.92188171300822,0.5677238035647028],[108.92078037904034,0.5624621138257695],[108.91996430935882,0.5579048738227748],[108.91995986631726,0.5578692210894204],[108.91995542327572,0.5578468924607807],[108.91946043248538,0.5551001186684786],[108.90425936794847,0.5193693308509463],[108.9031000526844,0.49479967405183173],[108.90352810855883,0.4921376176649994],[108.90478997385387,0.4842494352764675],[108.9068456702912,0.48132428481267225],[108.9084821107712,0.4790011090437342],[108.92397304070963,0.4660652577446065],[108.92617137646232,0.46422806815872203],[108.92927050232994,0.45925620551246504],[108.93657001690616,0.4475599797842887],[108.93893780793017,0.44163380834026417],[108.94122980495716,0.4358904890876364],[108.94225538619175,0.42494790049743436],[108.94349053035612,0.41179795727622176],[108.9417291747392,0.4042086225273009],[108.93715860828705,0.40394105457790475],[108.93628465331075,0.4031651825235728],[108.93558906337866,0.4025498027473731],[108.93652096010614,0.40048969012992397],[108.94073932231872,0.39840731383033634],[108.9420100988461,0.3977785491413196],[108.94238913813334,0.3967307030016987],[108.94341027897045,0.39389019885324567],[108.94107374635759,0.38258192196560287],[108.94056095689764,0.38008929627457194],[108.94007038438083,0.37902804200455176],[108.94000799738198,0.3788987210813392],[108.93962451704095,0.37807828788690484],[108.92197093696753,0.34021158637754806],[108.91118885296788,0.32129161919001137],[108.91167041414839,0.31785812389829987],[108.91799786017806,0.3132786023353731],[108.92107915162761,0.31104906729577836],[108.9210835946814,0.31104905902770225],[108.93224914191454,0.3111516020261597],[108.93507619010987,0.3098049887083452],[108.93888875084643,0.3079901375864976],[108.95350122022046,0.30628226356215155],[108.95350122022046,0.3062777850327722],[108.96164796767721,0.31231989801404997],[108.96357880612126,0.31169560726236845],[108.96439931543838,0.31142805523349076],[108.97378124048414,0.30870357839087964],[108.99892166422678,0.3013906723452946],[109.01095226721016,0.2965569890050912],[109.02408880994972,0.2912818326015016],[109.05796016890467,0.2707209547813584],[109.06510808963691,0.266377789380832],[109.0864493349395,0.24933954613171397],[109.09864940469039,0.23566797226246428],[109.10329583134676,0.2292156418215882],[109.11179044451771,0.21742133808106073],[109.12267064058823,0.19753815105501618],[109.12877508402835,0.1825377881277527],[109.13012181056271,0.17923803332968408],[109.13291316272803,0.1651873651214347],[109.13310938994199,0.16418857007378762],[109.13311383521969,0.16418410919266907],[109.13322088477783,0.1636579418724059],[109.13340368556625,0.14077380820765095],[109.13343044797091,0.13726897305259408],[109.13622182102942,0.1313205032558295],[109.14133195995925,0.12675885462259384],[109.14793137308104,0.1208683734048127],[109.15740259059788,0.1065323648138247],[109.1592396831584,0.10374989119293866],[109.15972125324181,0.10008007343339602],[109.16318153281155,0.09317291048103865],[109.1692281044138,0.08111105531350576],[109.17476186941033,0.0731203270896945],[109.17907820439869,0.07015950465067067],[109.19196058782249,0.06133045752307784],[109.19606740383364,0.05750009279997269],[109.20000032087941,0.05383026186793594],[109.19823011384055,0.04836788365069719],[109.19798930814707,0.047618719745708714],[109.19551003314425,0.04484071504656092],[109.19575972932154,0.04208945413872],[109.19701274891426,0.040644677222987285],[109.19851991558672,0.038901201853843465],[109.19510872304271,0.03704178373318067],[109.17840045704354,0.046990002645056726],[109.17553324317578,0.046102633518912334],[109.17385213637253,0.04558096248310257],[109.17481530845824,0.04367246544904293],[109.17663015310183,0.04009179771234304],[109.17629128113944,0.03869609403436898],[109.17573838055252,0.03640857001163527],[109.18079054171636,0.032319532158566935],[109.17992543539131,0.03143667386712265],[109.17921203013489,0.030700888136750724],[109.17625117903924,0.030451176983417844],[109.16871086831071,0.03268075284293027],[109.16819354207695,0.0324800726158504],[109.16689151932728,0.03198069367296192],[109.16587038992374,0.017738310858451792],[109.16483583533694,0.014313698903550968],[109.16051056478723,3.3603207637921625E-8],[109.15796889586963,-0.0038705166593035237],[109.15874477699143,-0.008485663091425608],[109.15955186898036,-0.013288122382831379],[109.15817393448219,-0.024926372440717173],[109.15677831290178,-0.036711799629635326],[109.15789749527755,-0.04039502065375413],[109.1585886389726,-0.04269140587704479],[109.16132210552469,-0.04476045991042108],[109.16797062564284,-0.046454923739646374],[109.16860825585177,-0.04661987294291152],[109.1690675171017,-0.047034586184845385],[109.17293805022902,-0.05053051748757903],[109.17564919432193,-0.06087119161996373],[109.17427130106202,-0.07006136297523384],[109.1747038939479,-0.0712831881275148],[109.1763091547011,-0.07580024781180776],[109.1908591947857,-0.09513042852861332],[109.18667657503593,-0.09675359495886897],[109.18379152540537,-0.09786837041031447],[109.18195877812566,-0.10200194573497277],[109.1818963559732,-0.10364734765824588],[109.18171807182078,-0.10844084544457343],[109.18360870399346,-0.11809928070065909],[109.18273025494697,-0.11839802846138815],[109.17973372406236,-0.11941915948517774],[109.17972927832025,-0.11941916270828101],[109.16897833219554,-0.09899206958027502],[109.16695393939648,-0.09250853658795118],[109.16488936392923,-0.08589122602843999],[109.16542002315028,-0.07237121031809028],[109.16561172837139,-0.06751079560455787],[109.16516580745592,-0.06628902562142056],[109.16401984263953,-0.06314088258544563],[109.1627623784864,-0.06229364382645211],[109.16196870812571,-0.06175853837412806],[109.15878043199118,-0.06266818665978956],[109.1555074418947,-0.06595456801390061],[109.15147194239958,-0.07000788667978276],[109.14109563015685,-0.08590455853402598],[109.13890171539789,-0.08927123170102462],[109.1295286879222,-0.09843911186107399],[109.12986316980273,-0.10255038543319321],[109.13042054944741,-0.10947092585682117],[109.12985872455774,-0.11231136902823158],[109.12984085285896,-0.11240503812329573],[109.12950192575393,-0.11405937844167514],[109.12493133410972,-0.12163089446286532],[109.1248511391651,-0.12348140364147255],[109.12469056788319,-0.12736976863010013],[109.12675513801224,-0.13144089761647842],[109.12901140724888,-0.13588216670318784],[109.1290025167761,-0.13949403441300082],[109.12899807153978,-0.1420892736727613],[109.13191878288755,-0.14488958979591332],[109.12964907233983,-0.14719049334125814],[109.12708508185419,-0.14641458965905382],[109.12489123663558,-0.14575018497367107],[109.12283112041574,-0.14850147037093384],[109.122349590391,-0.15745979038652352],[109.12347766692736,-0.16030911744170698],[109.12507856988881,-0.1643580060829267],[109.12461926336661,-0.16758195502351583],[109.1294974805126,-0.17234870962226345],[109.13362213941156,-0.17637976202016012],[109.13055880583536,-0.17947878449962487],[109.1285699682762,-0.17740086834331736],[109.12620220820662,-0.17493051200630907],[109.11969637666402,-0.17378451725023225],[109.11434101057532,-0.17283922582075484],[109.10774155571806,-0.16822853231573093],[109.10451756647156,-0.16855850988532134],[109.10112868411824,-0.16890184194631877],[109.10021456668296,-0.17002551269903565],[109.09908192368238,-0.17142120634119798],[109.1004286497847,-0.17670973760812447],[109.09927813577431,-0.1815299996656176],[109.09820355135484,-0.18064712458713317],[109.09563058285046,-0.1785379600789758],[109.09562613795256,-0.17854242409140617],[109.09404765779956,-0.17864939259312293],[109.09245131319938,-0.1787609094561845],[109.09024403491493,-0.18144976800433618],[109.089249661208,-0.18265818423027802],[109.08331902498625,-0.18264033118491788],[109.08239152000431,-0.18557883458088723],[109.08194114788597,-0.1870102228086229],[109.08210170345147,-0.18737588110076298],[109.08376050898427,-0.1911393596483801],[109.09173786752727,-0.19184835561786334],[109.09789140893503,-0.19645909386568258],[109.12354017161451,-0.19765856673635163],[109.12331274168517,-0.20049899341143196],[109.12301845279264,-0.20420898994306363],[109.11757387164066,-0.20411532797470439],[109.11611124784922,-0.2040886056512701],[109.11371225783363,-0.20506514088078837],[109.10994883183888,-0.20659904344135804],[109.10065153217643,-0.21528982636814997],[109.10064708722733,-0.21528983215188283],[109.09632625528516,-0.2123557694054037],[109.09625940029042,-0.21231115441844686],[109.08303809735077,-0.21090213095622032],[109.07113235776963,-0.22307542020065368],[109.05949851649795,-0.23496785637505996],[109.05125808099474,-0.2496516934104218],[109.05050007773792,-0.2548643478167213],[109.04918906271253,-0.2638895758827389],[109.0519135911764,-0.27159940662943916],[109.0523594874267,-0.27286134058760686],[109.05737149843729,-0.278390569240023],[109.06124204423979,-0.2804685493821773],[109.07012904800249,-0.2809501454713206],[109.07028506383318,-0.2811641475053007],[109.07127059537108,-0.282559837927414],[109.0740084165232,-0.2828006803677483],[109.07498497648668,-0.2794518822326226],[109.0751499741573,-0.2788900295739317],[109.07501617999955,-0.2784530210127968],[109.0741689691427,-0.2756794416675849],[109.06950924846086,-0.260571998191197],[109.06974109492877,-0.2591584996629083],[109.07027172991985,-0.2558899902100082],[109.06959841318708,-0.251774202190704],[109.06888935910425,-0.24745781965501387],[109.06889389443431,-0.2474622812009376],[109.07315231830945,-0.251774219860702],[109.07748208101462,-0.25614862864189036],[109.08681054344794,-0.2610001294019004],[109.09066321101196,-0.262346744551667],[109.09341893426675,-0.26330989395754567],[109.0934233791421,-0.26330988688679646],[109.09622810453658,-0.2632519262992609],[109.10345185910522,-0.2631003279154438],[109.11030107901266,-0.2612810477093296],[109.1117993346425,-0.26005477907605673],[109.11394857296267,-0.2582979064745096],[109.13245829332162,-0.23812043103087402],[109.14916212280482,-0.23350975716002983],[109.15680054047515,-0.23140059924342837],[109.15980154521465,-0.2313871901361984],[109.17124806181712,-0.23133818826436267],[109.170432057449,-0.23170826158525906],[109.16686030929593,-0.2333091168142002],[109.15704132413686,-0.2341696694017984],[109.1529389471614,-0.23453089221619586],[109.13942789832238,-0.23964992299204857],[109.13553515740891,-0.24180811412104647],[109.13093774105238,-0.24434984307160068],[109.12206863764139,-0.25217998947229314],[109.11463084856595,-0.26313156732470594],[109.11308350599337,-0.26425523306646576],[109.1096010299886,-0.26678798359361366],[109.10094145181118,-0.2697577619259038],[109.09111803703756,-0.27525140541993104],[109.08899993425175,-0.27737837833435536],[109.08792083969115,-0.27846195113377264],[109.10214086481254,-0.29858140130341354],[109.09880107656993,-0.3131805199770316],[109.10025475261314,-0.32312428667090504],[109.10037957394576,-0.3239804482627363],[109.10401818590853,-0.3295097233850984],[109.1044239495814,-0.3324126305139161],[109.10536039152822,-0.3391592240946165],[109.10774600073933,-0.34250356873465476],[109.11126864893693,-0.3474486818907799],[109.11462195838374,-0.3496336583513754],[109.11514811233519,-0.34998146941262537],[109.1206194250647,-0.3511408454409572],[109.12769153687903,-0.3530002460610693],[109.13576250291557,-0.3584091871712747],[109.14238877757188,-0.36285041354027847],[109.14118925484661,-0.36899951167055556],[109.14065862447785,-0.36902629437845946],[109.12036078988254,-0.3699894449411477],[109.10487878997024,-0.35341049811178826],[109.10146314435504,-0.3534015708364442],[109.10145869939767,-0.353401580330832],[109.10028595794293,-0.35599229894193385],[109.09917118520562,-0.3584492914828564],[109.09387820805506,-0.38416937442883087],[109.0972983298821,-0.3956382175295629],[109.100392908785,-0.40601453613347416],[109.10362131257119,-0.41682786843188896],[109.10347861968567,-0.42908593220976393],[109.10334935249018,-0.4402604299868638],[109.10537817151679,-0.4508418460631004],[109.10503935400199,-0.45511367120917434],[109.10467813037057,-0.459568301451994],[109.10689872607124,-0.4878390439592303],[109.11483151272672,-0.5175098690974614],[109.11483595781993,-0.517518786318884],[109.11580807357137,-0.5194183850579337],[109.11801085446274,-0.5237303590478238],[109.11823828165046,-0.5241806948833238],[109.12432941879014,-0.5324211001794924],[109.13439806874709,-0.5460481239381184],[109.16582130681867,-0.5766910860933795],[109.17197043650128,-0.5801513623069485],[109.17701366392771,-0.5798258018773186],[109.18223976864861,-0.5794914235040406],[109.18840218793285,-0.5762808173856375],[109.1913809021675,-0.57215168180777],[109.19184018662445,-0.5654898295657231],[109.19048011804267,-0.5595101444684124],[109.18692182052845,-0.5530979821101226],[109.20063799632977,-0.5521794117639677],[109.20922175015737,-0.5582080797475935],[109.22263026991499,-0.5676213011004339],[109.22559115089511,-0.573600917110233],[109.2262421099124,-0.5805794403978345],[109.22671032187509,-0.5855602237550595],[109.22989862209984,-0.5903894645047909],[109.23297987116159,-0.5923514402463813],[109.23605215750524,-0.5943089702347667],[109.24402950824846,-0.5964003316202424],[109.25225209544104,-0.5918208320984035],[109.25816935577895,-0.5973500632715398],[109.26310109871967,-0.5978183223753748],[109.28029540885252,-0.599459271298678],[109.28029985556628,-0.5994592550253817],[109.28428176848783,-0.5957804779951669],[109.28898173591186,-0.5914418014608804],[109.29847510489991,-0.5924941643099277],[109.31429157686676,-0.5942510382097469],[109.31628920637586,-0.5937248665741159],[109.31863026708251,-0.5931095187723167],[109.32502910378824,-0.5876114298567217],[109.33047360498227,-0.590162018451567],[109.33094183006621,-0.5903805410868579],[109.33179351260534,-0.5903047403272184],[109.3387095864041,-0.5896982641470266],[109.34942923376059,-0.584900253184569],[109.36038973471118,-0.5837721175136094],[109.36859899468381,-0.5863093817623249],[109.37134131490112,-0.584021830687587],[109.37295106121276,-0.5757501856384487],[109.37796749486738,-0.5771414464409342],[109.37797194248543,-0.5771414306844589],[109.38662708345568,-0.5750902946775355],[109.38663153115203,-0.5750902789691928],[109.38451797221387,-0.5778192102484941],[109.38183802701896,-0.5812794989559342],[109.38184247467204,-0.5812794830829516],[109.38977079786277,-0.580392130299677],[109.3912690479663,-0.585118798321305],[109.3829706367925,-0.5902512349123263],[109.37976006974249,-0.5946122313792089],[109.38002320637914,-0.5955708973028031],[109.38090157001841,-0.5987502507906876],[109.38750110194518,-0.6081901654719498],[109.40448581462499,-0.6247735424392334],[109.40730839628924,-0.6275292853388379],[109.41141970870113,-0.6289205077668099],[109.41142415661999,-0.6289205588204743],[109.41945943212889,-0.6280242369006913],[109.42556846654966,-0.6273420293532467],[109.43584219314228,-0.6248315324272083],[109.44049305802855,-0.6226867377223615],[109.44427883356761,-0.6209387563760915],[109.44428328177749,-0.6209387393591201],[109.45238544315426,-0.6227669923755266],[109.45310779003057,-0.6229319253279405],[109.45634070658689,-0.6315513916734766],[109.45482455948627,-0.6327330812579038],[109.45436084687523,-0.6330987104813642],[109.44516620682226,-0.6326617501374143],[109.43638177950727,-0.6322380760275078],[109.43293929377516,-0.6339057831006009],[109.42976889072327,-0.6354397298278458],[109.42662074793736,-0.6373615915851045],[109.42759732368343,-0.6414506219123771],[109.42790941438093,-0.6427482286244678],[109.43232845064261,-0.6459007925389482],[109.43110213695347,-0.65097970350433],[109.43109768885981,-0.6509797213309031],[109.39474265292627,-0.6315425013309457],[109.37988941422546,-0.6236008177556437],[109.37820830167429,-0.6231950281980609],[109.36567824496915,-0.620171744132161],[109.35962722314555,-0.6176791034717821],[109.35651928156531,-0.61639936601618],[109.35338894135373,-0.6218216482618648],[109.35126200246204,-0.6301111119989719],[109.35028984364548,-0.6338879548742703],[109.35222063955061,-0.6384050101350933],[109.35571212038212,-0.6465607280060826],[109.35757159739259,-0.6474882010686543],[109.35949788402094,-0.6484514106975445],[109.36359137051427,-0.6484291209715619],[109.36536165522922,-0.6467881187040957],[109.36644521351012,-0.6457759559765766],[109.36735931451241,-0.6449197576342276],[109.37177826496952,-0.6439521369795462],[109.37300452285288,-0.6448261136971961],[109.38190047570276,-0.6511981657749885],[109.38443764172239,-0.6509975107703504],[109.38599832482586,-0.650868251094573],[109.39892974632511,-0.6639824241617813],[109.40531965232579,-0.6704615413046631],[109.41453662025401,-0.6682765300341599],[109.41760888997861,-0.6675497051985341],[109.42455177165313,-0.6687893826582962],[109.41290014167797,-0.672972014664788],[109.41684193276791,-0.6767087126620894],[109.41954866427159,-0.6792815857186768],[109.42460079082406,-0.680209136791486],[109.42782916765601,-0.6840795809500555],[109.43411205293825,-0.691602084662833],[109.44200017511513,-0.6931494120616275],[109.45023175347612,-0.7007209635704997],[109.4521580361876,-0.7064286059754251],[109.45123052547444,-0.7111998432113635],[109.4550297261249,-0.7159398616798736],[109.45399517873236,-0.7162431133271803],[109.45283136082314,-0.7165820297262847],[109.45283136082314,-0.7165775154923762],[109.44585286684611,-0.7083638970437388],[109.44938894467705,-0.7226285134380441],[109.45229629597995,-0.7253574787240846],[109.45477108907946,-0.7276807174556276],[109.47118059403769,-0.7307797799372628],[109.47118504248257,-0.7307797598796572],[109.4844642761106,-0.7304854942577621],[109.48915970695762,-0.7303784623048047],[109.49959840734638,-0.7292413786220269],[109.52258066440947,-0.7267398268509563],[109.53426792610155,-0.731448643590993],[109.53427237508599,-0.7314486234422235],[109.5359713451048,-0.7311409726056487],[109.53962779915263,-0.7304720729358269],[109.54139806187298,-0.7266194077334827],[109.54212933999817,-0.7250587595111674],[109.55062836567424,-0.7212105303942586],[109.55536842653775,-0.7250007843043781],[109.5548957260623,-0.7259728904660224],[109.5544409134186,-0.7269092551748492],[109.55254575898056,-0.7266016305510236],[109.55254130984285,-0.726601582213106],[109.55226037865218,-0.7320015835856197],[109.55856111789078,-0.7335488735104423],[109.5591095486769,-0.7372544024841386],[109.55922105089894,-0.7379901236108385],[109.56144165699695,-0.741481599317779],[109.56491977154509,-0.7436799807204687],[109.56647155999528,-0.7385921418169626],[109.56800101580095,-0.7400235243192231],[109.56876801537496,-0.7407414036305333],[109.57049814960637,-0.7462082880935805],[109.56675249865344,-0.7533740485664974],[109.56569121596173,-0.7553984496529063],[109.56865206189447,-0.7581586613192056],[109.56796088160456,-0.7593001683540399],[109.56545041186507,-0.7634471515561221],[109.56545041186507,-0.763451599824224],[109.56387638020969,-0.7627069532986037],[109.56203031528652,-0.7618285039071722],[109.55497154334049,-0.7533116054486275],[109.55201068234008,-0.7464089020197946],[109.550213689534,-0.7462216288892433],[109.54083176238414,-0.7452406507506438],[109.53686314311825,-0.7421103363673809],[109.53148995122518,-0.7378697154517413],[109.53148541146908,-0.7378697361888527],[109.50647885114715,-0.7390915271289553],[109.4997679115383,-0.7394215173669291],[109.4899489255634,-0.747679755082645],[109.48676064595303,-0.7485894000895663],[109.47991151301177,-0.747889330971523],[109.47604993936477,-0.7460388150979703],[109.46462126794322,-0.7485493129567008],[109.45800837375414,-0.7485404098118478],[109.4564699801012,-0.7478403241288107],[109.45542208485637,-0.7473587345082214],[109.45017374451025,-0.7449641697929695],[109.44432785465821,-0.7423020990088635],[109.42131887713822,-0.7213398650765438],[109.405359773879,-0.7102812700903212],[109.39921068442169,-0.707739605250602],[109.39378393261393,-0.7064197342381158],[109.3877998243743,-0.7049615905943954],[109.36566036417848,-0.7099691273371677],[109.3497146816073,-0.7076415062098065],[109.3440114746063,-0.7068120795188415],[109.31616886373187,-0.7027498864588692],[109.29608949323358,-0.6946610316775524],[109.29018119252272,-0.690050381027669],[109.28118275595457,-0.6789248706985382],[109.27173837608515,-0.6672509461124907],[109.26722579165582,-0.6635766968264133],[109.26352914746407,-0.6605712270023267],[109.2594312570316,-0.6591799608918607],[109.25892290261376,-0.6592379341503942],[109.2535006412683,-0.6598577514303569],[109.25233231298037,-0.6605667498513416],[109.25008051028279,-0.661917868163392],[109.24665595810644,-0.6686288427322687],[109.24480989187767,-0.6722495974400684],[109.24469392315747,-0.67320834740833],[109.24447986203583,-0.6749696737824052],[109.24295929590826,-0.6876513536297947],[109.24361037018875,-0.6942106818998123],[109.24385110910586,-0.6966186000161332],[109.24301283368911,-0.7061165215383287],[109.2429191879477,-0.7071911559869932],[109.24875166597404,-0.7678884265275959],[109.24928233210579,-0.7793393989938191],[109.25028114396268,-0.8008188509790752],[109.25073150382319,-0.8104192892222846],[109.25914141690461,-0.8302088031498447],[109.25979686964676,-0.8314395563809828],[109.28325175678755,-0.8753215031345439],[109.28940082390844,-0.8815419857834631],[109.29364590316578,-0.8833791502583411],[109.30057984746796,-0.8863890192084387],[109.30193089165381,-0.8921412746218922],[109.30605111462843,-0.8934388384415733],[109.30854822309094,-0.8942281353890797],[109.3368768652809,-0.8981521624185548],[109.33888793060832,-0.8984286261323893],[109.33982884486268,-0.898905731044711],[109.34710163748414,-0.9025800424132455],[109.35931953223178,-0.9142718122253439],[109.36396151052192,-0.9187085681798504],[109.36671279051056,-0.9198411908975359],[109.38813875791169,-0.9286389913522842],[109.39201817472268,-0.9283714510016199],[109.39452861541457,-0.9282019905724124],[109.39624536588364,-0.9270025461646535],[109.39749837146543,-0.9261285159119206],[109.39910811249722,-0.9208980237300072],[109.40680896292072,-0.918280508146293],[109.4070586795423,-0.9181958096453928],[109.40733072647338,-0.9181021821271361],[109.40952907446456,-0.9116899775142562],[109.41112097203838,-0.9070391060725004],[109.41921869605112,-0.8990484102221016],[109.41925437073408,-0.8989770694590717],[109.42265219169498,-0.8914679330424533],[109.42287068931951,-0.8843021641854373],[109.42288848140281,-0.8836511149159025],[109.4160705287741,-0.8693820432367018],[109.41083113138176,-0.8631615700771542],[109.4121064133768,-0.861881830970948],[109.41380089411518,-0.8601784318055297],[109.42297771415664,-0.8560448273956808],[109.42955928625526,-0.8530795148978813],[109.43263609616983,-0.8505557149921347],[109.43709965539811,-0.8468903372270535],[109.43800036050908,-0.8528699452882799],[109.44107268299942,-0.8555142201305769],[109.44256209981458,-0.8567895387628405],[109.44524200808802,-0.8575297453815652],[109.4513955654285,-0.8592420192550566],[109.45670183731514,-0.8607179571150199],[109.46764000730855,-0.8662606502181326],[109.47998731943798,-0.8687978955379507],[109.49022982339997,-0.8708981417082017],[109.49522854120326,-0.8711210912064418],[109.50118141704684,-0.8713796631399442],[109.50667505008256,-0.8738633764649668],[109.51394780899864,-0.8771497354566624],[109.51670798659552,-0.8776402962050173],[109.51920061170081,-0.8780816960108223],[109.52185377146895,-0.8800660340790051],[109.52444002953303,-0.8820012668680987],[109.52991138959098,-0.8822197507797411],[109.53037961884294,-0.882242049405159],[109.5404214521338,-0.8801908946386444],[109.54290075144056,-0.8805119251281858],[109.54930852173987,-0.8813502183013564],[109.55271972937345,-0.8832498086590448],[109.5559302015429,-0.8850379154813833],[109.56138817565736,-0.8920520805580794],[109.56435798709703,-0.8958601443166568],[109.56436243633311,-0.8958601882696483],[109.57143903841987,-0.8931178096642123],[109.57143903841987,-0.8931222728290047],[109.57406539995979,-0.8936573702364459],[109.57599177582892,-0.8940497424243501],[109.58351873665669,-0.9016391221955646],[109.5898907609333,-0.917749915635234],[109.591928611354,-0.9299410952386231],[109.59869746779873,-0.9363532424282603],[109.5992192422279,-0.9368482232684073],[109.59920580285244,-0.9484864341638511],[109.59918800476109,-0.9586888773756747],[109.60283998549372,-0.9649093088034488],[109.61126768453911,-0.9702067301800235],[109.61127213416017,-0.9702111743305148],[109.61379153356133,-0.9648959565368092],[109.61585163063117,-0.9605617196962924],[109.61793407460439,-0.9596163611085213],[109.62040882596004,-0.9584882132208635],[109.62430168717678,-0.9587290324803857],[109.62200962877219,-0.9642493699767779],[109.62219697058956,-0.9648602982901373],[109.62315120706734,-0.9679281626160408],[109.62460935406118,-0.9688378117119925],[109.62611200231336,-0.9697697557617051],[109.63058001438861,-0.9701755291471397],[109.63387086123662,-0.970469821060475],[109.64068881912955,-0.9879584584612695],[109.6434133194265,-0.9901388965011817],[109.64616017335877,-0.9923417444990724],[109.65053008463984,-0.9931220524026809],[109.65391894849901,-0.9937285387110911],[109.65392348927793,-0.9937285105899668],[109.66145042572823,-0.992818874046337],[109.66548143445507,-0.9959089821574263],[109.66807218967703,-0.997888875771428],[109.67422131896812,-1.01054822199836],[109.67569276788798,-1.0116674819892046],[109.67604060509376,-1.011930561515361],[109.68015191171155,-1.0078014014572407],[109.68198901758413,-0.9946916637311334],[109.68325541437005,-0.9913072132427276],[109.68474032813195,-0.987338604923329],[109.6890879235788,-0.9818316169897281],[109.69372091466583,-0.9797581633923523],[109.70031144814863,-0.9768240640279484],[109.70963096300224,-0.972668144887837],[109.71626164187123,-0.9657788898588058],[109.71809886334454,-0.9545196530002833],[109.71310909675897,-0.9273815709786402],[109.71349701055902,-0.9245455224264744],[109.71380027559123,-0.9223204670850055],[109.7226337226932,-0.9252411952015603],[109.72430148155154,-0.9257896613747054],[109.72612074470801,-0.9302799594321448],[109.72794010437751,-0.93476133844959],[109.72904592832957,-0.9485533259065612],[109.7301919002184,-0.9628090674485782],[109.728568811586,-0.9772878091930347],[109.72925101689559,-0.9816710896571547],[109.73168129464455,-0.9836063591420975],[109.73358087297277,-0.9851180076327969],[109.74261944069147,-0.9863174885695619],[109.74408198109235,-0.986509226682454],[109.76232861752433,-0.9982678715860818],[109.76619919121372,-1.0047112545132952],[109.76572204436226,-1.0242599994285349],[109.76632399610723,-1.0272654072263752],[109.76660049263127,-1.0286209975412215],[109.76754134477504,-1.0332316812522495],[109.77369043781289,-1.0442679795098258],[109.7919370733013,-1.0429212778670074],[109.79194152432163,-1.0429213175551604],[109.79471515223287,-1.0441029886736102],[109.802219744402,-1.047300175633192],[109.80221529330603,-1.0513668548435215],[109.80221084221012,-1.053970947224042],[109.80430667613037,-1.059576061280689],[109.80470791215069,-1.0606506759789045],[109.80536785832079,-1.0616673949681144],[109.81154822309033,-1.0712321246783894],[109.81701064360847,-1.0834278033465028],[109.81746993536571,-1.087110978317266],[109.81656470579836,-1.0896125798897192],[109.81564167279437,-1.092158734234863],[109.81906183454328,-1.094241078520496],[109.82254433280957,-1.093599016763714],[109.82773032678121,-1.0926402764057725],[109.82931325913614,-1.0918465892198457],[109.83276011408537,-1.090120879693006],[109.84120123357876,-1.0898979424002644],[109.84450988873687,-1.0907496341271363],[109.87657080278622,-1.098918728167507],[109.92722173315836,-1.1203714231324322],[109.93725921121975,-1.1224582607278513],[109.95056070757055,-1.1183425163006429],[109.95279023386227,-1.1176514136092128],[109.95470320938784,-1.1150651348190854],[109.95941198390544,-1.1087019792121056],[109.96011206987772,-1.1077700492829718],[109.96436157573535,-1.1065883656173363],[109.96672934975328,-1.1059283905236073],[109.97973213029194,-1.12021092613216],[109.98493147751414,-1.1246611157480297],[109.98885993206959,-1.128018825263271],[109.98680429181988,-1.1281213274431254],[109.98404854609558,-1.1282595752534956],[109.9671797538591,-1.1130719149258381],[109.96351883230149,-1.1128310774511916],[109.96009871326628,-1.1144319150037862],[109.95096203628597,-1.1268415620612535],[109.95096203628597,-1.1305203249948157],[109.94780938182075,-1.1325091386447033],[109.94295795050091,-1.1355680171806932],[109.93952439987498,-1.1422121299865946],[109.9372503071203,-1.1465998445730974],[109.93358046557499,-1.1613104470593438],[109.93255486524812,-1.1637005161782998],[109.93004883833436,-1.1695419194533807],[109.9255005449066,-1.1801144938547266],[109.9212287577737,-1.1900404444584327],[109.9141521191185,-1.1960111624176128],[109.91341192439042,-1.1973622648814706],[109.91276976276711,-1.1985394787774546],[109.91367949192173,-1.203368680715083],[109.91194934498321,-1.2057632162515963],[109.91185122199576,-1.20590142066101],[109.91136969273634,-1.2061912653281037],[109.90659839318057,-1.209112032761968],[109.90819924037886,-1.2125589067668383],[109.90820369222962,-1.212558872656358],[109.91142765793762,-1.2125633225579906],[109.91436172148644,-1.2125677787917455],[109.91440633127529,-1.2126703727725936],[109.91639951068196,-1.2169421785258052],[109.91873158743617,-1.2188818869342608],[109.92164787629795,-1.2213210416021612],[109.92165232824125,-1.2213210072194378],[109.92581717996734,-1.220206275172215],[109.92849709079293,-1.219488322686443],[109.92850154278307,-1.2194883574326745],[109.93262173637564,-1.219952077283128],[109.93535073838295,-1.2229485636483446],[109.93573415880664,-1.2238805813613856],[109.93649218709605,-1.2257088068169313],[109.9348379366316,-1.2305067436824773],[109.93419130182771,-1.2323795901057428],[109.93453020125888,-1.2337351316140703],[109.935109874151,-1.23605832117893],[109.9382981750828,-1.2381318482331634],[109.94743040647326,-1.2390593392343163],[109.94839806153222,-1.240281138818409],[109.94925859427907,-1.2413691573642194],[109.94937007928144,-1.244543989563769],[109.94949046856756,-1.2480310609867689],[109.94685962694335,-1.2511479475706042],[109.94331021073104,-1.2553796389249532],[109.9448575412378,-1.2581219529910317],[109.94603916630683,-1.2602222462134067],[109.95221054540032,-1.2616090244026346],[109.95243351641949,-1.2622466466417366],[109.9535795377614,-1.2655196336991537],[109.95685697166556,-1.2657291916258875],[109.96087903058013,-1.265987813535662],[109.96589996005461,-1.2701303720465489],[109.96731350312959,-1.2749996863288466],[109.96863791311239,-1.2795702774484992],[109.96989090768447,-1.2804130184035576],[109.97068904555253,-1.2809481467788515],[109.97490736173262,-1.2797263181506198],[109.97936204144911,-1.2784287197991142],[109.98688897793224,-1.280279263862658],[109.98998802444257,-1.278665056396316],[109.99306037060299,-1.2770686862922147],[109.99999873383832,-1.2770820739598705],[110.00332973305031,-1.2770820989353129],[110.01247084592781,-1.2826113811708821],[110.02607106380572,-1.2954490984890445],[110.03687106372568,-1.3056381878431673],[110.03733032869214,-1.3109311103423784],[110.03904707726302,-1.3118898005592499],[110.04599880709603,-1.3157692668183865],[110.05535848866164,-1.324749883668387],[110.05951880101871,-1.3307740889089468],[110.06059793629991,-1.33233923311397],[110.07063092870739,-1.3590314389539309],[110.07327069682502,-1.3626388213765324],[110.07451034068276,-1.3643288696578706],[110.0793930552953,-1.3916185177386549],[110.08110090911646,-1.4011387343676343],[110.08109191227035,-1.4114883185002989],[110.07716793498199,-1.4234921807526562],[110.06593102427144,-1.4378415664385087],[110.06949825235274,-1.4544606598307772],[110.07004232572672,-1.4635126467061057],[110.0701314749195,-1.4649618538844686],[110.06537804826984,-1.471579181463707],[110.04538796082775,-1.5124289634997163],[110.0435596962209,-1.5216192069434185],[110.04420180103604,-1.5376986875634835],[110.04421961204694,-1.5381803160057501],[110.04424196668373,-1.5386484736119659],[110.04653840961258,-1.5604936096039226],[110.04809015536924,-1.5752309559029203],[110.04257872913259,-1.6069708674184888],[110.04074601913196,-1.6301269720921892],[110.03980958323584,-1.641930162837266],[110.03950189093877,-1.6430851021042057],[110.0343204857194,-1.662629335283407],[110.02854591643298,-1.6780801096903506],[110.02744892907793,-1.6810186548714017],[110.025210524134,-1.6850541546602453],[110.01966783830757,-1.6950514671518266],[110.01120895837066,-1.7070018557178197],[110.00502858707276,-1.7136592599016527],[109.99999873383832,-1.719081551297815],[109.99520971272496,-1.724240752395312],[109.978510374478,-1.7479185909157202],[109.96754093146828,-1.759860051414193],[109.96273851189245,-1.761469800013429],[109.95998722645888,-1.7637439232208647],[109.95496179859985,-1.7678998192154762],[109.94788524960407,-1.7676590021797047],[109.9478807974824,-1.7676589819708715],[109.9357787700601,-1.7701783946041292],[109.94110742893938,-1.776055512472521],[109.94558877655543,-1.7810006230878008],[109.9517378907011,-1.797120285755172],[109.9485139985152,-1.7963176440557902],[109.9450804189145,-1.7954615110049812],[109.94051875574475,-1.7895487053679688],[109.94030033168383,-1.7881084100863518],[109.93964033529544,-1.7837608135094936],[109.93715663236705,-1.781910280590266],[109.93530167512219,-1.7805279476402853],[109.91540510073406,-1.7803183928327941],[109.91063831407645,-1.780269367568481],[109.90808331056168,-1.7941817050642863],[109.90581804975449,-1.806488842514043],[109.90611686784374,-1.809641452764523],[109.9064913673293,-1.813618991448213],[109.90861835046401,-1.8180691622553624],[109.90991156981653,-1.8207579967351561],[109.9127832092688,-1.8240354101795586],[109.91697916743644,-1.828820016040127],[109.92154975184141,-1.8380281010309587],[109.92946916992946,-1.8470979013346431],[109.92633887858682,-1.8472405637630398],[109.9205419781883,-1.8415195326369753],[109.91606062068806,-1.8371005627506265],[109.91058034894604,-1.8352500441253745],[109.89686865321042,-1.8354685337063485],[109.89641829755412,-1.8389198723295626],[109.90233999548022,-1.8483598213767787],[109.92448831316723,-1.867948610103777],[109.93956010725543,-1.876019642532853],[109.93997033340672,-1.8761890494869566],[109.95420820122696,-1.8820215976163632],[109.95527399568878,-1.8824540905521836],[109.95760157681349,-1.883399453282136],[109.97130891147985,-1.8919386065085815],[109.98291146806442,-1.8948236250235264],[109.98523024061444,-1.8953988857638433],[109.99999873383832,-1.907068311026603],[110.00419033620469,-1.9103814758907451],[110.01218097596615,-1.914541773588746],[110.02900962855786,-1.918407812393885],[110.04233791759808,-1.9214712021001232],[110.05970164049752,-1.9297696144606158],[110.05976407128465,-1.9298142325447556],[110.0665018122769,-1.934638941806024],[110.06816056244458,-1.9358250978009788],[110.0706620991428,-1.9376087130096284],[110.08366928609284,-1.9498221714582327],[110.08741499619059,-1.9573090054846471],[110.09575792038144,-1.9739905176686416],[110.10468502746518,-2.0051952850630497],[110.10510871107276,-2.0066801878944056],[110.10539407511716,-2.008486101101021],[110.1085288155816,-2.0285386846483124],[110.1120024650739,-2.0315263402193073],[110.11309049451596,-2.032458258497058],[110.11426322702343,-2.0327792939260982],[110.12154049942839,-2.0347680675670303],[110.12496949615895,-2.038919530488905],[110.1236228882539,-2.039298502880484],[110.11926190220699,-2.040520282712516],[110.1167246626957,-2.043766507144238],[110.11423196382624,-2.0469592502130705],[110.11423196382624,-2.048930202459002],[110.11421860426275,-2.0522522019665814],[110.1148295091778,-2.054602184917252],[110.12150923592169,-2.0803311914379137],[110.1219596486638,-2.0932179751679945],[110.11957399108731,-2.1041873949676413],[110.11761203209129,-2.113230396001711],[110.11851276219967,-2.1208019831803906],[110.1194179466306,-2.1284181100759616],[110.11742472471772,-2.1370687436395017],[110.11507034508449,-2.1472890114450385],[110.10592027216704,-2.1670383957037918],[110.10410984691727,-2.1709490235915943],[110.10342315700491,-2.172416040328849],[110.10270075191877,-2.173967826113876],[110.10159492551986,-2.1759164781652847],[110.09631082892469,-2.185240457902532],[110.08898009935676,-2.1923616233847643],[110.08807040885526,-2.195581103168927],[110.09080829901225,-2.19950062737973],[110.0928193512435,-2.200717984486993],[110.0942418771298,-2.201578602357301],[110.09598539075832,-2.2084768484100157],[110.09673896073113,-2.2114689042268516],[110.09662299887533,-2.213827716030062],[110.09604782470964,-2.225510613715286],[110.0923779534715,-2.235628306861518],[110.08987188797228,-2.238161053596023],[110.08107855331728,-2.2410995988812066],[110.0754600905407,-2.242981341234471],[110.07330186737582,-2.2454427834105335],[110.0704302747418,-2.2487201678696476],[110.07208903406261,-2.2501381618345637],[110.0734000137254,-2.251261869069119],[110.0734000137254,-2.251257409433406],[110.08003064873255,-2.250111429641074],[110.08498028695256,-2.248073623029663],[110.0928283482361,-2.2448408066151044],[110.09443808468265,-2.2451083334731035],[110.09694852820726,-2.2455319474773363],[110.10196944132355,-2.2483010823553022],[110.10860015691661,-2.2561312510580045],[110.1156009114099,-2.266342562401801],[110.12344003259501,-2.277780187273726],[110.13416861048128,-2.2992016811946723],[110.13477507859126,-2.300833691182619],[110.13782060477897,-2.3090920056798168],[110.13736136662442,-2.3143893876256176],[110.13813279236605,-2.319575295824339],[110.14281925724742,-2.350989678574699],[110.14427296254856,-2.3521757928480085],[110.14648020064112,-2.3539817462159784],[110.14457615520746,-2.3578076788489373],[110.14259186327588,-2.361811891298728],[110.14544574442596,-2.3769906999443244],[110.1478313033093,-2.389658976951227],[110.15373961131573,-2.4361585412268756],[110.15416323209358,-2.436506308743236],[110.16218962290543,-2.443070129355689],[110.17636061988786,-2.4587305061458595],[110.17783211301362,-2.462155108435957],[110.17933042130359,-2.4656420594436654],[110.1794864782105,-2.4665205543648137],[110.17982985805115,-2.4684780989348023],[110.18280403560962,-2.4853067496456154],[110.18616178074846,-2.5043114290481303],[110.18869898168754,-2.508489570523862],[110.19119165453523,-2.512600873492292],[110.19831279019351,-2.516578390216697],[110.20604933254697,-2.520899240750483],[110.20930001570093,-2.525411910203135],[110.21335784412975,-2.5310392959761443],[110.24330065210953,-2.5540794419098396],[110.24587357805451,-2.554271201592726],[110.25290558133261,-2.554788407916111],[110.25291003532375,-2.554788405944274],[110.25425223304073,-2.553990244140372],[110.25564788105811,-2.553160896315206],[110.25678947093147,-2.552491970883264],[110.25694554318103,-2.55223784225793],[110.25901902540569,-2.5489425867645767],[110.26387938083873,-2.554101715837731],[110.26042804372693,-2.557481751309524],[110.2551886640552,-2.5626096886256784],[110.25126905938897,-2.56407229418563],[110.24535182952839,-2.5662795566080687],[110.23827080843108,-2.565588411336079],[110.2358183438944,-2.5646787158170827],[110.23391871390993,-2.5639697538629154],[110.22829129460494,-2.5589041873211604],[110.22318119505012,-2.554297922404975],[110.21523506497526,-2.545616045107103],[110.20695007691695,-2.536559665304146],[110.19849121025628,-2.53009837626772],[110.19323833355122,-2.529870972692382],[110.19099987522652,-2.5319310772438732],[110.19049152395269,-2.5323992809702958],[110.1815287634311,-2.5698111525349283],[110.17719897980007,-2.5878482233749067],[110.17525477512537,-2.5898057387648845],[110.1673622148073,-2.597738507024215],[110.16702774757992,-2.5999725025272835],[110.16643915832742,-2.6039589146336084],[110.1639286612367,-2.605800560499126],[110.1559201565956,-2.606478319373291],[110.15156807005854,-2.6152181813161985],[110.14807214993051,-2.617920390741057],[110.1447099380984,-2.6205111551311973],[110.14516027402453,-2.6239580282500614],[110.151559163235,-2.631101501055194],[110.15806498969017,-2.6314091932737043],[110.16642134432998,-2.631810480603557],[110.16866427531153,-2.632648791967912],[110.19436201880306,-2.6422492244796474],[110.19980659366423,-2.64429152301711],[110.20345863028885,-2.6456604425599286],[110.20403379580533,-2.6463516322591163],[110.2068920874903,-2.6497984709226383],[110.20886300326629,-2.6637866979001696],[110.21053070510723,-2.6755899429239327],[110.21236792620446,-2.6800490683870937],[110.2144191146092,-2.685029856351972],[110.22081785333751,-2.691482158738471],[110.22166953175993,-2.695160924164214],[110.22240977466939,-2.6983804181537425],[110.2188112771575,-2.705920724192582],[110.21692059551471,-2.7098893806313082],[110.2176741953506,-2.711900418696296],[110.22011778708747,-2.7184106913763033],[110.21806213003043,-2.724622251974552],[110.21465098367577,-2.730245156402099],[110.21164996153799,-2.7351992195010637],[110.211868468502,-2.73889138018963],[110.22306975852582,-2.7478719671105285],[110.2344270933173,-2.757842555679125],[110.24091952584682,-2.763541275598157],[110.24706860160784,-2.773908632603484],[110.2486693923859,-2.7805884027237138],[110.24945420006563,-2.789930239621298],[110.25003839780035,-2.796931035262756],[110.24847769000074,-2.8053542582093987],[110.24590030176863,-2.8192487905522055],[110.24367523747321,-2.827261794987294],[110.24269873442721,-2.83076222683328],[110.23947918240617,-2.8344409948129137],[110.2358183438944,-2.843880860140794],[110.2289334679298,-2.857735334177308],[110.22575860080174,-2.864120709357209],[110.22414885740471,-2.870568631003514],[110.21243473267283,-2.883080863498373],[110.1987408893431,-2.8977111451381683],[110.20063152706946,-2.901064357355831],[110.20171959339075,-2.9029996326326866],[110.21246154615496,-2.913830780189558],[110.22022931408935,-2.9304186360101143],[110.22091156518724,-2.932625931538322],[110.22548209919044,-2.947461338364434],[110.22549991454449,-2.9479384867063874],[110.22558908221532,-2.9499004698418476],[110.22627579178015,-2.9645441604021414],[110.22661028454345,-2.9716296573493244],[110.26841879902616,-2.996712119188589],[110.27166946298915,-2.9999806488760585],[110.27505839911802,-3.0104996735019456],[110.27783195222977,-3.01908788687867],[110.28423964827795,-3.0057507018912166],[110.28639346559963,-3.003347281540557],[110.29510205670447,-2.993630900489991],[110.30072939193884,-2.987347965955323],[110.33002123106532,-2.96710811674606],[110.35359653318592,-2.94892838247394],[110.3663986608599,-2.939060414012371],[110.36918105714906,-2.937307931373636],[110.37252992625065,-2.9351987892188176],[110.38064992039547,-2.930093108733617],[110.39272068212962,-2.9224992729381616],[110.45196877044852,-2.8933099795652337],[110.45902307514108,-2.8887662249822603],[110.46090037691836,-2.887557763543137],[110.48468963989012,-2.8783720306715455],[110.494802906056,-2.874889493359446],[110.50871079444518,-2.8701003898852546],[110.52335009739767,-2.8664216458142726],[110.53913083209798,-2.8645889719753868],[110.55400189428185,-2.865289009803323],[110.55839863191595,-2.866996880649358],[110.57001005823922,-2.8715094526421088],[110.5766407350407,-2.872659901510501],[110.5848321846341,-2.8725305740248093],[110.59059774437982,-2.8724414336785244],[110.59060220000212,-2.87244142147708],[110.6013575803565,-2.866921025026454],[110.60136203602322,-2.8669210844876236],[110.60386803318525,-2.8671484699985954],[110.60113015951434,-2.8710591148317497],[110.59972107886199,-2.8719687421058344],[110.58900135974979,-2.8788892842236415],[110.58835929663121,-2.8808111350515557],[110.58831028488935,-2.880958322305803],[110.58967915913114,-2.887169808006245],[110.60444772601078,-2.9103392922167175],[110.60524147375445,-2.9115789562935355],[110.60605750050604,-2.913737169093147],[110.61552860214886,-2.9387482803712865],[110.61872572550503,-2.9584485909961513],[110.62307780738304,-2.985261119845211],[110.62301988257042,-2.9922485764380675],[110.62285047297097,-3.0156409672896674],[110.62455830114776,-3.0187846652855086],[110.62672989562697,-3.022780006614276],[110.64037918330845,-3.032429533172675],[110.63959877785835,-3.039020053408109],[110.63461354387447,-3.0352431751580586],[110.62970853610675,-3.031528745633595],[110.62536088399904,-3.0324517765082213],[110.6230065153064,-3.0346724603473425],[110.61781166318102,-3.03958194081332],[110.61437811650192,-3.040959752089882],[110.61332583966285,-3.040313217455746],[110.60797044637744,-3.0370402435664725],[110.60567840353598,-3.0400411885919634],[110.60797044637744,-3.04395181799049],[110.62193186055356,-3.0545511089624853],[110.62801852312232,-3.0581986420502174],[110.63416760012247,-3.06188636490186],[110.64229209738808,-3.0667601149646893],[110.64401777854903,-3.068258418524364],[110.64732201471975,-3.071130034887953],[110.65209769689403,-3.072619392053889],[110.65694023736505,-3.0741310517309475],[110.66516729226483,-3.0748176985107967],[110.66517174818533,-3.0748222080330465],[110.66683498991031,-3.0744877705209546],[110.67203879668347,-3.073439854124436],[110.67912877522606,-3.06976112318055],[110.68157683523131,-3.066809173184284],[110.6882788347062,-3.0587203907343934],[110.69445915248075,-3.0557194156135155],[110.69921256531123,-3.054613505492206],[110.71023988243039,-3.0520495225123976],[110.71893956499022,-3.0446786745007905],[110.72710866337023,-3.0256917913739385],[110.73106391305936,-3.0256650628337005],[110.73286538741273,-3.025656103708082],[110.75384549228446,-2.943202894082293],[110.75826891516282,-2.9382310313089097],[110.76016400990483,-2.936402788695381],[110.76831072999494,-2.929375228998538],[110.77285015750081,-2.925602831488933],[110.77697925499407,-2.923721114983811],[110.77903935228768,-2.9226375003184546],[110.78362328951329,-2.920069045382163],[110.78579489701805,-2.918584172928217],[110.78883158840875,-2.9167648855039183],[110.79096300613124,-2.915507388345069],[110.79308105812117,-2.9143168306924294],[110.7953730944598,-2.9130593664297355],[110.79749115342734,-2.91191786784405],[110.80013088765057,-2.9108967323647112],[110.8021910207725,-2.9102189221469237],[110.80425115703427,-2.9096481636495786],[110.80653420857263,-2.9093047812627058],[110.81025751070244,-2.9089793048550505],[110.81248263853882,-2.9090417442903433],[110.81533649351607,-2.909394023644459],[110.81963506748494,-2.9095857332481967],[110.82191359723865,-2.9093048109312183],[110.82575290060794,-2.90823019409705],[110.82770602543776,-2.9073784616026654],[110.83005596337316,-2.906183440267845],[110.83297661121753,-2.903436613189182],[110.83481378577083,-2.9015013552208777],[110.83722621787769,-2.8985138015801244],[110.83998189795847,-2.8973766810533714],[110.84346891096013,-2.8977914083192955],[110.84786115886772,-2.8987233538914454],[110.85164687210255,-2.898108028652791],[110.85359111948674,-2.8969664925099408],[110.8565118156325,-2.8938227754749346],[110.85939240834175,-2.8910269473004537],[110.86225954600752,-2.889533164933039],[110.86454705732827,-2.888739403155309],[110.86683457222549,-2.8881151542559174],[110.86901067515059,-2.8876603252132886],[110.87147655308814,-2.886639208544067],[110.87433480108704,-2.8853906196550194],[110.87714403149249,-2.883798767965474],[110.87983739419641,-2.8818010973630614],[110.88136238917417,-2.8800575488152367],[110.88131773163826,-2.880837919657962],[110.8818126936485,-2.8833082822296356],[110.8897187379412,-2.8744168261382144],[110.89080225805913,-2.871612053068332],[110.8920062005273,-2.8711081744145384],[110.89406637504965,-2.870764776523053],[110.89709411175963,-2.8708406225514995],[110.89961342538604,-2.870965459126779],[110.90161112515753,-2.870795993696087],[110.90447388693111,-2.8700602286868127],[110.90699776032265,-2.8692576028722376],[110.91157719714153,-2.8676122466947533],[110.91530058597026,-2.8675096557821225],[110.91791361217828,-2.8679823116572827],[110.91973743045938,-2.868967802412357],[110.92157007344346,-2.8697704074993426],[110.92568140817951,-2.870015654131643],[110.92917726075953,-2.868713600082962],[110.93330198551972,-2.867166283551821],[110.93570538908588,-2.866662425733629],[110.93856821267669,-2.866559867055643],[110.94114107452438,-2.866626740368019],[110.94399935990039,-2.866234320784603],[110.94715198397506,-2.8655565704192765],[110.95040712175202,-2.86448193526929],[110.96324036550395,-2.858386314563625],[110.96547881666362,-2.8572983185292418],[110.96817214758967,-2.8558178609317717],[110.97034375166123,-2.8538157225146303],[110.97189994076251,-2.851474701411025],[110.9730013440309,-2.848941946418275],[110.97387089736505,-2.8466544278072035],[110.975364692791,-2.8441306108469178],[110.97714828059534,-2.841789580226295],[110.97864653580305,-2.8403581965561577],[110.98126848555034,-2.8387038561932543],[110.9843274925831,-2.83729476376382],[110.98534413085547,-2.836831065093076],[110.98746663917288,-2.8358634077957965],[110.99004403264125,-2.8338567993750736],[110.99314753375432,-2.830878148088492],[110.99682635391788,-2.826882791804608],[110.99825322337301,-2.824595232125516],[110.99928333159988,-2.821518500140439],[111.0015261953526,-2.8134341665245617],[111.00566874244862,-2.8001727497888633],[111.00686822095973,-2.7982732082070103],[111.00795181818106,-2.79655640327233],[111.01085469402061,-2.794184208570045],[111.01303071695729,-2.7933280274576733],[111.01531825898562,-2.792627998032863],[111.01873834386203,-2.7917093636612984],[111.02274258004746,-2.7910762114914784],[111.02754954869032,-2.7905589702434366],[111.033043099373,-2.7904252002597287],[111.03527272419628,-2.7903716820248503],[111.04511395854624,-2.7900149179224374],[111.0503712424767,-2.789372843114401],[111.0551156994576,-2.7882179261276963],[111.05786692400746,-2.7873394918495142],[111.0599761441959,-2.7866617247053056],[111.06397146167023,-2.7852213959854875],[111.06768589615405,-2.783442190774622],[111.07156534312759,-2.780962953016164],[111.07510587146089,-2.7788939179722014],[111.07927513962605,-2.776994342778598],[111.08356476012136,-2.775781513608866],[111.08665495158316,-2.775085834832554],[111.08957113525899,-2.7745062084673577],[111.09928310504449,-2.7703904372295067],[111.10121835462934,-2.7692042886568258],[111.10424608001168,-2.76725122906454],[111.10899502836475,-2.7644375331704456],[111.11401151266314,-2.76168181652317],[111.11892540072373,-2.7587967462145584],[111.12263538438279,-2.7563264203690627],[111.12789268335189,-2.7537312330459174],[111.13154464635048,-2.752001106524985],[111.13566044583384,-2.750221898228266],[111.1385098358417,-2.748665682987497],[111.14142608884865,-2.7460259230261492],[111.14427985234227,-2.743082865380873],[111.14729426437515,-2.7388868877327637],[111.14956840241187,-2.734294030219655],[111.15093288629329,-2.731029980782291],[111.15315344905358,-2.7271104098607064],[111.15520463560685,-2.723601097388899],[111.15924906872189,-2.7178577492137443],[111.1619245603644,-2.7146472124976055],[111.16484075139736,-2.7118245999161434],[111.16649069596168,-2.7097020465867527],[111.16723088812856,-2.7072317388601976],[111.16767234732202,-2.7040747178058995],[111.16869344374335,-2.7013144686101307],[111.170227408817,-2.6978140806395525],[111.17142689139662,-2.6939079138279607],[111.17197978520205,-2.689818925936174],[111.17163202062385,-2.6859216680987026],[111.17063766708822,-2.6821314614237126],[111.16897434767114,-2.678234189581192],[111.16633014060558,-2.674328042449166],[111.16477834862022,-2.67220992335382],[111.16283422092373,-2.6711888382121933],[111.15933830630811,-2.6708454965257147],[111.14996965155629,-2.6713671509968537],[111.1439677502154,-2.671955758888934],[111.13962015650715,-2.6716124551804974],[111.13566490311973,-2.670354952705201],[111.13142429985301,-2.6682948691935637],[111.12816021056672,-2.666060861089763],[111.12581032028189,-2.6635994399830154],[111.12150724305147,-2.6578649896472033],[111.11983504429551,-2.6552252654272883],[111.11857764408548,-2.6526434039052202],[111.11810945075949,-2.6500571572421823],[111.1183234897788,-2.6470205106378706],[111.12002679720833,-2.6427041041970543],[111.12305454879727,-2.6393775751542625],[111.12573445578938,-2.6372505812401754],[111.12795954241143,-2.6349452105151916],[111.1294399935258,-2.632938667884148],[111.1307465208703,-2.6304594112316746],[111.13370733676713,-2.624435117552468],[111.1346660164724,-2.621162151336325],[111.13529030920499,-2.6185759060309612],[111.13602612523623,-2.6154188616071443],[111.13629811070044,-2.6112852233848254],[111.13541520415805,-2.6007840483358224],[111.13442968947076,-2.595491137927115],[111.13078217908038,-2.5837324580385492],[111.12865514964298,-2.5773024179772985],[111.12692063471974,-2.5723082376168276],[111.12525288915498,-2.5675414951236233],[111.12358068757534,-2.5629040388195783],[111.12191749273539,-2.558770388449888],[111.12041476033951,-2.5546903080557377],[111.11873810515893,-2.5498789412854377],[111.1160894073748,-2.5417277633311626],[111.11543837654239,-2.5342052343345847],[111.11554098415549,-2.5295544102265985],[111.1153492316342,-2.5237040273409965],[111.11429686717156,-2.5151559701735913],[111.11319547356577,-2.5106166031438404],[111.11163926029303,-2.5048821629848486],[111.11002956132221,-2.499535740530172],[111.10794712421244,-2.494372096535682],[111.1063909147156,-2.489034540143042],[111.10545889967719,-2.4842142566318857],[111.10522257580344,-2.4793359656610745],[111.10527169623695,-2.4739360421519585],[111.10530735403383,-2.4695795084589585],[111.1054588996772,-2.4642954666813424],[111.10562836519625,-2.4601618299805694],[111.10590489511114,-2.4558588359854685],[111.10606535524913,-2.4528712184066417],[111.10599403963076,-2.448956145117965],[111.10556596404275,-2.439484986905915],[111.10539204130382,-2.43684520360844],[111.10498179473174,-2.4333448314426325],[111.10422379389959,-2.429220162567173],[111.10318926373608,-2.4241099969177005],[111.10196743995917,-2.4196866301072517],[111.1000054464106,-2.4145853931362233],[111.09839575617781,-2.409765071001992],[111.09706687121592,-2.404258072854232],[111.09602352109276,-2.39972321088565],[111.09503802416242,-2.3947334467637567],[111.09468126601881,-2.3905374801841424],[111.09443602894147,-2.3858777039721244],[111.09362891171523,-2.3809504107493806],[111.09067706480863,-2.3673991873983606],[111.08951764896239,-2.3629222496743005],[111.08801939647488,-2.359140939100061],[111.08531270253931,-2.3532906036051235],[111.07978789607104,-2.3388832550109178],[111.0786954348275,-2.3349814879466364],[111.07753156855948,-2.3303350988120615],[111.0768359779939,-2.3259741514745778],[111.07601995332496,-2.321260832114331],[111.07359862422892,-2.312543300596481],[111.07019190397477,-2.3008381595794614],[111.06897901399059,-2.298314327417102],[111.06737380516384,-2.295843981387835],[111.06576404952543,-2.2936100008896823],[111.06421669508865,-2.291313510405613],[111.06260694200489,-2.2880405836418496],[111.0614030618593,-2.2847095788723464],[111.06013660074913,-2.2811021968584333],[111.05852694194996,-2.2781190724042393],[111.05611454833911,-2.2763978081252],[111.05359509605277,-2.2752518760083786],[111.05147705948951,-2.2741014258970074],[111.04941696756369,-2.272273145831458],[111.04471709545427,-2.2673994016620758],[111.04139056186816,-2.2624586836717513],[111.03420248212149,-2.249950941668832],[111.03259275404638,-2.247030235642198],[111.03183914672736,-2.242200962978046],[111.03194620715729,-2.2399134444945297],[111.03302081405336,-2.236466588971533],[111.03455922941231,-2.2324489343639513],[111.03557589588868,-2.2306697697315583],[111.04064140812868,-2.222219788528588],[111.04435588916802,-2.2188843722342804],[111.048056915141,-2.216360521993542],[111.05028646653368,-2.214451982837243],[111.05227524564106,-2.2119816928607365],[111.05462077780307,-2.209738766535703],[111.05798290013207,-2.2072684130190394],[111.06055575262323,-2.205199407137573],[111.06300380873694,-2.2029029597162375],[111.06584873517419,-2.1972131550353247],[111.06589330656973,-2.193360464543117],[111.06439952862877,-2.189458739442503],[111.06347653779005,-2.1862481628952324],[111.06375742822556,-2.184005233759145],[111.06529131992814,-2.182342025857673],[111.06894781396542,-2.1803889339913733],[111.07151176633928,-2.178948680464624],[111.07316609814865,-2.1775039173907227],[111.07430321896297,-2.1750335710481816],[111.07878012101955,-2.161196999188208],[111.07900307039912,-2.1578125425004835],[111.07865086314887,-2.1549452813793684],[111.07779026609217,-2.15276480703255],[111.07555176943883,-2.1496211515050048],[111.0740044074559,-2.1476011810236417],[111.07273802931584,-2.1454741969720024],[111.07124424626832,-2.1427273585488],[111.0702676755123,-2.140203500850843],[111.06940262487592,-2.13710001150694],[111.0686401799241,-2.1340633694696862],[111.06755209088821,-2.130906283413238],[111.06588884943012,-2.12762888580575],[111.06427918595347,-2.1247616747202946],[111.06260694200489,-2.1217249778790084],[111.06162155217962,-2.1164855661287887],[111.0610418524776,-2.1131055544981514],[111.06040866741769,-2.110697672676586],[111.05789375769842,-2.1089184636186458],[111.05531190350052,-2.108815894975704],[111.05154391609477,-2.108762432680856],[111.05050495561329,-2.1060021949230934],[111.05072790182277,-2.1038796598041],[111.05089736278984,-2.1013023337489782],[111.05065213103553,-2.0987160097703446],[111.04990297368741,-2.096361608761194],[111.04875258656563,-2.094065180286569],[111.04485526529065,-2.088330793187218],[111.04255886389122,-2.0853476392997274],[111.03883547219267,-2.080759217128423],[111.03733725798165,-2.0784628100842473],[111.0367575655564,-2.075595612641021],[111.03715442699203,-2.073245658947881],[111.03937505154231,-2.0709358183769764],[111.04205948836727,-2.069727409339083],[111.04422654258696,-2.0700707498817406],[111.04646500374109,-2.071047294390271],[111.04875258656563,-2.071680536543049],[111.05189620950976,-2.070926899323445],[111.05360410123784,-2.0698344118306227],[111.05537430312145,-2.06690479034521],[111.0561680337503,-2.063448979950659],[111.05695285046191,-2.0596052433456284],[111.05797398588852,-2.057362338112348],[111.0605379241129,-2.0553513109357646],[111.06407852388219,-2.0536880256268004],[111.06836811212857,-2.052078336372244],[111.07270682923235,-2.0505711005015304],[111.07653725707605,-2.0499379654456384],[111.07916807660598,-2.049764002842874],[111.0808803578986,-2.048551132794935],[111.0815492067973,-2.0458578348941527],[111.08079567161948,-2.041380940938493],[111.07766091732172,-2.0366007755183415],[111.07712578462667,-2.035753510603067],[111.07597538170496,-2.032543008849725],[111.07545362093629,-2.029270038052996],[111.07532436327709,-2.0255956932493064],[111.07566765562869,-2.022893474881716],[111.0764480228518,-2.0196160724949763],[111.07843237097512,-2.009458181884908],[111.0788202355328,-2.0073356810287497],[111.08183910506177,-2.002858723400607],[111.0840062027663,-1.9994475628054091],[111.08474645854108,-1.9962280671585615],[111.0846393952355,-1.993869193874712],[111.08389477328282,-1.9915058446922982],[111.08189259115962,-1.988803654908995],[111.07920819112685,-1.9869665439519537],[111.07544024945393,-1.9859364338801195],[111.0727469436255,-1.9855262245906513],[111.06948740164104,-1.985410317880866],[111.06578187808276,-1.985294333698945],[111.05664067020241,-1.9857982306463018],[111.052466992289,-1.9860969761938885],[111.04875258656563,-1.9859810629814536],[111.04469480999774,-1.9856287624602493],[111.04097587121763,-1.9851650111132808],[111.03669070946668,-1.9841260391751048],[111.03366299520694,-1.9832565706068117],[111.03109008773052,-1.9824048772943224],[111.02892295758923,-1.9822265033669024],[111.02400010228952,-1.9830291363317192],[111.02046849082241,-1.9839432479572436],[111.01526468377071,-1.9861326464295108],[111.01229940268372,-1.9879787241037514],[111.00906206712946,-1.9893699553885429],[111.00349263742473,-1.990038830987346],[110.99868127533723,-1.9882952908613072],[110.99717863693735,-1.9866231847041833],[110.99517199813967,-1.984424857004423],[110.99333927427229,-1.9827660201385962],[110.9912702423764,-1.9814015583147775],[110.98829608720006,-1.980153017940606],[110.98290945737132,-1.9782891340409885],[110.98043913183471,-1.9761755117914679],[110.9787758777113,-1.9737765167515398],[110.97767447073181,-1.9718858416784137],[110.97721076850804,-1.9696964309153076],[110.97668457851353,-1.966089005718089],[110.97452633712659,-1.9567739709392629],[110.97394666495163,-1.9543124971342876],[110.97364796058417,-1.9510484494207352],[110.97386198353155,-1.9480519328104615],[110.97419188635925,-1.9446719423364098],[110.97492318483108,-1.94219264669846],[110.97611381945373,-1.9401771888284391],[110.97793761133927,-1.9382240820396117],[110.97981934527537,-1.9368907771323725],[110.98227629911129,-1.9355531019831163],[110.98461728491189,-1.9346122115612097],[110.9866640241962,-1.9336356327580013],[110.98883119462937,-1.9325877557178193],[110.99025805761526,-1.9307417186518467],[110.99156012681469,-1.9284987824823785],[110.99275068188524,-1.925796545611316],[110.99354438571281,-1.9227465334331837],[110.99444514812176,-1.9187200016442396],[110.99527905641433,-1.9141716535037832],[110.99617081480106,-1.9092889853514345],[110.99633135682681,-1.9056057671749203],[110.99533699704658,-1.901137740184472],[110.9944139493353,-1.8986718510570268],[110.99222448718866,-1.8952962847471448],[110.98999054914141,-1.8935750928335386],[110.9880374019742,-1.8924915097158679],[110.98471097170774,-1.8907302149680527],[110.9824234690468,-1.8894816213701462],[110.97955174744901,-1.8877068977207818],[110.97605133158093,-1.8845766406760616],[110.97535577894973,-1.8821731472999124],[110.97476273573663,-1.8782000842620612],[110.9742053480696,-1.8686665553140018],[110.97419188635925,-1.8633869898431106],[110.9743479694397,-1.8610860866612111],[110.97523535113956,-1.854937016623185],[110.97595773621241,-1.8514901372437402],[110.97709034056768,-1.8472316660177617],[110.97788403725451,-1.8444625709460836],[110.97873130841691,-1.841470526311614],[110.97934663765439,-1.8392276011317852],[110.98045250263614,-1.8319904499416726],[110.980893921057,-1.8285435724796693],[110.98248140925351,-1.8244546002817124],[110.98368087202118,-1.8224925805563914],[110.9850989078627,-1.8203031334276716],[110.98838968323528,-1.8155185034839854],[110.99021348802651,-1.812869862763175],[110.99300491083991,-1.8107294395260032],[110.99620201361853,-1.808936891050552],[110.99797234275215,-1.8078979167582252],[111.00338566961501,-1.804406461963309],[111.0047902593389,-1.8022348545157298],[111.00552157057444,-1.800143577745017],[111.00615028017299,-1.7974502650994795],[111.00718039294563,-1.7946276462096742],[111.0084912975742,-1.791118334116492],[111.00998066539435,-1.7879613058209334],[111.01168851899618,-1.7841532018799915],[111.01311540025846,-1.7788602981415662],[111.01345877243837,-1.7754178214131087],[111.01345877243837,-1.7711014457606624],[111.01289245851488,-1.7667359518676595],[111.01225483254473,-1.761443017018948],[111.01185797643686,-1.7554544463107797],[111.01220134837936,-1.7533274492522941],[111.01345877243837,-1.7504423944197374],[111.01494814433272,-1.7476287144967189],[111.01585328354389,-1.7450424393304438],[111.01551891591652,-1.741586661276813],[111.01453345956008,-1.7389468630771776],[111.01316888445069,-1.7366415195064604],[111.01082786099897,-1.7339393100203329],[111.00870532476638,-1.731468965589254],[111.00653822102879,-1.7284099754379885],[111.00562417247309,-1.7264033716120282],[111.00470557642775,-1.722604219188827],[111.00454057665317,-1.7198440827937198],[111.00493743115318,-1.7167316411101985],[111.00579799538389,-1.7116794514113307],[111.00607451119497,-1.7065024285363135],[111.00607451119497,-1.7044868901637198],[111.00573559741397,-1.7013833817458868],[111.00493743115318,-1.6981014833672268],[111.0032206699619,-1.6944762077654236],[111.00173130773933,-1.6915332128664713],[110.99982280838472,-1.6886481622142102],[110.99734354507248,-1.68502293802986],[110.98708315944168,-1.6714093212369912],[110.98416249471252,-1.6688854567324651],[110.98135325829296,-1.6669947930874225],[110.97912815709289,-1.6666514594522563],[110.97672914775488,-1.6668343039505937],[110.97455753555612,-1.6674094988345103],[110.9695901706248,-1.669483009003285],[110.96718671778383,-1.6706869146667225],[110.96461381547702,-1.672131671530629],[110.96255364093773,-1.6734649808716977],[110.9603285643154,-1.6752441554031499],[110.9583219685028,-1.6769074108529203],[110.95673450288304,-1.6788604965212606],[110.95542354648148,-1.6807065139644508],[110.95433106844364,-1.682833533589443],[110.95336347422541,-1.6852369554630198],[110.95262327139669,-1.6876627118711387],[110.95233785043857,-1.6903694027017542],[110.95114286673238,-1.6958228663459811],[110.95052299997296,-1.6979454091759911],[110.94903368349003,-1.7004692586771686],[110.94749525208444,-1.7024223615854248],[110.94435163198142,-1.7059896278468991],[110.94011545837536,-1.7103104714838235],[110.93789486883634,-1.7120941785871497],[110.93566973457142,-1.7134140262916946],[110.93367208251263,-1.7142791125024381],[110.93154955149254,-1.7149167611497156],[110.92938245531028,-1.7153225585718885],[110.92737580653906,-1.715558860991081],[110.9249188430989,-1.7158442558989755],[110.9226313319625,-1.716477466138973],[110.91839521569342,-1.717810715030702],[110.91600066082408,-1.7178731089210888],[110.91348122959161,-1.7173023777924137],[110.91188043784732,-1.7160359680644757],[110.90827302329487,-1.7132847284509505],[110.90650279012559,-1.7122011750252413],[110.90421075820068,-1.7111042464689938],[110.90232902072397,-1.7104264145563806],[110.90015305146137,-1.7092224857683302],[110.89798145103691,-1.7075592212345974],[110.89577420008531,-1.7048748351010967],[110.8946772153762,-1.6997201374739836],[110.89413322549035,-1.6971695036649779],[110.89189923997324,-1.6894151600842857],[110.88983906839198,-1.6854019525389514],[110.8884656828635,-1.6835113364510677],[110.88680243280281,-1.6814467183003619],[110.88365884336064,-1.679667565961289],[110.8814827189568,-1.6789228878254345],[110.87931114532161,-1.6786999608189284],[110.87684525434747,-1.6788158741685788],[110.8714140693347,-1.6793420277781745],[110.8675302590469,-1.6801000795486876],[110.86386928929709,-1.6802829301624114],[110.86215258759205,-1.679016537462756],[110.85945925722376,-1.6753422178982786],[110.85837566905839,-1.673335609540375],[110.85751509289975,-1.6700046615000588],[110.85699339954816,-1.667480834869292],[110.85710927075402,-1.6639804461630012],[110.85756857193594,-1.660248147583587],[110.85796548103491,-1.657479072570247],[110.85909363480464,-1.6481729019001976],[110.85822851068097,-1.6446725364284376],[110.85645378910164,-1.6412880813919613],[110.85553527854131,-1.6389916167848113],[110.85496447258942,-1.6349204553788348],[110.85542377309068,-1.6327934757638596],[110.85764442485802,-1.6295115948266539],[110.85900886862508,-1.6280222698405855],[110.86929153327341,-1.6203214209392744],[110.87210084505807,-1.6210481913121753],[110.87907485181532,-1.6182256279219296],[110.88272685489535,-1.6162635950629136],[110.88593292674786,-1.613440994428572],[110.88958940318163,-1.6081034632715572],[110.89026718293046,-1.606087946967537],[110.89082899817761,-1.6033901640906745],[110.89362934605036,-1.5993680462860715],[110.89734823490718,-1.5945299390102807],[110.89946189718127,-1.5924029806398123],[110.9016334087473,-1.5902224831399114],[110.90357317373392,-1.588376388894118],[110.90603010373994,-1.5865392318479137],[110.90820171550241,-1.5849874839154767],[110.9100879168589,-1.584064462388772],[110.91271876136476,-1.5832484458719234],[110.91974634399894,-1.5819731110776127],[110.9236970479732,-1.5820266330403188],[110.92746057652951,-1.582200529049178],[110.9355850551028,-1.5808627672048354],[110.93871083099457,-1.5797480033180409],[110.94198832708955,-1.5790167375971766],[110.94644743868443,-1.5788338830325235],[110.94953312372164,-1.5784816639711756],[110.95170470361317,-1.5773891924892245],[110.95398770795661,-1.5755519844223942],[110.95552614540496,-1.5734740973237344],[110.95689949809336,-1.5711731501434134],[110.95903988947855,-1.5678645164665768],[110.96209885661123,-1.5634767399837988],[110.96831485941173,-1.5547324900825388],[110.97088776734,-1.5520257677316691],[110.97265797973479,-1.5494395421210447],[110.97562328516564,-1.5444498152484158],[110.97705022824199,-1.5415157122876841],[110.97847708154555,-1.5395001647838267],[110.98013142151483,-1.5377076168945376],[110.98339107984862,-1.5366151473106735],[110.98728381319945,-1.537355361264838],[110.98940195787596,-1.5382694744009162],[110.99340621973317,-1.541600447126539],[110.995809618036,-1.5449269008849058],[110.9964963558418,-1.5475666849255196],[110.99695560621305,-1.5499835241057769],[110.99775831684252,-1.5523334639178379],[110.99916735912069,-1.5547235735072589],[111.00897292701174,-1.560676435208727],[111.01097057629492,-1.5615950500858908],[111.01331159993055,-1.562058787016253],[111.01576860011562,-1.5618848827979936],[111.01770831550041,-1.5610732884650091],[111.01954097321534,-1.5583755873594234],[111.02085197769335,-1.5552140521982014],[111.02210049361355,-1.5526233443597968],[111.0273043199477,-1.5484897144697358],[111.03467520413254,-1.5417609240662926],[111.03661930534625,-1.5401512136100772],[111.0387864443396,-1.5390052511924552],[111.04135936228329,-1.53888482735582],[111.04381630841075,-1.539691945148242],[111.0467281543092,-1.540677348829462],[111.05015721051605,-1.5402091458420777],[111.05323843618068,-1.5382516081989208],[111.05564191201397,-1.536472448638499],[111.05827270403103,-1.5352685256051437],[111.06169732339126,-1.5349876009827925],[111.06404277583627,-1.5357411603533024],[111.06610288310414,-1.5372304744285281],[111.06752980517179,-1.5387331948395657],[111.0681005924767,-1.5407397975095904],[111.0681005924767,-1.5484451320135462],[111.0691217336454,-1.5522442607709164],[111.07037919521136,-1.5551783764257512],[111.0730680407242,-1.5590934632136457],[111.07506566605848,-1.5607656363746367],[111.07717936156362,-1.5619160610776153],[111.07929296830284,-1.5619784768242655],[111.0825480688595,-1.5613363809071905],[111.08529487381026,-1.5596107115272249],[111.08780536049348,-1.5569664756426838],[111.09037825091866,-1.5548974488699652],[111.09237598404567,-1.5539298112474875],[111.09596994366794,-1.5530068145486149],[111.10466078366616,-1.5515129897161362],[111.10911537363982,-1.5514594664034511],[111.11385987545628,-1.5520391655424148],[111.11843046381412,-1.551740432104747],[111.12196206532204,-1.5496802958158549],[111.12339793984249,-1.547147518400454],[111.12305454879727,-1.5437006418763242],[111.12156518740353,-1.5419081135005126],[111.11934010718154,-1.5378859704068855],[111.12076706548815,-1.535295276961608],[111.12214044664205,-1.5330523088812404],[111.12293866001677,-1.5308718337870633],[111.12190412095957,-1.5264394852849958],[111.11682075983317,-1.5169460482151385],[111.11464471409491,-1.5138425208437267],[111.11253552911752,-1.5112473191961922],[111.11081876485,-1.509120309605352],[111.10927592498093,-1.5064715958684785],[111.10750567654797,-1.5031317639659165],[111.10664952485503,-1.5002021274835786],[111.10561945074564,-1.4959437088614869],[111.1062481924958,-1.4916272485287023],[111.10875870410264,-1.4888046387107823],[111.11218322529211,-1.48708788217715],[111.11550086894448,-1.4861113773482224],[111.1188719136934,-1.4862852842605525],[111.12190412095957,-1.4867445818679734],[111.12544464253605,-1.4867445878378063],[111.12881570240849,-1.4861738018280062],[111.13195044059667,-1.4850813431583012],[111.13475079583387,-1.4832441425473122],[111.13652106603323,-1.4810547516066153],[111.13851875042461,-1.4781161841925432],[111.14035142567063,-1.4758197360797654],[111.14308929802515,-1.4738666684988808],[111.14675019991938,-1.4719760076543378],[111.15080353318733,-1.47065614146085],[111.15439758731729,-1.4700764550950085],[111.15759922008492,-1.4701923891089248],[111.1613180898604,-1.4715122384990675],[111.16502359336293,-1.4735857340770806],[111.1677080060941,-1.4760070077135479],[111.16936677633416,-1.4797437418364352],[111.17074018618356,-1.48636555782872],[111.171195018069,-1.4886619477514207],[111.17200652932807,-1.4929248945664233],[111.17217154241136,-1.4967774994217213],[111.17177465594582,-1.5002779314630805],[111.17257734365167,-1.5033859396452192],[111.1742851481236,-1.5070691473004396],[111.17577454306824,-1.5093655874798089],[111.18034507081148,-1.5132806746171754],[111.18222680910412,-1.5147834131920053],[111.18479971507516,-1.5161701785953694],[111.18891105758355,-1.5150196896051134],[111.19136798723672,-1.5132895569508256],[111.19251399121593,-1.5111581227113313],[111.19285730128638,-1.50857182387231],[111.19274140911652,-1.5059187208563147],[111.19193425759453,-1.5027616335906644],[111.19050734749881,-1.4997161072149285],[111.18873712863083,-1.496376190160192],[111.1879969300768,-1.4938434495663262],[111.18805041867105,-1.490561569106476],[111.18873712863083,-1.4877478770031587],[111.18994107745552,-1.4844124603587865],[111.19068127657174,-1.4814292727834435],[111.19113165468089,-1.4781429186489892],[111.19164443631631,-1.471177835231811],[111.19187185414015,-1.4678959683877089],[111.19159094764706,-1.4645025882549538],[111.19050734749881,-1.4608862613765203],[111.18929894102286,-1.4577737777523538],[111.186837555976,-1.4507016659397218],[111.18290014536606,-1.4384480582994872],[111.18272175945154,-1.4357948935808449],[111.18467045113964,-1.4310816003808111],[111.18661459597993,-1.4301719240149773],[111.18889768543039,-1.4300515116398786],[111.19134570029345,-1.4306222951107823],[111.19425746832077,-1.4315988506895037],[111.19951474204395,-1.4352909805892393],[111.20100406075896,-1.4370166309078105],[111.20358144285917,-1.4394335048468225],[111.20626134799042,-1.4403565176883542],[111.20877633133827,-1.437939700767669],[111.20882982035764,-1.4354693703516839],[111.20848650820083,-1.432477311006048],[111.20814310512034,-1.4295476790011281],[111.20808961611468,-1.427349305068532],[111.20889222421492,-1.4218334474726604],[111.20945858931844,-1.4182036846644286],[111.21036371850646,-1.4148772377955297],[111.21196902727324,-1.4115373230603838],[111.21437248930017,-1.409178481612895],[111.21682944263128,-1.4079745351589852],[111.21974123856596,-1.4075687518217421],[111.22202426557621,-1.4079745666743628],[111.22419585838195,-1.40889756845407],[111.22642539969218,-1.4107346988107365],[111.2292792588244,-1.4124068857257353],[111.23253438288224,-1.4138426894269949],[111.23619086418682,-1.4152295232955898],[111.24710229768539,-1.4183330545455184],[111.25006761436273,-1.419028658714528],[111.25373294161943,-1.4195548511733809],[111.25761241502249,-1.419670757210899],[111.26064460455301,-1.4200051758488454],[111.26286962517666,-1.4208122910898537],[111.26503679080471,-1.4220742187707078],[111.27035650973932,-1.424789828221253],[111.2737275740247,-1.4258287548969026],[111.27646549181082,-1.4257663592984842],[111.27835166081103,-1.424263634258055],[111.2794396607951,-1.4213340269823587],[111.27954673238527,-1.4181145113984621],[111.27909188283385,-1.415412291509246],[111.27640754402994,-1.4092587633829337],[111.27537749283455,-1.4069533670338707],[111.27514561082639,-1.4046569747276605],[111.27697828878098,-1.402414057256173],[111.27960022269671,-1.4019502874786505],[111.28251644667647,-1.4018432974628756],[111.28572259492671,-1.4021242093375803],[111.28936567609165,-1.401727320788442],[111.29199207745887,-1.4010941347846941],[111.2939987000705,-1.4001176060088216],[111.29588487910962,-1.3983339473896947],[111.29788249795938,-1.3953507973871366],[111.29971518851613,-1.3922918432060676],[111.30130708110315,-1.389759076787415],[111.30615863276876,-1.3838463573860882],[111.30832573595333,-1.3816568878194475],[111.30987751437797,-1.3798197488436605],[111.31210256823563,-1.3769347572967086],[111.31398884806421,-1.374294966598758],[111.31552270769022,-1.370848091314442],[111.31683368923267,-1.3672183330722594],[111.32134184642558,-1.3542780342051446],[111.32191259866235,-1.351401911388516],[111.32191259866235,-1.348869159519475],[111.32208207770665,-1.3463988406820888],[111.32242540242898,-1.344209371796622],[111.32333957061182,-1.3415160997410398],[111.32528817147158,-1.3380068120760757],[111.3271119609121,-1.3351752827038659],[111.32927907659293,-1.3328788392490019],[111.33630215190712,-1.3261009806985011],[111.33847818799957,-1.3246027555338695],[111.34064531010128,-1.3241924693737763],[111.34385141942907,-1.3258155809761902],[111.34664724930839,-1.3265558237912385],[111.34881437586947,-1.326564712534619],[111.35087006323697,-1.3259315213002694],[111.35389778504027,-1.3241479130355747],[111.35635475171664,-1.32213236400586],[111.35877160124063,-1.320821389400605],[111.36093864320867,-1.3185784559281606],[111.36282931340831,-1.3162731316775218],[111.36602652477178,-1.3117292894711001],[111.3679751464338,-1.3088531824195886],[111.36951357566582,-1.3052903861470653],[111.3713997010132,-1.2969518316553972],[111.3719704603695,-1.293669916010238],[111.37231388032377,-1.2909632413849101],[111.37248327052032,-1.2875163537459144],[111.37356684029278,-1.2832579163705677],[111.3757384382692,-1.2796951026871357],[111.37860115384268,-1.2770017951465333],[111.38231118787769,-1.2748659036570584],[111.38436680019817,-1.2743486197427807],[111.38699317467064,-1.273889381023773],[111.38956614974268,-1.273777874090181],[111.39190714616473,-1.2743486249661176],[111.39402962752906,-1.2759672837318592],[111.39694147952014,-1.2779203723661252],[111.40054445298505,-1.2766004934920314],[111.40180187814892,-1.2743575585643654],[111.40317529391243,-1.2707412270006797],[111.40329119322632,-1.2686142207642102],[111.40288545466662,-1.266598752729934],[111.40242613318412,-1.264128367827103],[111.40208280200241,-1.2613057612858831],[111.40271597240348,-1.2546840444626628],[111.40317529391243,-1.2515849266544634],[111.40408493074968,-1.2480756459325055],[111.40497673708057,-1.245141554566763],[111.4065998741293,-1.2423234023878478],[111.40899437065455,-1.2399689983286175],[111.41225402081184,-1.238127392175273],[111.41522819975788,-1.2373738035379536],[111.41905416095514,-1.2369769494619396],[111.42242525930357,-1.2368030529568124],[111.42448534565202,-1.2373826967789385],[111.42694225775284,-1.2380159311883476],[111.42979608708654,-1.2377884670779995],[111.43243594871592,-1.2371017979234948],[111.43540122307303,-1.2361832043487961],[111.4391691569062,-1.235148684607993],[111.44323139213708,-1.2347518449621249],[111.44940275978324,-1.232914689878298],[111.451284547319,-1.2319381582002096],[111.45356761984738,-1.2309705376967808],[111.45648386953145,-1.2300920724290014],[111.45899874472636,-1.2300385545406403],[111.46093848523552,-1.2307386579441528],[111.46551355307707,-1.2317152187806946],[111.47385202893328,-1.2322993126787465],[111.47733905720492,-1.232526714784356],[111.48265875707555,-1.2323661870619016],[111.48545911768056,-1.2316795492807278],[111.48768415962508,-1.2305290942255782],[111.49202735080985,-1.226622900662598],[111.4930662745713,-1.2241971541379348],[111.49311085186339,-1.22407671691389],[111.49443079468516,-1.2212675075511412],[111.49591121601263,-1.219827219515973],[111.50205142374212,-1.218199638764027],[111.50498106502401,-1.2185207108694176],[111.50928405407491,-1.2183467786997026],[111.51179448822361,-1.2175397145490139],[111.51419802823645,-1.2168529929433194],[111.51773847464189,-1.2158764765016221],[111.52265245283921,-1.2158229243733045],[111.52619299301321,-1.2163936994719684],[111.52899773334171,-1.216340198761461],[111.5317980165959,-1.2162822205449173],[111.53494172901443,-1.2159968784628126],[111.53870961804107,-1.2145654826521766],[111.54019896115642,-1.2127818540541597],[111.5419068251642,-1.2113460088491803],[111.54408284418362,-1.2102490533383317],[111.5469991232262,-1.2096292368300656],[111.5508250573314,-1.2094553665917607],[111.55482484480468,-1.2098076361195098],[111.55819590787489,-1.2105611923564714],[111.56036301370818,-1.211074040352755],[111.56276647185433,-1.2103784063213516],[111.5648176765741,-1.208715133975641],[111.56761805763658,-1.2062982964983715],[111.57058774292045,-1.2032527212368445],[111.57344607564212,-1.1998593788870988],[111.57481942918513,-1.197099188518092],[111.57522526718185,-1.1929031904806642],[111.57470798521734,-1.189621274540996],[111.57368688557425,-1.1869680815365526],[111.57122984201007,-1.184212351397272],[111.56882647377186,-1.1828256331903069],[111.56539290912647,-1.1814967626792718],[111.5621957881144,-1.1802304251131803],[111.55985473862006,-1.1789105299718923],[111.55859283001338,-1.1770109589794546],[111.55756272474413,-1.175222805576029],[111.55630527406353,-1.1718829612802903],[111.55573449956404,-1.168382603355639],[111.55573449956404,-1.1654440571514804],[111.55693845714644,-1.1623940154784675],[111.55917252012094,-1.1598076939074604],[111.56265057019742,-1.1568780961169547],[111.56448325386154,-1.1552059283182663],[111.56762697315095,-1.1522763291725033],[111.56990998178902,-1.1492887191710348],[111.5713948700309,-1.145832932635804],[111.57162676442397,-1.1425598878387015],[111.57099803859602,-1.1391665129863502],[111.57002142573192,-1.1356572218115948],[111.56836714280884,-1.1331289244157658],[111.56671286002295,-1.1314523260175258],[111.56111218956309,-1.1274301713264772],[111.55693845714644,-1.125463755380296],[111.55568546426768,-1.1237380506266872],[111.55448150677805,-1.1216021760925114],[111.55374124672831,-1.119243270744026],[111.55334441568232,-1.1171162998224797],[111.55334441568232,-1.1139503500319163],[111.55379483074695,-1.1102537360241664],[111.55523059139568,-1.1055582949998395],[111.5565951190752,-1.1018751068802453],[111.55790606283536,-1.0994092271214961],[111.55916806236579,-1.09704588179241],[111.56299390838888,-1.088707384243127],[111.56579419820666,-1.0827856402344718],[111.56859457941033,-1.0781259133220453],[111.5708240950625,-1.075945440004769],[111.57402130843866,-1.07467012926452],[111.57859187604264,-1.0735865416170742],[111.58236869026855,-1.073015754251897],[111.58837065550304,-1.0723290944796002],[111.59156787104631,-1.0712945602227777],[111.59414072730848,-1.069742832019701],[111.59653527326621,-1.0678521507276773],[111.59876033342373,-1.0656627494509556],[111.60059311059378,-1.063700742680151],[111.60276022003548,-1.0602538298601767],[111.60367433431827,-1.0581268530552266],[111.60470435045035,-1.0552507376598186],[111.60578795073093,-1.051915300949655],[111.60704986155142,-1.0486379089422844],[111.60887809026221,-1.0471485439628976],[111.61127263690244,-1.0468052031901725],[111.6140194378924,-1.0473848703205348],[111.61613305458684,-1.0484773459499552],[111.61915632800215,-1.049797231870203],[111.622019030995,-1.048178621739308],[111.62316058237701,-1.0462879203219153],[111.62407469684136,-1.044044995222606],[111.62476137438699,-1.041052950515344],[111.62493977590617,-1.038466636135252],[111.62470788122367,-1.035189232358672],[111.62384725992244,-1.032023299021926],[111.62265221537623,-1.028451510002334],[111.61705162679065,-1.0119885338692176],[111.61613305458684,-1.0095047928856722],[111.61512969390894,-1.0073064466591986],[111.61458575579526,-1.005371245083074],[111.61426470585448,-1.0033066654135803],[111.61461696013923,-1.0002031337454327],[111.61587441333056,-0.9975633401473207],[111.61799694558115,-0.9933673474606628],[111.61953532887972,-0.990781045483071],[111.62188529808701,-0.9874322705591686],[111.62469450793283,-0.9845561334742633],[111.62800762701056,-0.9824336318343331],[111.63230172694539,-0.980596462346559],[111.63629706563069,-0.9797358776040065],[111.63915985938368,-0.9795129239039188],[111.64184425153309,-0.9800256653669566],[111.64870229204494,-0.9805518847697337],[111.65132873280439,-0.9804894296619769],[111.65648790983836,-0.9788797065844785],[111.6591723009501,-0.976636768942847],[111.66198150913834,-0.9735332571993095],[111.6645499980009,-0.9712368019726539],[111.6683268124661,-0.9687040231011014],[111.67261645060164,-0.966866878696117],[111.67672777761611,-0.9662247821334621],[111.6802727867117,-0.9659438583914962],[111.68272973865359,-0.9650207983436194],[111.68553894399027,-0.9631212377315269],[111.68770605015354,-0.961404458488902],[111.69080955750103,-0.9579665005543015],[111.6943456483482,-0.9553623841372602],[111.7014980671783,-0.9516167556528953],[111.70499403577583,-0.9501808925691309],[111.70956459398525,-0.9484061874652342],[111.71785846087346,-0.9451332116900782],[111.7210021721864,-0.9431176861357328],[111.72323613899584,-0.9415704107582101],[111.72495291617004,-0.9392516935474586],[111.72569317446707,-0.93580920902457],[111.72621036362503,-0.9323534661579673],[111.72713348025479,-0.9289600363716594],[111.72856923713513,-0.9262578308984237],[111.73045549860576,-0.9243047851492686],[111.73320228552566,-0.9236715511832608],[111.73582425502475,-0.9237875341147879],[111.73805821871143,-0.9240773275134855],[111.74006037957669,-0.9244207184524802],[111.7437212725065,-0.9248800186211116],[111.74846575703585,-0.924367182819617],[111.75252356660222,-0.9234441556844969],[111.75629598866419,-0.9220707406150163],[111.75943959662034,-0.9208043917154115],[111.7665876044022,-0.9176473320842251],[111.76944582319108,-0.9163274399784885],[111.77230858961123,-0.9143653919257275],[111.77528279789713,-0.9120021076465389],[111.77870741626218,-0.9105083203957206],[111.78288111083874,-0.9095897550016904],[111.78729115257676,-0.9092552718940968],[111.79123749889129,-0.9092552973575262],[111.80631818025957,-0.9108204148080771],[111.81300235741382,-0.9120020867454423],[111.8190087765503,-0.9132863155483358],[111.82392269302396,-0.9141023078317945],[111.82820789030994,-0.9144457184096122],[111.83209171134722,-0.9143921835610337],[111.83535136419005,-0.9134245272654539],[111.83838804045253,-0.912158162555485],[111.84073796088596,-0.9109452787384423],[111.84371213567765,-0.9092820459940535],[111.84725270505203,-0.9072620784689339],[111.84942431489377,-0.9063435071058862],[111.85405727950628,-0.9046757733978672],[111.85708502916717,-0.9030660703268057],[111.85977827101796,-0.9012333920466514],[111.86161100280187,-0.8996236401254464],[111.8635551751056,-0.8974966690859122],[111.8654993465994,-0.8940943617288724],[111.86664532573668,-0.8906385703572799],[111.86750592431402,-0.8859832294845016],[111.86797415901137,-0.8820101915110843],[111.86797415901137,-0.8779211780257504],[111.86837543801934,-0.8739526102620715],[111.86872777387741,-0.8707866154346968],[111.8699049557104,-0.8641738086966132],[111.87571517141133,-0.8627825367819537],[111.87909069329025,-0.8622653032372652],[111.88292107280243,-0.8621582731052333],[111.88754072157302,-0.8628539212105242],[111.89068434688794,-0.8635406241742235],[111.89720356834263,-0.8660198588855964],[111.9023449235333,-0.8680397936164236],[111.90593893760098,-0.8693151004487992],[111.91245367676696,-0.8708133749884674],[111.91697076722872,-0.8714465524333102],[111.91919583304937,-0.871384135715923],[111.9199984720739,-0.8686819136400452],[111.9193207365379,-0.8667288222162242],[111.91777786431533,-0.8648827767187458],[111.91269893561082,-0.857797264914811],[111.90716514273566,-0.8486472254015532],[111.90608158096579,-0.8462838772038159],[111.90442726331095,-0.8418514912705933],[111.90368711854956,-0.8394391687119466],[111.90271945366403,-0.8360368513244607],[111.9022155618915,-0.8322377038496532],[111.90216207057848,-0.8291921646211932],[111.90250539746292,-0.8263160013693973],[111.90330358232131,-0.8222269945997537],[111.90434256877847,-0.8191681034859312],[111.9059433952062,-0.8132464119846647],[111.90646957453096,-0.8110034579682113],[111.90692888972458,-0.8080693692340999],[111.90687530750334,-0.8049033925185373],[111.90659884506321,-0.7958068681091743],[111.9063804224373,-0.7908572549343087],[111.9061574512228,-0.7851496090494228],[111.90616636643276,-0.7815332822174942],[111.9062822641604,-0.7783048577729336],[111.9070492450339,-0.7746038228330382],[111.91034896225356,-0.7731323220024375],[111.91251162553822,-0.7733641754933996],[111.91468766040163,-0.7741177841832344],[111.91645796210426,-0.7755892774859099],[111.91891491389912,-0.778313787042687],[111.92044887048165,-0.7803917503198188],[111.92318673853556,-0.7841284372774073],[111.92518437298975,-0.7881639634328872],[111.9262634717686,-0.7928861523744122],[111.92820770458495,-0.7971980624777035],[111.93014738782495,-0.8003640636744924],[111.93442365704294,-0.8057729281703503],[111.93613600092266,-0.8077349585311616],[111.9381336282815,-0.808657957594831],[111.94030964806389,-0.8092376505919112],[111.94230736404269,-0.8100982913629887],[111.9438992590362,-0.8113646661342061],[111.94647217973153,-0.8135540537177863],[111.94863927922322,-0.8156854899139829],[111.9518988409998,-0.8176386190637546],[111.95446729816273,-0.818628508403744],[111.95709370142887,-0.8185081129276577],[111.96099095586567,-0.8177054856406907],[111.96454042723704,-0.8162116872944444],[111.96848224815204,-0.8139776667335834],[111.97277193289186,-0.8112665766549316],[111.97579967999073,-0.8094294137291305],[111.97867577779984,-0.8078196433905527],[111.97888982938245,-0.8076992389156366],[111.98543581627568,-0.804707206177249],[111.99043885930236,-0.802647112369486],[111.99574964276569,-0.8009259202793961],[111.99986990550448,-0.7997041177254182],[112.00512718253434,-0.79833072072439],[112.01062078680492,-0.7977599610600783],[112.01598957183644,-0.7978803514628752],[112.02096590929271,-0.7976529207181804],[112.02548293949464,-0.7970197097088585],[112.02919744199912,-0.7958692562599381],[112.03217164208974,-0.7934568981814123],[112.03417375588056,-0.7906877694138883],[112.0356675397639,-0.7860324647270236],[112.03612683652523,-0.7826926423169979],[112.03567645461561,-0.7799903894797956],[112.03379023508263,-0.7751567462082345],[112.03276911979233,-0.7725615507516377],[112.0312797917566,-0.7693956173785048],[112.02974588855822,-0.7660601936977536],[112.02718186129779,-0.7594384317468295],[112.0196013835863,-0.7399209592825232],[112.01823249073574,-0.7357784439737922],[112.01635963174415,-0.7290407074303278],[112.01493715685635,-0.7238013102640363],[112.01459384152189,-0.7213889127303339],[112.01459384152189,-0.7190791275307076],[112.01499965225065,-0.7164928311341017],[112.0162660251496,-0.7135631729746335],[112.02072957348761,-0.7058578937710517],[112.0230795583062,-0.7032091438720086],[112.02608496705469,-0.7018223792388604],[112.02942477124625,-0.7011356754734509],[112.03376794793783,-0.7011356857471837],[112.03759833222057,-0.7011980678754636],[112.05033797982509,-0.7017777753145671],[112.05919818706516,-0.7027632277547824],[112.0627342563514,-0.7033964543765283],[112.06753676037107,-0.7044933832650466],[112.08359398028784,-0.7084709153784317],[112.0864566841771,-0.7092244532229036],[112.0898277933811,-0.7104908976704788],[112.09353774548399,-0.7123324835630477],[112.09879501715419,-0.7150480679594496],[112.10341470055188,-0.7170011213662781],[112.10754379921745,-0.7184682062890171],[112.11090150637762,-0.7197167256411336],[112.11461597330079,-0.7211436520104235],[112.11781311712994,-0.7230521841022833],[112.12123766823734,-0.7251791516727736],[112.12505918349201,-0.727257086788974],[112.1293487949596,-0.7284699786590558],[112.13483348550209,-0.7292770442146381],[112.13952450191152,-0.7296293465422437],[112.14706485514414,-0.7296293390397829],[112.15546578555954,-0.7292235652517332],[112.15815902463221,-0.7287687364741613],[112.16084343682579,-0.727555827790543],[112.16233277425454,-0.7258926174109156],[112.16216331021316,-0.7236496489383553],[112.161249222937,-0.7216876749318413],[112.15993380616166,-0.7194447477735202],[112.15868524646672,-0.7172018414821073],[112.15725830719403,-0.7145530989111376],[112.15469432583929,-0.708511007933126],[112.15024412296997,-0.6971670641678067],[112.14739923745991,-0.6879590348843336],[112.14672146737426,-0.6847395634384862],[112.14758207434059,-0.6800798183157805],[112.14948166673683,-0.6791612043843969],[112.15357957013819,-0.6797364230752384],[112.1549529345236,-0.6815201086650777],[112.15694621242285,-0.6839458354244694],[112.15905983264614,-0.6842892170488389],[112.159804456649,-0.6807129561523428],[112.15958596329088,-0.6785815336017246],[112.15901071255843,-0.6759952471305111],[112.15861393136328,-0.6730522280533038],[112.1587387327927,-0.6688562395362219],[112.15885025359724,-0.6658641727276192],[112.15897505501256,-0.6628676578669164],[112.15949236225742,-0.6597017275579605],[112.16040645030425,-0.6568924606339351],[112.16155240269009,-0.6544131867843082],[112.16355904584557,-0.6518269512625141],[112.16573505985917,-0.6502172117727155],[112.16819651262553,-0.6472296047316225],[112.16882524687341,-0.6452140613880987],[112.16968584475558,-0.6424538878139048],[112.1703725217412,-0.640375946842871],[112.17318180958004,-0.6378966979892498],[112.17518835041736,-0.6376335917182278],[112.17832309463483,-0.6375622439962485],[112.18123488579158,-0.6372724506559561],[112.18501181218883,-0.6353728384322667],[112.18741520785262,-0.6319259709200137],[112.18821785512506,-0.6299728858545001],[112.18890452579417,-0.6273776944629138],[112.18959128718696,-0.6244480581770822],[112.19028687162876,-0.6222051142076126],[112.1915443261297,-0.6200781287081413],[112.19460327368944,-0.6172822657233806],[112.19702903417792,-0.6157572715631584],[112.19944142034126,-0.6150660796701656],[112.20772643080012,-0.6142634648316587],[112.21041077635573,-0.6142723507931016],[112.21606498118899,-0.6151954251396345],[112.21863343142512,-0.6158286432070588],[112.22162548005633,-0.6171484916807126],[112.22537112816195,-0.6189945466380198],[112.228006421174,-0.6209030618470335],[112.23079779745069,-0.6229721151646782],[112.23599268588356,-0.6274713459282246],[112.24398782970407,-0.6350562357776083],[112.2458116504293,-0.6371921527190428],[112.25453805798622,-0.649106895828],[112.25744536534431,-0.653311846429947],[112.25972842098737,-0.6570530278017331],[112.2622389601503,-0.6614229086918583],[112.26372385218906,-0.6637283058601312],[112.26635026610649,-0.6671305544823981],[112.26817397283597,-0.6700601708803121],[112.2699442854225,-0.6735695163610436],[112.27158971126235,-0.6778324212426741],[112.27438556722876,-0.6853192443038564],[112.275290685741,-0.6883157366476294],[112.27643675010098,-0.6909555275668041],[112.27826044617383,-0.693894083071975],[112.28060150514459,-0.6976397214934499],[112.282831047477,-0.7008592273936258],[112.28544406154393,-0.7057508381844345],[112.28681751134746,-0.708747373545132],[112.28842280897646,-0.7115164668792037],[112.29058994470452,-0.7149054070978896],[112.2926411079888,-0.7174381272510231],[112.2946922687594,-0.7193376938558529],[112.29675234073238,-0.7211302891745671],[112.29931639866807,-0.7246930956280165],[112.30034638662845,-0.7271723954686181],[112.30142103339749,-0.7301644312546152],[112.30268295796198,-0.7328131321090904],[112.30479213619482,-0.73391009751693],[112.30679425673519,-0.7344808331646175],[112.31016534849793,-0.7327061091986155],[112.31199801233136,-0.7297675837508801],[112.31411609217945,-0.7248090177181759],[112.31508822323372,-0.7223966867150976],[112.31635459405267,-0.72003331150092],[112.31818279408793,-0.7176209855571819],[112.31989957208457,-0.7153780677293593],[112.32189721720212,-0.7127917876642167],[112.32584356631612,-0.7083058902037342],[112.32756033610065,-0.7064687465999155],[112.32979436243575,-0.7041722957448114],[112.33213980474173,-0.7039360070270749],[112.33430697323966,-0.7045156780221254],[112.33733465553284,-0.7076816526714097],[112.33835579664351,-0.7096971485954298],[112.33966680733327,-0.713839638715866],[112.34212374427518,-0.7168227629780427],[112.3445895908026,-0.7179197474161596],[112.34921366778514,-0.7172330249631874],[112.35476081376227,-0.7158551938724653],[112.36573025861263,-0.7126446077555453],[112.36996636069671,-0.7112533582177293],[112.3737343213885,-0.7099334608523254],[112.37801951471525,-0.7080963583665817],[112.38208177379937,-0.7063127049902617],[112.39226629483616,-0.7023529768628349],[112.3957533432755,-0.7012025564931816],[112.40055134086965,-0.6991870581780778],[112.40386892941186,-0.6975773245836308],[112.40626346014182,-0.6957401602579778],[112.40872929145874,-0.6934972345581061],[112.41324639378328,-0.6886680420517065],[112.41564982178467,-0.6859657950686594],[112.41736657955693,-0.6831432209258467],[112.41839666959778,-0.6805569068974416],[112.41908333524076,-0.678541422349749],[112.42056825991702,-0.6769271805316773],[112.42262834360758,-0.6757187798946931],[112.42880421096028,-0.6732484785067544],[112.43132802782215,-0.6725617789548314],[112.43366903438422,-0.6725617577434355],[112.43870336737962,-0.6734936955162724],[112.44103999593148,-0.6741179932322925],[112.44451810180287,-0.6753264139335383],[112.44697504361908,-0.6768290827920478],[112.44936959130561,-0.6794153745551561],[112.45063148140393,-0.6823004052981966],[112.45130930916396,-0.6858677101377902],[112.451643721044,-0.6898987140651527],[112.45169719783411,-0.694041261503507],[112.45169719783411,-0.6961682406457157],[112.45146091771487,-0.6989908674757624],[112.45169274143502,-0.7030129823273723],[112.45430136943735,-0.7180401331872062],[112.45629901320692,-0.7218928098747165],[112.45864006785519,-0.7247020505609346],[112.4621181284848,-0.7273016494397255],[112.46600198095238,-0.7297764655390738],[112.46914124955332,-0.7312702990653966],[112.47205305595325,-0.7318499575061553],[112.47571397243591,-0.731569063916355],[112.47897353825299,-0.7304765706214107],[112.48131455285582,-0.7282336476522286],[112.48263443542999,-0.7258703325748389],[112.48355306854802,-0.723114575078788],[112.48423970113578,-0.719025578863807],[112.4848193824584,-0.7146467724533498],[112.48516278940815,-0.7108476063391819],[112.48516724569477,-0.7062457877508538],[112.4847703632916,-0.7025625917714097],[112.4847168878348,-0.6987634039342743],[112.4850067284221,-0.695597479424763],[112.4862061966733,-0.6938182940035181],[112.48826627103244,-0.6924983936471415],[112.49180682292435,-0.6923780297324437],[112.50341833874651,-0.6933902286884207],[112.50604923576316,-0.6937335393148097],[112.50868003638561,-0.6947680682565274],[112.51287159037416,-0.6952452042799107],[112.51525283063398,-0.6950936063275627],[112.51828048416594,-0.6952005814592526],[112.52153566735339,-0.6957713499716912],[112.524621326541,-0.6970823827689063],[112.5290225382216,-0.6984557572518875],[112.53188528175697,-0.6989730271451061],[112.5351403383112,-0.6994813261973727],[112.53811010496219,-0.6996418751769208],[112.54038871575014,-0.698602932970825],[112.54221252891577,-0.6964670134351628],[112.54357699947089,-0.6938807166191552],[112.54466946602977,-0.6910581121484931],[112.54626583136562,-0.6888151599239649],[112.54826351311566,-0.687602291726191],[112.55082747420461,-0.6869066631282142],[112.55390869455977,-0.6865009260257312],[112.55756964552594,-0.6868977385978274],[112.56088274332365,-0.6879857724223606],[112.56420037888324,-0.6889534286337786],[112.5678032795318,-0.6898541441883077],[112.57129031385284,-0.690714765954899],[112.57866120394412,-0.691160672697887],[112.58202334898223,-0.691160681825511],[112.58516705315478,-0.6908083874764814],[112.58910444655005,-0.68993886770762],[112.59218565808898,-0.6890604408523754],[112.59544973457933,-0.6876156636912933],[112.59784872579053,-0.6853682774420586],[112.59892340966718,-0.6828355004590464],[112.59949412477822,-0.6800262593005459],[112.60011394507467,-0.6770832965238703],[112.60090763466036,-0.674670878165892],[112.60455525323914,-0.6682854431397482],[112.60649045421246,-0.6651730351656211],[112.61056608710885,-0.6645576795908795],[112.61283128116038,-0.6648742604934814],[112.61802611512933,-0.6637728464938297],[112.6214462519155,-0.661636985485311],[112.6233280456383,-0.6596214230076731],[112.627006782285,-0.6567364044971438],[112.63143025268563,-0.6547744089271279],[112.63452035164008,-0.6546540361267839],[112.63692380650404,-0.6559739182825916],[112.63960823871824,-0.6585512349283981],[112.64195366747364,-0.6584888356915534],[112.6448610537659,-0.6561299953351584],[112.64828565450004,-0.6543998283573801],[112.65096996802008,-0.655648355613121],[112.65309249878548,-0.6563930817234211],[112.65612024875153,-0.6566739955654639],[112.66012004472692,-0.6565535696659578],[112.66428486532686,-0.6560853739149651],[112.66793691290003,-0.6546985651073038],[112.67141945417477,-0.6534901647123579],[112.67513385533486,-0.6525582275672183],[112.67833103607178,-0.6523753731069626],[112.68180917879567,-0.6524199841742024],[112.6844934995402,-0.6527009039776964],[112.68901948473642,-0.6524110664176933],[112.69141399809638,-0.6514880329074358],[112.69243521537517,-0.6493030481108756],[112.6926670827517,-0.6471760807042645],[112.69254214715988,-0.6446433075233421],[112.69218989054217,-0.6420035242464929],[112.69201603539967,-0.6383738052077577],[112.69412075364133,-0.6353817396640995],[112.69692106711021,-0.6344587094378709],[112.70085842408065,-0.6322692934729224],[112.70153619863729,-0.6291568526310102],[112.70084951316994,-0.6272662314053259],[112.69901231816407,-0.6243900821312389],[112.699868494176,-0.6220936376000668],[112.70301213440464,-0.6214604856878748],[112.70746684352818,-0.6234626025853158],[112.70969191772883,-0.6250633917156505],[112.71135515096982,-0.6262004460812843],[112.7136382279154,-0.6265438625916232],[112.71615761731044,-0.6263654536565606],[112.71894896042073,-0.6255048335224165],[112.72071928939886,-0.624572940120136],[112.72299789013312,-0.623823794339436],[112.72551725647888,-0.6234804036952054],[112.72797424185963,-0.6238148576664589],[112.73386463594312,-0.6244926290120424],[112.737806488163,-0.6243097879464582],[112.7419758168155,-0.6224013200540487],[112.74390213081612,-0.6200959827264375],[112.74482073379443,-0.6171663109657483],[112.7444060305252,-0.6139469025003214],[112.74377283712917,-0.611360592374376],[112.74320201712186,-0.6088902768102531],[112.74250199386216,-0.6026296811667246],[112.74278285790965,-0.5993477472822136],[112.7428898753651,-0.5964716739684329],[112.74282750155642,-0.5925743854952774],[112.7419044414734,-0.5885567554125388],[112.7421273871111,-0.5855647069792452],[112.74268920626126,-0.5826885666339168],[112.74348297189694,-0.5804456235961117],[112.74468243877462,-0.5782562012470259],[112.74633679510427,-0.5754425178717683],[112.74883837306383,-0.5722676452508103],[112.75123738342899,-0.5702521704510366],[112.75409118443083,-0.5685130646242714],[112.75756925182283,-0.5673581763711282],[112.76077090328734,-0.5667784957365078],[112.76471719513326,-0.5663147230068741],[112.779222679225,-0.5655923639227354],[112.79058886512624,-0.5661453287972358],[112.79492762456944,-0.5664797262644305],[112.79715713975872,-0.5669969783453768],[112.7993867406653,-0.5681340931613551],[112.8054510869039,-0.5716344669602403],[112.8096783136356,-0.5744303069093876],[112.81219327501174,-0.5755807439646675],[112.81700015834316,-0.5771236388995645],[112.82014378910968,-0.5769987646768954],[112.82311357723908,-0.5764726146869823],[112.83133619986766,-0.5750278267399148],[112.84612259057458,-0.5718886602268475],[112.8492573039804,-0.5706757633474162],[112.85217354149573,-0.5688876432074874],[112.85393489826038,-0.5671040347818695],[112.85627145903558,-0.5643349015288192],[112.85855010230881,-0.5605402104947562],[112.86037381284397,-0.5582303800555992],[112.8640303141411,-0.5536910549170786],[112.8658541045531,-0.5515015936438472],[112.86813263280469,-0.5490803005369097],[112.87058070557656,-0.546663488892512],[112.87314468374227,-0.5446479747215088],[112.87492390919087,-0.5433637729413373],[112.87890590312671,-0.5407195181536089],[112.88831903304659,-0.5348959375589156],[112.89094541514059,-0.5337365366337316],[112.8987666966161,-0.5304457458535347],[112.90207531577718,-0.5292908408567574],[112.90481765570178,-0.528773595044045],[112.90807279822526,-0.5286487025693538],[112.9104763068817,-0.5291615479772646],[112.9127593567007,-0.5297946992490247],[112.91642027830532,-0.5305170872816727],[112.91840904742848,-0.5292551433848831],[112.91967092302512,-0.5270077804079061],[112.92069207639207,-0.5249922667649211],[112.92211012579203,-0.5234360150412812],[112.92388034343512,-0.5220626110176673],[112.92662270547315,-0.52102363332662],[112.92890125833233,-0.5204439736246994],[112.9315856976567,-0.519971346674832],[112.93798004734668,-0.5186960333818014],[112.94083381305161,-0.5180628397942519],[112.94391510204366,-0.5171977612956921],[112.94688484100173,-0.516038385395225],[112.94991256592958,-0.5149459350181025],[112.95687773745418,-0.5127386831939147],[112.96053419764753,-0.5123195223772478],[112.96390521003298,-0.5124934147103738],[112.96687496943407,-0.5129437925260871],[112.96978681418493,-0.5127654246371249],[112.97270301200884,-0.5118958639021032],[112.97544094349269,-0.5106829897789581],[112.9797751650983,-0.5078648414095388],[112.98125556368966,-0.5064245743750307],[112.98227673356635,-0.5042975778923914],[112.98244617092423,-0.5020546714077332],[112.98266469416066,-0.49900905286784497],[112.98391765655926,-0.4954373732808428],[112.99109688347187,-0.4888155639257285],[112.99263970914585,-0.4874956495557338],[112.99562281838651,-0.48765623513285505],[112.99773202221964,-0.49092917582188333],[112.99928374338606,-0.49235166188830964],[113.00133494498569,-0.49356451296765763],[113.00385880848198,-0.4939613765700811],[113.00734135637856,-0.4935466636643854],[113.0111093049246,-0.4925032494657146],[113.0133878995073,-0.49129485760560515],[113.01601425629319,-0.4897921225369374],[113.0192649676954,-0.48823586618378245],[113.02309539651802,-0.48725042065311014],[113.02697925323623,-0.48672423585811186],[113.02999804826501,-0.48695168205746653],[113.03274487640684,-0.4873395942843779],[113.03954500770556,-0.48911432040192004],[113.04239433028812,-0.4898545761151769],[113.04445442011804,-0.4909425645823568],[113.04651459546825,-0.4932924869109202],[113.04857467454553,-0.4955354179646011],[113.0504697789324,-0.4971987114837491],[113.05264137207239,-0.49839373528025194],[113.05487094810118,-0.4994817318868695],[113.0569310052759,-0.5001684618693902],[113.05944151368794,-0.5002754368132185],[113.06332537365262,-0.49957986733202814],[113.06652253818933,-0.4985408703889098],[113.06857374827396,-0.4973815374423243],[113.07096824380037,-0.49628903863091867],[113.07325575496021,-0.49536597515965985],[113.07952974312485,-0.492993769835967],[113.08357855566412,-0.49154899805166646],[113.08672228525406,-0.4904431408578901],[113.09025391002581,-0.48842765546710265],[113.09265288253549,-0.48641210464040946],[113.09527479318501,-0.48456601966260215],[113.09727693872935,-0.4837589245675236],[113.09990783122592,-0.4835271016730649],[113.10259224650899,-0.48432079236150366],[113.10493319503226,-0.4855247897354587],[113.10807692746867,-0.4864388442208547],[113.11155501274963,-0.48614904043481055],[113.11258055815829,-0.48263973066151317],[113.11234871085583,-0.4800534318632606],[113.1125092135432,-0.47775253106515514],[113.11410560449353,-0.47464453371387916],[113.11610324692835,-0.472798500424201],[113.11809652161702,-0.47095243048015906],[113.12026365198965,-0.4687095120662126],[113.12162809114719,-0.4669303216456054],[113.12248421569426,-0.4648033441701411],[113.12322446272245,-0.4621546040415767],[113.12561006169899,-0.458235047341112],[113.12937352877059,-0.4536332928099463],[113.13204902330938,-0.45092657604358194],[113.14391918179805,-0.44613303629751083],[113.14603279908863,-0.4456113664976148],[113.14786549858782,-0.4464674731408696],[113.15146844927048,-0.4483581466910432],[113.15323424763483,-0.4498519474124093],[113.15438914835423,-0.45191650548647194],[113.15495987293616,-0.4542664880657703],[113.15559312223901,-0.45840895130457904],[113.1559453714709,-0.461445634179289],[113.15624409250056,-0.4658155412014011],[113.15709581482834,-0.4677686145141193],[113.15892848672026,-0.46886558937018546],[113.16178681318264,-0.4698331721699401],[113.16492594287412,-0.4704485441688826],[113.16761039604333,-0.4702746155112863],[113.17377281391047,-0.4687095042579101],[113.17668015558627,-0.4677864831849578],[113.18022071343047,-0.46685448910671645],[113.18319046106308,-0.46644874340757575],[113.18736420850013,-0.46730935562761244],[113.18884902366399,-0.4708097020911933],[113.18988800168664,-0.47356096320583374],[113.19063717724319,-0.47597336250340705],[113.19201057285406,-0.477984400385721],[113.19372729094403,-0.47901445802966525],[113.19702703854244,-0.47802903387408224],[113.19885970001205,-0.4796387616274024],[113.19886869655348,-0.48268431993010935],[113.19790552072998,-0.48797729520874017],[113.19762453740665,-0.49043868939997315],[113.19797685703473,-0.493421849744049],[113.19883743584334,-0.4968776573518944],[113.20072807022112,-0.5000881776907319],[113.20341693350792,-0.5027814553093496],[113.20684594870222,-0.5048460271141608],[113.20948580838643,-0.5062105282515971],[113.21257147837007,-0.5065538473342013],[113.21524693853685,-0.505858240083194],[113.21724902885134,-0.5047658046436174],[113.2190683707862,-0.5031560339451834],[113.2210081125195,-0.5009042135896891],[113.22305925681503,-0.4984873572307301],[113.22607362475296,-0.4933059022047852],[113.22704121484884,-0.4906616753660211],[113.22726421109954,-0.4883563035980741],[113.22709028493455,-0.4857253951901441],[113.22656859705104,-0.48325504394981006],[113.22622074433245,-0.4805528795711381],[113.22667564260209,-0.4785417868629169],[113.22758525651426,-0.47647281008226755],[113.22929307388765,-0.47422987748667284],[113.23139780721674,-0.4722143579184214],[113.23414016654385,-0.46967265202084085],[113.23647224029472,-0.46777310872278177],[113.24223342125093,-0.46183801897196486],[113.24439163687246,-0.4579853751791202],[113.24473493710853,-0.4559118962089436],[113.24587206113273,-0.4520592022121075],[113.24764225983802,-0.450449453861829],[113.25408121601437,-0.44480869408246493],[113.25663630030196,-0.44272628872143155],[113.2568191239927,-0.44259252326591175],[113.2597264866463,-0.4404833547780486],[113.26257141213601,-0.43795057923542013],[113.26428368648922,-0.4354178163544856],[113.26542077822506,-0.4330679120158137],[113.26598259934336,-0.42996436835961777],[113.26626800756583,-0.4269722712856125],[113.26643292821315,-0.4243280710463339],[113.26631253160126,-0.42162584446756957],[113.26602276185751,-0.41961922661201945],[113.26522005631952,-0.41685902933200364],[113.26378428872266,-0.414732094007371],[113.26104186520539,-0.4112940758105314],[113.25927161005345,-0.40940792041597174],[113.25749244541663,-0.4060145207970112],[113.25828616422396,-0.4037716171797302],[113.25947678614882,-0.40123880217223407],[113.26084123288297,-0.39847863626293195],[113.26209427527579,-0.39617326709126915],[113.26271852396708,-0.3938768850271433],[113.26271852396708,-0.391415438870725],[113.26231271694945,-0.38939994292581004],[113.26019462940118,-0.3870455147231638],[113.25830851736772,-0.38567212794778244],[113.25590500505315,-0.3844681453389232],[113.24984952707729,-0.38097669686731317],[113.2420728565009,-0.3755945602971854],[113.2411588089226,-0.37340515036848193],[113.24023576412857,-0.37059590216967464],[113.23686016125042,-0.3676083091814521],[113.23223162952985,-0.365846938253077],[113.2304613915864,-0.3643531698206525],[113.22902555185016,-0.36131205222446866],[113.22862426860209,-0.35906911544900255],[113.22770565986565,-0.35665671110111236],[113.22656414439193,-0.3539589618570596],[113.22466903558873,-0.3514930733165132],[113.22244396867784,-0.3496113754627834],[113.21969711085728,-0.34800165082710693],[113.2161565672393,-0.34668615668746605],[113.21250014353159,-0.34577653996537067],[113.20861179328112,-0.3449159574343808],[113.20655615421249,-0.34290930767861905],[113.20774668265373,-0.33922613438068405],[113.21135860339199,-0.33747367207669476],[113.2146539072448,-0.33628754049786963],[113.21756117341116,-0.33507468988713063],[113.22058001763116,-0.33379941331143853],[113.22514165466734,-0.33108823627502054],[113.22754063911617,-0.32838157579064453],[113.22850831805549,-0.3262010911105513],[113.22873122296855,-0.3236683374648675],[113.22878474558081,-0.3212113220108511],[113.2283790095471,-0.31855819230632354],[113.228713412387,-0.316208246686091],[113.22985047171723,-0.31396528113032524],[113.23110793196406,-0.31194533962227544],[113.23236093732554,-0.30906919001837097],[113.23303873514034,-0.30625109170660014],[113.23337767923573,-0.30285771032998654],[113.23393952641773,-0.2999280631767649],[113.2354109768712,-0.2956740672174371],[113.2387330649354,-0.2929718434413954],[113.2408376788883,-0.2916430564945486],[113.24460563161344,-0.2882496784563195],[113.24802581289501,-0.2845620020576563],[113.25235110626032,-0.2798933040636312],[113.25474563516036,-0.2772535533697756],[113.25748354049523,-0.2747118652922676],[113.2598780515328,-0.27321802713101356],[113.26250444398505,-0.2722860723435871],[113.26587110746479,-0.27194275244437416],[113.2699823925299,-0.2718713966293697],[113.27369684813627,-0.26912461730739096],[113.27466001000974,-0.26841558457173026],[113.27585060341077,-0.2657757671773285],[113.27642132061034,-0.26312266657980954],[113.27687173344795,-0.26002357006090654],[113.2773265074545,-0.2569735356975854],[113.27925736273194,-0.2525679477793926],[113.2817098590341,-0.2488713388269447],[113.28535292317615,-0.24471991310541036],[113.28757351624562,-0.2425929065754976],[113.28968715715412,-0.24080040202610728],[113.2917383692656,-0.23953396938424745],[113.29476161282642,-0.23861541926261123],[113.29749953870768,-0.2379153295311022],[113.30036229617534,-0.23756306052298778],[113.30726495585468,-0.2371483483380162],[113.31069399838165,-0.2371483509072982],[113.3144619269737,-0.23679610329714237],[113.32125759153651,-0.23603359646603075],[113.32365214854632,-0.2356724068698583],[113.32593521496986,-0.2345353058971565],[113.32804882517758,-0.2328631974431339],[113.3297566623402,-0.23101713890993833],[113.33174987542611,-0.22853785112986338],[113.33380104874519,-0.22663827953364254],[113.33608407997862,-0.22542537418657055],[113.33830922825273,-0.2247922341005946],[113.34127892765746,-0.22415011155210554],[113.34401684300722,-0.2237442865146385],[113.34709808566355,-0.22322707369336592],[113.3498983932873,-0.22264292031327748],[113.3525247950559,-0.22149249499367604],[113.35445561333117,-0.21959291104208886],[113.35576662585463,-0.21723399349042088],[113.35701958066944,-0.21492419877819363],[113.35969501403514,-0.2107816832216872],[113.36140285925815,-0.20882861217861556],[113.36374839079856,-0.20710293690867737],[113.36614288289172,-0.20508742533113733],[113.36842153058366,-0.20248778884947002],[113.37053064210063,-0.19956704655050608],[113.3720110589122,-0.1968648202225655],[113.37349147231346,-0.19404222466041007],[113.37496743062891,-0.19231211197726522],[113.37685366516321,-0.1910457574829043],[113.37879340475139,-0.190127136113617],[113.38141532808241,-0.18925762095114856],[113.38443861218877,-0.18700574938729914],[113.38711402225361,-0.18291678779071444],[113.38830468468578,-0.18067383190097738],[113.38824672329739,-0.17717346311233134],[113.38778739273513,-0.17516688157736962],[113.38681085994669,-0.17258949609098895],[113.38589673886635,-0.16948598862326336],[113.38588783567307,-0.1669531875132071],[113.38833584574348,-0.16424654616888862],[113.3909622722677,-0.1627482407066523],[113.39358423639963,-0.16182523518074163],[113.39643803232019,-0.1614729642724753],[113.39895740751663,-0.16164241079595904],[113.40170425273269,-0.16244057474209606],[113.40638183846713,-0.16318078248387557],[113.4095745213132,-0.16173603305413453],[113.41191115444329,-0.15949313946526042],[113.41407826239308,-0.1570138552244817],[113.41572364239673,-0.1541377227357068],[113.41800674535087,-0.14976781932619354],[113.42107454963771,-0.14292310133773975],[113.42073125063992,-0.13924879328439677],[113.41901448029215,-0.13809833255785395],[113.41690089678508,-0.13735812718828294],[113.4147872153045,-0.13684088997678523],[113.41159010750712,-0.1362746189608114],[113.40793802809299,-0.13565924426170903],[113.40541868870714,-0.13520438808734184],[113.40010789341804,-0.13343411811996655],[113.39719606260523,-0.13084784444404232],[113.39673682936127,-0.12889032199807846],[113.39684384754362,-0.12682127240187543],[113.39746805934884,-0.12469432527550395],[113.39848927253311,-0.12257174513412586],[113.40202530470525,-0.12027085711569087],[113.40419689814314,-0.1202530289982284],[113.40624811317811,-0.12054284603861441],[113.40910185192533,-0.12041799513031459],[113.41150534890832,-0.120074677501863],[113.41406935959643,-0.11960197586994481],[113.41641033654007,-0.11879939915038538],[113.41903673710794,-0.11713613806479857],[113.42091402853679,-0.11500914904373782],[113.42199761330099,-0.11230693564965422],[113.42261298831905,-0.10982763007078901],[113.42289832807964,-0.10689354497179697],[113.4230053418117,-0.10321478974507145],[113.4224836269838,-0.09863086784769227],[113.42253713388764,-0.09638795283274973],[113.42310345285725,-0.09408701610127226],[113.42424054058164,-0.0917816637015096],[113.42544448684254,-0.08959223726138275],[113.42692495692386,-0.08792898838298244],[113.43119674336577,-0.08320682038862827],[113.43388558096592,-0.08062057323043356],[113.43712735941207,-0.07699532707966487],[113.43998113873899,-0.07360195069957667],[113.44082841297754,-0.07118507767512065],[113.44122529701583,-0.06894215226599432],[113.44144376935209,-0.06606601634166664],[113.44115389606092,-0.06280199837188993],[113.44000793685908,-0.05987232683637526],[113.43811725850883,-0.05694271148703022],[113.43652535246149,-0.0553329580606636],[113.4341799089129,-0.05390163938052807],[113.43154902999092,-0.05292508473774365],[113.42852569931883,-0.052934009911555585],[113.42572991615182,-0.05317030895500466],[113.4228760714013,-0.052773467118513634],[113.4205840835072,-0.05191282402346214],[113.41835894857927,-0.04944254019286917],[113.41744042176666,-0.04658421109756322],[113.41720404465562,-0.04410499190973393],[113.41736456670807,-0.04100589646283133],[113.41788628580557,-0.03893239385088948],[113.41896097308688,-0.0368633853021053],[113.42095863287626,-0.0346739789788641],[113.42369657013668,-0.03243101035850791],[113.42529286950194,-0.031164665034420204],[113.42688925562499,-0.029670887549345253],[113.4288779874565,-0.027138062670393304],[113.42968067314415,-0.025238483980283995],[113.42950225826186,-0.02305798077247589],[113.42921247023304,-0.020761550023202176],[113.4285792057043,-0.018465111446043573],[113.42771865168379,-0.015361573807138524],[113.42749127191027,-0.013011649045574126],[113.42754477838461,-0.010715203117662473],[113.42827606335433,-0.00829839171148476],[113.42947555053068,-0.0058191371538155985],[113.43084000526213,-0.0034602926781596476],[113.43285997415933,-8.470091533977803E-5],[113.43292238269986,3.263998959551388E-8],[113.43537048220244,0.0036118972576173382],[113.43754650197756,0.007139006140388535],[113.43904919932538,0.009997317946295669],[113.44022195841384,0.0143850658516527],[113.43976711710093,0.016980237181988496],[113.43826887272101,0.019044841127373195],[113.43261024909236,0.023468257821636196],[113.4278702684343,0.027258482404615328],[113.4215338559671,0.032484536290986014],[113.41839019899801,0.03558808460515558],[113.41690089678508,0.03736727329290086],[113.41564342658785,0.039204433628487814],[113.4138731346586,0.04179072190886404],[113.4125532478235,0.044145111837431576],[113.4111263424725,0.04777037365312424],[113.41049315048205,0.04984386069004352],[113.4101408519938,0.054048759472453134],[113.41036378664543,0.057972778571053526],[113.41076069007374,0.060206762079847174],[113.41228570899482,0.06689989382571174],[113.41284749498091,0.06914280264633563],[113.4139266422982,0.07329423167197048],[113.41461333840881,0.07588943342982231],[113.41529113098859,0.07979561457902389],[113.41546055630792,0.0835501563117174],[113.41505475306712,0.0874028589313313],[113.41293225339864,0.09281175473804651],[113.41201817005222,0.09506360152364234],[113.41121101027713,0.09937108247391689],[113.41166142100315,0.10185030811699278],[113.41228570899482,0.10392827019321392],[113.4132532996489,0.10618012372328965],[113.41450632324218,0.10807971329927632],[113.416151702123,0.1098722246755958],[113.41899667483895,0.11252096911027534],[113.42036560384197,0.11402367134925483],[113.42121726530745,0.1160927199745628],[113.42166766884333,0.11932554362086276],[113.42069109763553,0.12237999756008745],[113.41960751060726,0.12421720327088429],[113.41800674535085,0.1263530852074383],[113.41589306759923,0.1288189855173266],[113.41377947356712,0.13122687682749934],[113.41075178723008,0.13438393598589554],[113.40834828736799,0.1365733701284677],[113.40589136085866,0.1385799257545759],[113.39635336253406,0.14477808122368796],[113.39012837620739,0.1485103644797221],[113.38407294438406,0.15206427294801142],[113.38115667936682,0.15361158733059382],[113.37870864177003,0.15469959139234093],[113.37214043055381,0.15715653696742488],[113.36848394548419,0.15847197804866794],[113.3649434575108,0.15972946592638518],[113.36169276912565,0.16063909262145062],[113.35798725515815,0.1616156785986016],[113.35085263201832,0.16425098288395212],[113.34593869191393,0.16671240693318204],[113.34239817175764,0.16871900424963077],[113.33966034048554,0.1703822670985514],[113.3270945532221,0.17830606297554583],[113.32508797001387,0.1797463615396374],[113.3205173713817,0.18375954360796876],[113.31857318788137,0.1860024799963846],[113.31697244404953,0.1882364658167715],[113.31554550913943,0.19025644151691137],[113.31182655982201,0.19623166140184736],[113.31062267374992,0.19847460465383138],[113.30902181991061,0.20135962758663092],[113.30679230266416,0.2048689552407829],[113.29142171522324,0.22158613317582002],[113.28753789813214,0.22393603993144975],[113.28365396783424,0.22606307072158915],[113.28022942134724,0.22772629308645606],[113.27645703017242,0.22984437076363137],[113.2740535816457,0.23140059037685834],[113.27228326932294,0.2331173417881299],[113.27013404600984,0.23805800004490477],[113.27132455645875,0.24065323680966016],[113.27314839044534,0.2427222418012431],[113.27633663533095,0.24469765530404475],[113.27845022046215,0.24561622910855985],[113.28205323143266,0.24703865345194195],[113.2850095524519,0.24880890082884213],[113.28717671945188,0.2506015058348321],[113.28933933638172,0.25273739254519373],[113.29440934245663,0.2575933438759365],[113.29640257064003,0.25902914964099916],[113.29879712613618,0.2604248848822556],[113.30210127884732,0.2619900552445548],[113.3173737661008,0.2705559263035796],[113.32068682163134,0.27211663625899773],[113.32313489589201,0.27298615390134723],[113.32565428410871,0.273458832672919],[113.32827624025553,0.27352124907657716],[113.33141543253609,0.273699653948221],[113.33415329823205,0.2739448447983044],[113.3364319671591,0.27424364233909826],[113.33911184613063,0.2747697838300663],[113.34133689326468,0.27522911066906125],[113.34355757179561,0.2760451270993433],[113.34652733821054,0.2770930227686623],[113.34886838081616,0.27784214025030957],[113.35172219367607,0.2783147820062604],[113.35417024289453,0.27837719319320137],[113.35679662739025,0.2781498285178133],[113.35959698405495,0.27758347986990245],[113.3647918257083,0.2762680726942608],[113.36781954900547,0.2754743320828703],[113.37181936352457,0.2742168522368772],[113.375243979378,0.27290591768446393],[113.38197268981666,0.2718847902446729],[113.38443861218877,0.27200963377692655],[113.38688662782477,0.27201855897663463],[113.3891697441531,0.27184462161363854],[113.39385178315145,0.2707610718139196],[113.39636226558078,0.26973100377306347],[113.39847582716074,0.2685805504991418],[113.40076335329881,0.26703323484745495],[113.40271201379556,0.26588729209185885],[113.40481674207169,0.2650266752247998],[113.40727367277019,0.26423743355167184],[113.41623646009442,0.2633991085194252],[113.41989294258369,0.2631181445639002],[113.42314360570661,0.26295316877549785],[113.42667522947488,0.26318949523221413],[113.42890033476331,0.263541799087361],[113.43511185564897,0.26477249181014784],[113.43796564425952,0.26540571114447875],[113.44310697264349,0.2673231052817797],[113.44721386375916,0.2692315756442443],[113.4499427828469,0.2705069013161888],[113.4525692231875,0.27178223285492753],[113.45808958936738,0.27571513848620977],[113.46134023342915,0.27831922480066446],[113.46384626518481,0.2805086760587705],[113.46686506236544,0.2831707424484649],[113.47666176595611,0.2919507282981338],[113.4806526170039,0.29559824632813364],[113.48440718128742,0.2991164806413464],[113.48793881575232,0.30206399407270956],[113.49580462144291,0.3085385765039411],[113.49922927946061,0.3110267730732341],[113.50321126113369,0.31391179580959677],[113.5074919595034,0.31680576802813276],[113.51068020965738,0.318660721649099],[113.51375699430176,0.3205157545229165],[113.51603555225554,0.3228746103765209],[113.51671786448954,0.325643714140704],[113.51534442874777,0.327949046896142],[113.51453286397582,0.3309411042467602],[113.5154425249182,0.3337101776798071],[113.51930859108649,0.3371749197928523],[113.5217075667554,0.3389674905890402],[113.52444550439485,0.3402427714705559],[113.52666607295986,0.3411747201730718],[113.52866374191636,0.34216019566856015],[113.53100482257702,0.3434355023273692],[113.53350638527954,0.34527711018452534],[113.53567351364298,0.347007250276866],[113.54701293230525,0.35619746299923133],[113.54934503897225,0.358395818228566],[113.55214097526961,0.3611604429772385],[113.55412965672662,0.3634122598330875],[113.55543624653794,0.3654946566692521],[113.55606047682278,0.3678535708845517],[113.55645737540434,0.3702257790686703],[113.5573669714752,0.37310191416419847],[113.55895892011489,0.3758754426610084],[113.56100561398955,0.37823880555725126],[113.56294086153602,0.37951408808436243],[113.5668247788716,0.37992880590025174],[113.57019135229324,0.3797013580044946],[113.57303632222475,0.3806333013387829],[113.57474411483403,0.3818462277512342],[113.57645199320231,0.383585239278952],[113.57799484647624,0.3854803428766971],[113.57924779868068,0.3875538197452676],[113.58026897632094,0.3902025454707288],[113.58094676335968,0.39315448470753905],[113.58145953056524,0.3958567054110668],[113.58197229731297,0.39810853421264025],[113.58332786656939,0.40127447950460693],[113.58469233288533,0.40306708375039824],[113.58635113956461,0.404565353221141],[113.58845585998641,0.40596103140616613],[113.59039110612055,0.40688403461065065],[113.60236380286871,0.4122706516939012],[113.6111972433499,0.415004045566662],[113.61936188678054,0.41859362734874056],[113.62682198165874,0.42171501068183037],[113.63030453013171,0.4230527576090073],[113.63417945171447,0.42450193961037513],[113.63708685123024,0.4259467203283298],[113.63964634193253,0.4276857797913338],[113.6417020081153,0.4293579010142981],[113.64369074010423,0.43103897528663543],[113.64569290474915,0.4326576887443646],[113.64779758538408,0.4341603672227627],[113.65012964249068,0.4352617707302034],[113.65206939873593,0.4360688425558152],[113.65412946855655,0.4367109645484605],[113.65720185149354,0.4385035386005175],[113.65999771058158,0.44162046785864945],[113.66187495733942,0.44537498204414283],[113.66323051567701,0.4503246104514146],[113.66305662155618,0.4533790685594452],[113.66145134467587,0.4574592072171652],[113.66041687482854,0.46091495841597047],[113.66104108026859,0.46403634993991166],[113.66200426583475,0.46691247277469244],[113.66303428319517,0.46949873409093984],[113.66529953368327,0.4730258978875566],[113.66677994149065,0.47642822232060633],[113.66728382225608,0.4785596263462349],[113.66796159518728,0.4828849455844702],[113.6683050216137,0.48576107512266814],[113.66847446461026,0.4878434800780488],[113.66863936728346,0.490309390195474],[113.66886238535757,0.49289562127976994],[113.66919682149378,0.49514746914822294],[113.66982110779074,0.4978006900459778],[113.67049442814384,0.5003423442944552],[113.67157800453322,0.5032808775880107],[113.67301381032934,0.5057378829720715],[113.67567583445881,0.5077310790685028],[113.67904693221453,0.5081368715565138],[113.6820746824195,0.507566103955099],[113.68663634359983,0.507352033966522],[113.68971308474475,0.5085693609258974],[113.69204523641012,0.5100096536182437],[113.69444420771323,0.5119092872773336],[113.69626803626338,0.5138801497612673],[113.69751654624952,0.5158957056274552],[113.69876959338212,0.5201051184609469],[113.69961676056317,0.5238551790593938],[113.70189538854468,0.5257636559850553],[113.70537346706783,0.5262898430023991],[113.70851266227658,0.5264057673092513],[113.71153153152832,0.5275740536846947],[113.71591924912553,0.5310299175884802],[113.72054336568895,0.5334065804387041],[113.72316084787539,0.5339862955381814],[113.72538589743111,0.5339327527248685],[113.72932333901113,0.5323854569983721],[113.73120951633148,0.5315917099028529],[113.7349150263653,0.53171661053961],[113.73747905135264,0.5335626490900935],[113.73924035866901,0.5362202986326148],[113.7399805981028,0.5393862465752615],[113.73928938719276,0.5418119866190401],[113.73928938719276,0.5445677162844369],[113.7413316935697,0.5477961240377768],[113.74674058066462,0.554319755648352],[113.75334894657422,0.5606160506619937],[113.75637219240863,0.563434181981834],[113.75859283574154,0.5652891370212181],[113.76207099862447,0.5667383902280364],[113.76412211433822,0.5668007745248502],[113.76714538910323,0.565824274188395],[113.77023110876343,0.564223454899266],[113.77239821948545,0.5637061797704713],[113.77468125684281,0.565668197331634],[113.77576489489931,0.5687895240445201],[113.7758718423002,0.5710949246772008],[113.77580048351054,0.5734582188739049],[113.77568908751785,0.5760980267501025],[113.77574256122878,0.5788671257635628],[113.77607702146308,0.5818056482107558],[113.7765897874436,0.5848557033977975],[113.77738353874722,0.5873394135731251],[113.77863204001538,0.5900461162379277],[113.78000101205049,0.5922355035471535],[113.78142345362261,0.5939611531398447],[113.78324725626359,0.5957537221102722],[113.78689030311835,0.5989375364773847],[113.79076527931878,0.6022818529410245],[113.79378404213391,0.6045961207450053],[113.79588877722739,0.6050687939920475],[113.79800240054065,0.6046630271950142],[113.80011156685205,0.6046095147749849],[113.80204678496352,0.6059383490644941],[113.80364319600388,0.608702970140482],[113.8044413542814,0.6105490354953279],[113.80517705321977,0.6127384772352996],[113.80619826043358,0.6164306096651948],[113.8068224767725,0.6205151223418816],[113.80721937484263,0.6236275746971252],[113.8074423348321,0.6269139397952207],[113.8078837154387,0.6307220368960249],[113.80850802051725,0.6338834831050335],[113.80941765081674,0.6365901554499869],[113.81049231975187,0.6392388589501437],[113.81180773761801,0.6414907695002123],[113.81311870386311,0.6433992491548715],[113.81476419280439,0.64536126578576],[113.81630700411091,0.6470913556408283],[113.8178409143489,0.6484201561041154],[113.81943727637795,0.6498024785529465],[113.8210916414242,0.6510688692429666],[113.82285293881043,0.6521747308658954],[113.82508255721946,0.6532137455239],[113.83197623865682,0.6560006787230845],[113.83522696654967,0.6569861000140105],[113.83727815517902,0.6578556194472996],[113.83956117757627,0.6593449777349348],[113.84218759378668,0.6620025759353565],[113.84337820469537,0.6643748696173378],[113.84323995381611,0.6656457032040662],[113.84088115017754,0.6667292423806273],[113.83760812743998,0.6747333529052656],[113.83635069142119,0.6782961364746445],[113.83594491982167,0.6824386775101965],[113.83634170453693,0.6848020153551683],[113.83754122524097,0.6884896526925632],[113.83884332018836,0.6916021025185317],[113.83981535040918,0.6956375912691567],[113.84043072046583,0.6989729966004352],[113.8416837891525,0.7027186547379787],[113.84367249829961,0.7056572338111184],[113.84681612792032,0.7082657576316863],[113.84903683617485,0.7092958282157416],[113.8536519639392,0.710976940390604],[113.85593500326276,0.7117929231861033],[113.86021575354307,0.712831864809639],[113.8644430029556,0.7127872987095475],[113.86665918574491,0.7123904349401652],[113.87008823617003,0.7118152329371237],[113.87265222505314,0.7118241660011637],[113.87476135407593,0.7128006513698791],[113.87756168201273,0.7149990232601173],[113.87995171966699,0.7174782571217538],[113.88200290763783,0.7201358715230848],[113.88410764028367,0.7234757920127829],[113.88906173261978,0.7307931273867388],[113.89292776013839,0.7359300666359451],[113.89486743390235,0.7385831786096807],[113.89634782556918,0.7416911834566003],[113.89714157145532,0.7451470081604566],[113.89685175678126,0.7481747540746276],[113.89587965558664,0.7513050290446668],[113.89455973697977,0.7538912699173026],[113.89245060104486,0.7561342476589509],[113.89045736540083,0.7580872828607083],[113.88976181867457,0.7605665820192649],[113.88994017571866,0.7627025077815355],[113.88999363743594,0.7651728022206961],[113.88981528041106,0.7678750346568479],[113.88941399956259,0.7704702029754978],[113.8885400031252,0.7740954951476897],[113.88780424379426,0.777190099263987],[113.8874608709136,0.7801286649869142],[113.88773290067759,0.7834149884970159],[113.88881647988804,0.7871027085725056],[113.89000698017263,0.7903845884260821],[113.89126001585363,0.7937868810882919],[113.8930303261381,0.7964935769292277],[113.8955318407648,0.7993251045463475],[113.89884051920654,0.8027273990196048],[113.9004368966784,0.8041632301768714],[113.90209117687698,0.805612422905748],[113.90396845960662,0.8071017503229003],[113.90601963900811,0.8087248425782084],[113.90807525729377,0.810169580528718],[113.91012651036795,0.8116188126762356],[113.91372053927721,0.8139241706768332],[113.91599912801378,0.8155428324966663],[113.91787644846669,0.8169206811953555],[113.92084616523908,0.8196318242780898],[113.9226074746978,0.8221199858013802],[113.92346362164805,0.8245903365802582],[113.92368217349718,0.8270696261522654],[113.92379807491575,0.829548866655064],[113.92436442131184,0.8320147178262259],[113.92516256927033,0.834440477353019],[113.92623726245647,0.8376064629210054],[113.92640662103545,0.8408883289031125],[113.9253231244619,0.8434746516038256],[113.92394973601014,0.8451378719108077],[113.92149274788686,0.8476706645975604],[113.91018895546026,0.8586489835462086],[113.90778544903574,0.8608829484713846],[113.90538202165114,0.8630099377377377],[113.90258611654016,0.8654847901691017],[113.89950492073633,0.8678436227775731],[113.89670017810246,0.8697967130193716],[113.89327112923817,0.8722670515516608],[113.88739842295212,0.8769802918275296],[113.88528480897985,0.8786970957933231],[113.88128057238178,0.8820859815137181],[113.87951475871793,0.8836957328889453],[113.87688390805788,0.8870266779578929],[113.87585385690087,0.8890421803013899],[113.87459633474772,0.8927833832563863],[113.87493971648986,0.8962302360772805],[113.87596087412294,0.8983661604433836],[113.87755723432271,0.9007384203029053],[113.8786942986024,0.9028609752921777],[113.87954598319396,0.9052867178523729],[113.87999637788951,0.9087424805193262],[113.87959944602774,0.9120778787555075],[113.8786854032425,0.9153508597944091],[113.87781583566247,0.9184633691625649],[113.87798530161345,0.921981542387609],[113.8787745383723,0.925040493157179],[113.88008996045257,0.9279701342533625],[113.88173541316331,0.9303958796522017],[113.88373748827475,0.9328082693729864],[113.89017644197412,0.9421545285088696],[113.89142502966125,0.9439961516111214],[113.89387309109357,0.9471086084570143],[113.89632558795887,0.9489546966161377],[113.89934435711507,0.9501675427283781],[113.90202873075917,0.9509835750769822],[113.90448572539631,0.9516791968268703],[113.90642544458635,0.9527671856481267],[113.90784344700644,0.954211945321456],[113.90892698217391,0.9559510338313767],[113.91006406526775,0.9584837759343016],[113.91075077940818,0.9604368612887207],[113.91200376249344,0.9640085996522293],[113.91262802915152,0.9659705967381784],[113.91654760330167,0.9791026801915523],[113.91751966374093,0.9826788585628486],[113.91831337552858,0.9867009740080549],[113.91847838028785,0.990156763725565],[113.91813058141251,0.9935590523406251],[113.91807703198133,0.9969479639642924],[113.91852739159181,1.0018618839519435],[113.91766234135764,1.0043857491451633],[113.91543731006395,1.0078727610617462],[113.91383199568588,1.0098303316427626],[113.91183430817661,1.0114267016920846],[113.90863717441697,1.0132637984692812],[113.9062426460514,1.0141779542816258],[113.90218929350834,1.0154354192888329],[113.89899654472795,1.0160017131367611],[113.89648606179387,1.0170986408739775],[113.8941405790357,1.018815434319472],[113.89311056359567,1.0206436175142364],[113.89225890222711,1.0229400660098025],[113.89173717609225,1.0260302016934584],[113.89162571469657,1.0288439186531528],[113.89104598796203,1.0331425114058292],[113.88995351845679,1.0349217068208858],[113.88898585132858,1.037962815371498],[113.89159449097863,1.045810784743898],[113.89262450956734,1.0482811702834556],[113.89421192123137,1.0518350729116779],[113.89615612825877,1.0548226165989947],[113.8976365160732,1.05682922780058],[113.89997308728911,1.058719933478333],[113.90197082286961,1.0597588509407208],[113.90584573519578,1.0610832520819657],[113.90914998790146,1.0618234481161455],[113.91286437532123,1.0624566460961178],[113.91628448408977,1.0628668906364114],[113.92004356293555,1.063210237838574],[113.92386496554187,1.06310318760343],[113.92774887192022,1.0627063520428053],[113.93122696269978,1.0620731661166],[113.93459357702457,1.061332936814811],[113.93670716071462,1.0610520337330644],[113.93932916070032,1.061448867081454],[113.94155871176334,1.0627687805813246],[113.9436633709841,1.0651231876995562],[113.94474691750791,1.0680528013259312],[113.9457681118314,1.0704607113142786],[113.94730198667764,1.0723513637033653],[113.94861740686811,1.07389865335705],[113.95066867109877,1.0772251421298717],[113.95100310566446,1.0803286857581285],[113.95077567203381,1.0833653772877878],[113.95225607609483,1.0856573546993147],[113.9544232190071,1.0886940073058842],[113.9554443021528,1.0906470457450042],[113.95623804283414,1.0927740664961907],[113.95675080624359,1.0947806829001463],[113.95675080624358,1.0971885619182349],[113.95634504253572,1.099645553233984],[113.9556048473376,1.1025796498572042],[113.95519908266627,1.1045773299910522],[113.95531497656938,1.106927221493102],[113.95627370940396,1.1094511165914864],[113.9587841573706,1.1143918099434904],[113.96026462762497,1.1162824643879992],[113.96248527909815,1.1189757413504353],[113.96487535621847,1.1215575534878324],[113.96772916679096,1.1246031358102548],[113.96971791224674,1.1254637290865372],[113.97200985084442,1.12541019295526],[113.97406110617761,1.125120404288981],[113.97628614063002,1.1252407699875797],[113.9791355272543,1.1270734770685398],[113.98015664861553,1.1294278434084977],[113.98078091823403,1.1333250958651113],[113.98100833766551,1.1356750979638293],[113.98134728861237,1.1382524116379138],[113.98214543319806,1.140490870134466],[113.9831709948502,1.1425599331313807],[113.98613187089592,1.1442231788198907],[113.98875378310369,1.1442231609307403],[113.99291857546214,1.1445174896632349],[113.9954915375201,1.1453735876133189],[113.999223773281,1.1477993848633414],[114.00171639093054,1.1480713420616722],[114.0040128943451,1.1466890431583745],[114.00560919676444,1.1454672582306398],[114.00696474739135,1.1439645372235292],[114.00798589967621,1.1422299617408436],[114.00997021194289,1.1398041946531314],[114.01219081326325,1.1388766918029893],[114.01534343029059,1.1403036038867405],[114.01741246552773,1.1428274879974318],[114.01897315145102,1.1440938680221],[114.02263850617668,1.1462743717047477],[114.02503753626206,1.1467826844186735],[114.02761041387586,1.1472910406536043],[114.03001386479328,1.1472286178364848],[114.03303714841262,1.1453735899022381],[114.03489658788392,1.1408163885871165],[114.03607828812716,1.1382122757685382],[114.03766567987434,1.1359024982055297],[114.03919962109373,1.1344042472325133],[114.04148269337846,1.13283909161903],[114.04645458193284,1.1324689740531486],[114.04931733628575,1.1336194509688682],[114.0515513612617,1.1352202458567282],[114.05402165172409,1.1376905936827155],[114.05620665689432,1.140049451534858],[114.05798134786801,1.1414272921655677],[114.06015744234304,1.14262681110804],[114.06635113016954,1.1457793840031134],[114.06842012021401,1.1469164902165507],[114.07048020916667,1.148753630811289],[114.07192049666607,1.1505997116578064],[114.07324936067093,1.1526686945482925],[114.07853783113659,1.1597364087559183],[114.08033040074703,1.1616359877788538],[114.08370148687536,1.1623137674102777],[114.08643934762759,1.1610384457185525],[114.08870903047328,1.157564783995176],[114.08994865941564,1.1554868303563737],[114.09119273069032,1.153524829402929],[114.09256617708367,1.1517858305537247],[114.09415355587213,1.1505238938271962],[114.09620481923365,1.1494179975144114],[114.09900067023726,1.1486599881472592],[114.1033393041364,1.1483523270141447],[114.10952859697831,1.1501180660600463],[114.11330990302427,1.1520622700265823],[114.11674343471562,1.1543631524802263],[114.1180721680069,1.15619583066797],[114.11882580463107,1.158331786452816],[114.1196997384833,1.161207899820028],[114.11999404324263,1.163343763555138],[114.12052023499717,1.1656402079226633],[114.12196943649343,1.1695552940631686],[114.12410095357797,1.172489386102379],[114.12986203222698,1.1790353718349869],[114.13175274004239,1.1808814475308937],[114.13302799488012,1.1829459881558724],[114.13793746989671,1.1939421419669471],[114.13903888971755,1.1965864202241383],[114.13973896711306,1.198891753863018],[114.13993074657915,1.2032705603392009],[114.13909241388002,1.2067887913400137],[114.13621625219653,1.2125098430697332],[114.13450845442371,1.2148820632630237],[114.13200240251106,1.2171339364129976],[114.12926454476704,1.2183512937153003],[114.12715981492627,1.219403591398242],[114.12591575166125,1.2213655911140127],[114.12598261345849,1.2237244997273722],[114.12719555912733,1.2257979403898307],[114.12949198200948,1.2285537033346232],[114.13099023444134,1.2301678550274362],[114.13277388769241,1.2329236103591308],[114.13393319953703,1.2363258969561692],[114.13457531494225,1.2391484841233682],[114.13573471285088,1.242367976489717],[114.13706801673908,1.2451905922075475],[114.14168760232835,1.2538724286143126],[114.14364067423557,1.255945943794446],[114.1454243678259,1.2576626985998063],[114.14794821585974,1.259218920328496],[114.15103830229368,1.2599546869328782],[114.15440495986658,1.2596558892964036],[114.15778492709305,1.2604496235818885],[114.15990302920844,1.2624606858484733],[114.16078150930147,1.2663757634474595],[114.15965329162393,1.2687435505706575],[114.15772251509118,1.2707055618829686],[114.15539484959712,1.2731402326057588],[114.15409280668239,1.2757978882185543],[114.15410623263028,1.2780987673344184],[114.15463238432412,1.2800607945749434],[114.15419096123817,1.2824820536359989],[114.15231368357054,1.2841007266970823],[114.15013757737594,1.2851485657868698],[114.1478055178127,1.2861340876836937],[114.14512554385469,1.2881094557349766],[114.14279345810924,1.2901338797533108],[114.14172325465337,1.2926086466685758],[114.14224942095157,1.2952083545960367],[114.14454585743883,1.2972684241939447],[114.14897821681132,1.3033104990889415],[114.15047649473051,1.3054374937754127],[114.15209070302599,1.3084295655705072],[114.15284872756263,1.310676951436065],[114.15314301055587,1.3128084287556414],[114.1530449464851,1.3153946872161042],[114.15271945707408,1.3182261994019573],[114.15210848341526,1.321628496380142],[114.15137277385874,1.324223727901789],[114.15076633418022,1.3272781614491904],[114.1501554485598,1.3312066300086571],[114.14922351526045,1.3379532843159352],[114.1487195828344,1.3419842976094805],[114.1485055814753,1.3444100581939218],[114.14840751638411,1.3468893081437052],[114.14842085178631,1.3498278254542118],[114.14890246818752,1.3546659695642576],[114.14942862602724,1.3569178241213582],[114.15042297193202,1.3599143483601446],[114.15123007690767,1.3625541591921104],[114.15193013519291,1.3650958123600418],[114.15222895460542,1.3680343945486448],[114.15145305788296,1.371606095540288],[114.15009303548818,1.374094281089498],[114.14838964513022,1.3761098015042594],[114.14772078799075,1.3785980016740975],[114.1492145342915,1.381184287990489],[114.15232257376081,1.3845776322068823],[114.15639371794934,1.3876722518347766],[114.16540556615833,1.3944991097839103],[114.16787142585687,1.3961133543817563],[114.16998947978892,1.3969605551980588],[114.172330584776,1.3973083977768077],[114.17604051410616,1.396429910725142],[114.17907715758494,1.3958413180391378],[114.18233674557007,1.3964031766417944],[114.18463324660839,1.3978969965526422],[114.18601103262523,1.4001934110846885],[114.18716594216725,1.4023293315265335],[114.18854381095299,1.4046257800802504],[114.19015361702007,1.4060660373571763],[114.19365839666206,1.4073235092405474],[114.19611539031051,1.4075375262072929],[114.19976742959506,1.40770253939079],[114.2057782341358,1.409508441474533],[114.20565342372795,1.409704684270432],[114.2045207857859,1.4093524256076633],[114.2010159117152,1.4144937548696157],[114.20109618670772,1.4168347683622748],[114.20124784744428,1.4212715904246291],[114.17507289482701,1.4352954221360161],[114.16315368715246,1.44324159158546],[114.15683967461477,1.4490829995701184],[114.15087782479783,1.4576489503733627],[114.15053001752258,1.4619385663674285],[114.14282021996667,1.4654434500983202],[114.13557413914097,1.466611688410029],[114.11897740274544,1.4628750073248002],[114.11360421194665,1.460302094681278],[114.11332323946849,1.4582018316397805],[114.11313598486883,1.4567972321888452],[114.10869474393553,1.4560971228490303],[114.10843608678279,1.4561060757403974],[114.10505166546015,1.4562621658032542],[114.1035534176996,1.4563290549993835],[114.10152006058595,1.4594950068152137],[114.09724373900346,1.466147982754685],[114.09256617708365,1.4661479646052993],[114.08555645827967,1.463106874362488],[114.07784219574226,1.4656797677374225],[114.06966424991022,1.4640432582466048],[114.05984522427217,1.461002142562629],[114.04629851367655,1.4527483941305022],[114.04488945086716,1.451887786302687],[114.03109739635508,1.4509557845826715],[114.03089232315935,1.4510494768480713],[114.02548788614264,1.4535242514535474],[114.01996750867337,1.4498410016148624],[114.01917822986037,1.4493193126708228],[114.01507147230502,1.4489625994160706],[114.01380505527237,1.448851140987183],[114.00936376663627,1.4509558007614005],[113.99627631857294,1.4439416668680938],[113.98365260241518,1.4488511004399527],[113.97453818536312,1.4493192900591407],[113.96983834025717,1.4463004980854823],[113.96822857736045,1.442541469496711],[113.96260117124943,1.4429606455664914],[113.95887781564932,1.4432415719446858],[113.94742686734598,1.4371638199847239],[113.9461560053788,1.4353757069401445],[113.94111726763683,1.4282812927617368],[113.939012506624,1.4212715674217962],[113.93457125038734,1.414025546810461],[113.93300611426294,1.4171602644320582],[113.93293477769815,1.417298500922539],[113.9298981537914,1.4168303176713437],[113.92265212906531,1.4109889167193714],[113.91844715826946,1.4114571077013027],[113.91260125413667,1.41449376525415],[113.90595274595186,1.4081618108300569],[113.90278679705084,1.4051429808008478],[113.90016487388583,1.4046123658188623],[113.88899483727157,1.40233825755322],[113.88151693351823,1.3981332958051884],[113.87567549481318,1.3897189432058081],[113.86655661432248,1.3878505939385373],[113.8480959592969,1.388318839884409],[113.84856417398133,1.384109423435243],[113.84750737705862,1.3833201520045544],[113.84575932734725,1.382004722322971],[113.84559438928181,1.3819779694428582],[113.8350040186591,1.380136365845724],[113.8307990361284,1.3784999063224086],[113.8207482231318,1.3735904331564524],[113.81443865403347,1.3675170905784235],[113.81443865403347,1.365644275288002],[113.81516544220462,1.3651225979875135],[113.82285293881044,1.3595709901606987],[113.82963081788449,1.3553615862220256],[113.82986266434763,1.3376009728716827],[113.8289307389663,1.3343280389906635],[113.82553290972693,1.3287541717554647],[113.82308487912886,1.324745442737395],[113.81911174057245,1.3221725109721607],[113.81630700411091,1.3142264167774032],[113.80391962834962,1.308148661344497],[113.80391962834962,1.3013708068204202],[113.784054342955,1.2952930817890378],[113.77984939850636,1.2920245265310912],[113.7623206700955,1.2840784226986472],[113.75507461113493,1.2768323677141318],[113.74455556906085,1.2747276645943426],[113.73497304392272,1.2716910364882639],[113.72094913619047,1.2705227690443102],[113.71463945645672,1.2644449867405125],[113.70949819129022,1.2660814686393482],[113.70318855900264,1.265845170516163],[113.69641068434971,1.2548623617158765],[113.69547870406777,1.253239245730792],[113.6898602746466,1.2434515460552762],[113.68984692676695,1.2434426418656184],[113.6781773952888,1.2347607835994618],[113.66812658881976,1.231955965797889],[113.66508995345497,1.2254099911698921],[113.66620477769601,1.2220701575530326],[113.66719465110357,1.2191003907968492],[113.661995366796,1.2174995708858314],[113.66111690383738,1.2172320183085954],[113.65714382562166,1.2228415910541985],[113.64826134597276,1.223778004956467],[113.6405470873487,1.2226096705883536],[113.63166897417449,1.2191003628586745],[113.62675950282177,1.221436983819158],[113.62301838816713,1.2284511589943257],[113.6223361106405,1.2345913409085154],[113.62208637488217,1.2368654662006262],[113.62451661694537,1.2385197989318777],[113.62792780143494,1.2408384788533007],[113.62582313674459,1.2534577748573474],[113.61740875825618,1.2539259684811093],[113.60245298436101,1.2614038881865526],[113.59661156707769,1.2628085051242917],[113.59520689712647,1.2784688392528887],[113.59263403629619,1.2887515403760927],[113.58492428457063,1.2938929132977228],[113.57931473291633,1.3086168731891987],[113.56856383246561,1.310485213280733],[113.5601495182859,1.310021468294008],[113.55150329880043,1.3184357783039053],[113.54729385369727,1.3203041504405788],[113.5377112973018,1.3224088603196174],[113.51527312735445,1.3158628805580115],[113.4982125932488,1.3172630646249872],[113.49682576253402,1.3153813152877751],[113.49493962038568,1.3128262688985701],[113.49003008224489,1.309316920595308],[113.48363572350968,1.3079747067906997],[113.46936216943325,1.3049782136195658],[113.46665995213415,1.304411939423237],[113.45918210201354,1.2976340882523472],[113.45404072615312,1.2875832731091408],[113.45053142330632,1.285478541145143],[113.44401219883527,1.2843370652031036],[113.44118514533481,1.2838420501906125],[113.42061533381482,1.285246704379535],[113.41921515498221,1.2917882267255363],[113.40986440928222,1.3009025907264975],[113.40378663616661,1.3093169169569294],[113.39817712178703,1.317731232900258],[113.36989750054103,1.3235771419674447],[113.36826099616106,1.325677366665491],[113.36872915330991,1.3343280222782938],[113.36171947971174,1.349051954491004],[113.35751009578428,1.3574663174296413],[113.35020166382691,1.35718088869281],[113.34278612263017,1.3630758606947955],[113.33787666459878,1.3623713097916654],[113.33530826091932,1.3637759190313106],[113.33086693129134,1.3672807960910665],[113.32689394060448,1.3752268752097478],[113.31791328356745,1.3746026086410759],[113.31684306147548,1.3745268060999267],[113.31287007742125,1.3712538039786986],[113.30702862930127,1.3705537434787156],[113.29980931709339,1.3741210592059487],[113.28575871645606,1.3810727521092332],[113.28131742024216,1.381072808262654],[113.28014918885584,1.3794363073265412],[113.27430772916942,1.380136388595848],[113.2719087254188,1.3831596448862071],[113.26910845348479,1.386691230956314],[113.26893008545942,1.3869142274187543],[113.2685420916824,1.3869320392787958],[113.26376193575736,1.3871728620688046],[113.2595837357544,1.3873823862950136],[113.25812115075004,1.38413616745001],[113.25747908803449,1.3827092552183096],[113.25523613455073,1.382584381749867],[113.24906479444958,1.3822410641781304],[113.24041859215724,1.3925237528798],[113.23153602042181,1.3946284682899406],[113.22798208770797,1.393879299728126],[113.2240581106667,1.3904190606446205],[113.22366572992907,1.3894425066218326],[113.22125337415191,1.3834093370276352],[113.21821226926042,1.380604592260296],[113.2138958515027,1.382762770320423],[113.21353908703462,1.3829411736699295],[113.20944564260881,1.3813804880945413],[113.20068354199981,1.3780316448542091],[113.19895339126128,1.3794363092885604],[113.19694234360593,1.3810727827613503],[113.19180101500945,1.3801363414910948],[113.19057029309141,1.3789948525671922],[113.18853250447637,1.3770997493342987],[113.18503206376658,1.3770997282183228],[113.1838548562458,1.3770996908134248],[113.17799559844401,1.3810282159901504],[113.17480736068649,1.3831685810467584],[113.16468965890246,1.3899508289228208],[113.15183405985157,1.3922918630341015],[113.14365608114421,1.3869141927596842],[113.14108314266305,1.3948603237716644],[113.13360529350446,1.4004698720024322],[113.13173693276048,1.405611228019442],[113.13337336182947,1.411220767688468],[113.12963218123183,1.4149619225152361],[113.125427295404,1.4149619374948985],[113.12262244972527,1.420335180863447],[113.12250657307379,1.4225914726189022],[113.12225237144695,1.4275277070977013],[113.12215430794326,1.429449531489051],[113.11981768442638,1.4322543096018994],[113.11163526418204,1.4345953409407501],[113.10602573214727,1.445578152436389],[113.0948066344668,1.4423051605382955],[113.09470402305337,1.4420733042658296],[113.08814468028542,1.4274295674696391],[113.08814022678433,1.4274207048845553],[113.08429202862708,1.4275811943150731],[113.08241927429802,1.4294495550612027],[113.07400486613413,1.4301541209461937],[113.069862386792,1.4270817756766958],[113.06769529513173,1.425476506798151],[113.0662951305701,1.4229080315927136],[113.0619118402788,1.4223149882436195],[113.05764450274748,1.4217397945625943],[113.04338870037108,1.42337626142057],[113.0363790009192,1.4151938508754427],[113.02679637271824,1.4116889722654906],[113.02445537114347,1.4088841666909104],[113.01767756268788,1.405379357399426],[113.01370449166401,1.4058475188479838],[113.00529016992539,1.4098205699507558],[112.98121993089211,1.4086523336695205],[112.9736127480125,1.4110156217908318],[112.97070091663085,1.411920844791749],[112.97337640582109,1.4150198839849453],[112.97514215306855,1.417066635133068],[112.97794697917244,1.424544522681409],[112.97514215306855,1.4378638842865696],[112.98098359086951,1.4402049283198088],[112.98258442960093,1.4473885225159702],[112.98332017262314,1.450719509222164],[113.00318989361129,1.4570291313705537],[113.01440902920491,1.4638069391656643],[113.018716502531,1.4654969390033714],[113.02177995836739,1.466691949562798],[113.02515989926425,1.468016318301485],[113.02749644493203,1.4712893034446004],[113.03621402864162,1.4716951020319444],[113.03754725816655,1.4717575167299681],[113.04081578793809,1.474325974778112],[113.04011572743983,1.479467327305895],[113.03360100862979,1.4884746648003329],[113.03216960666397,1.4904545145373704],[113.03216960666398,1.4932592776619076],[113.04362056838887,1.4972323786957036],[113.0419885833065,1.5091515636243278],[113.0426886421486,1.5135928346172487],[113.04700505202098,1.5173072128776997],[113.05437595186663,1.5236435932767642],[113.05483968136333,1.5259801537877624],[113.05764450274748,1.5277548773611729],[113.06185385190797,1.5304214469474433],[113.06738317817354,1.5317547119212322],[113.06863173614431,1.5320579256729807],[113.06793160957699,1.5395358454653412],[113.05694436631732,1.5575327735993525],[113.05133479940321,1.5572964253227002],[113.04549341595589,1.5608057958258061],[113.02702824557466,1.5673472401306336],[113.0132407381955,1.567815488962356],[113.00342177325439,1.571788549332183],[112.99781228529882,1.5773980522970534],[112.99056621548941,1.579734643980473],[112.98921063811494,1.579226306374192],[112.98869787605071,1.5790345687648144],[112.98308828729118,1.563842421711891],[112.97420578481537,1.5626741060481084],[112.9694969300555,1.5644488290248602],[112.9635396025607,1.5666962399594384],[112.96353069417177,1.5667007152911938],[112.95527684938502,1.5706202295327292],[112.9566770243818,1.5745932764614068],[112.95176753865725,1.5741251086386001],[112.94999728789331,1.5701029579808583],[112.94919915575264,1.5682836645024107],[112.94288952202221,1.566410882308319],[112.93213858384632,1.5675836105383918],[112.92731386259938,1.569358341745955],[112.92535629473153,1.5700806618740972],[112.92325609054713,1.5708520947274505],[112.922747742733,1.5716681202051563],[112.91741461798361,1.5802028267244088],[112.91437350585403,1.5825394038724347],[112.90525910562816,1.5841759116840206],[112.90011778200537,1.5869807115524444],[112.89803542601086,1.5866997387888149],[112.88992877255569,1.5855983885052543],[112.88866685411989,1.5823075186110087],[112.88305724541576,1.5785663619724337],[112.88071629947376,1.579970951039183],[112.87604311664555,1.5771662176464463],[112.86739688236094,1.5675835971697443],[112.86482397843356,1.5605694174622187],[112.85986997453705,1.5602305113252233],[112.85804617207684,1.5601011941255187],[112.85027844728313,1.5558918626392482],[112.85027844728313,1.5558829086223167],[112.84612704536632,1.540004036917433],[112.83897016731318,1.5388714482132506],[112.838613417475,1.5388179498876995],[112.83724451142696,1.5385994708044586],[112.83708841036936,1.539937204429521],[112.83677629909012,1.5425724971496018],[112.82836643791065,1.5474819484007487],[112.8227568213122,1.5414042139193336],[112.80452363111048,1.542104283905462],[112.79774574835767,1.546545584305144],[112.79166798801346,1.5549598956338075],[112.78652666440682,1.5591692656742455],[112.77110262052845,1.5631423191504321],[112.76222011245481,1.5624378129551033],[112.7535739239473,1.5587010849697094],[112.74726430634968,1.5584647275086878],[112.73908179266417,1.5647787972829257],[112.73440872939494,1.5668790261971741],[112.72949923919582,1.5671154220103387],[112.72132121873825,1.5624378042163372],[112.70729735543561,1.5622059120006955],[112.70261978229053,1.5587010857206807],[112.69186882226225,1.5540278995991976],[112.68860030339835,1.5551962486337703],[112.6776131465773,1.5526232922055023],[112.66709407783479,1.5591692548522558],[112.6638255737518,1.5680473724049466],[112.65961619509562,1.5708521040733219],[112.64839704636766,1.5696838166050853],[112.6341413416726,1.5659470901974162],[112.60048405474586,1.573193175591388],[112.58015058118767,1.572488625259215],[112.57290446760926,1.5743614192054607],[112.55911697755764,1.57506148913284],[112.54766603683201,1.5738932057493948],[112.5221867211613,1.5797346558201895],[112.51868181231578,1.5771662117733674],[112.51213586407015,1.576929859340654],[112.4950753518431,1.5780981777033156],[112.4864291926959,1.580434712170129],[112.48270137080229,1.5745085871735773],[112.48128781505683,1.572256757233583],[112.47310538631892,1.5680473588586095],[112.46515927551052,1.5605694636928644],[112.45861778597438,1.5587010700566055],[112.45653092704232,1.5590488790146002],[112.45440832280502,1.559401144419806],[112.44816117696315,1.5535284800028173],[112.44272107092992,1.5484183475243363],[112.44132093313797,1.5444453519119552],[112.44435757963117,1.5385994326288257],[112.43290661609271,1.5262120274443458],[112.43141279160973,1.5270191555130215],[112.42682880948642,1.5294850188110205],[112.41397326156323,1.5264484195752006],[112.40392240803608,1.5208388236551649],[112.39551259713811,1.5266802873561554],[112.38125238771377,1.5142929142556045],[112.37471087178318,1.5166294450112954],[112.36606023388455,1.5098516370261834],[112.35203631253705,1.50447842954853],[112.33217100209338,1.507046810644676],[112.32001999660218,1.5056466760823355],[112.31957404383051,1.5036980888408253],[112.31885167829958,1.5005053261880548],[112.30880083165934,1.493727539462919],[112.30365955266096,1.488117966469751],[112.29524519309102,1.4853131598077933],[112.2889310755936,1.474094102736833],[112.27888477739037,1.4684845506117978],[112.27700750805818,1.4685871069035092],[112.27047047622193,1.4689527629200128],[112.26403147254454,1.4634814451687093],[112.2611197191023,1.4610021626133252],[112.2414862697984,1.4565653498891111],[112.2334822009429,1.4575642196799332],[112.23026722889429,1.4579654948242762],[112.22915688203226,1.4572565175814627],[112.21858431281476,1.450487581873094],[112.21277411795657,1.4481644339984094],[112.21157016214464,1.4476828511711002],[112.20689704903621,1.4390321638234465],[112.20502871021243,1.4338908376183763],[112.20479230245883,1.4238444702764355],[112.20642887296889,1.419635072085396],[112.20035103314024,1.4123890233431828],[112.19941913482235,1.4093524177542307],[112.2019876074144,1.4072566472425385],[112.20572874623757,1.404211056528453],[112.20730728287741,1.4047639800791203],[112.21040186219896,1.405847523232088],[112.21344295164683,1.404211044946448],[112.21998446558774,1.3964968026917386],[112.23143542549838,1.397665113947852],[112.2335401422464,1.3920555718751013],[112.23143542549838,1.3869141795075182],[112.23167182990676,1.3763951745161596],[112.2241939226831,1.3654124303731723],[112.22348934547378,1.3612029916797088],[112.22629409966972,1.3593346849326196],[112.22395751732068,1.3513885322801262],[112.21881617083642,1.3469472973532433],[112.21344295164683,1.345547124817229],[112.2171797019375,1.339233003415759],[112.21741601719397,1.3357281958981009],[112.21414307554964,1.3336234823019637],[112.20712890848407,1.323340788364479],[112.2024557845605,1.3137581551282467],[112.18095399468503,1.3058120908524573],[112.17884931130466,1.3039436896364647],[112.17814917476494,1.2880514851064624],[112.17581262535498,1.2819737314011945],[112.17230775071302,1.2819736971626985],[112.16973487362733,1.2803372585939763],[112.16926668878746,1.2751958770169876],[112.16903482491327,1.2663133238507578],[112.1739397999663,1.252989572540928],[112.16809836384466,1.2492528394467048],[112.16856663991366,1.244111472108121],[112.16155240269009,1.2445752443106501],[112.15851578212892,1.238033740474288],[112.1622570020896,1.2237779948821197],[112.1622570020896,1.2220032984404932],[112.1622570020896,1.2199565052451238],[112.1622570020896,1.2137271728569123],[112.15781572962518,1.2085858036085964],[112.15875210437399,1.1968985301761006],[112.15267439353384,1.1919890656580505],[112.14659657427238,1.1824064744707248],[112.14148650265008,1.1816127090666426],[112.13607760189002,1.1807699588321527],[112.13397733071228,1.1763286887871587],[112.13865052001972,1.175160392792514],[112.14168716895202,1.1669824170316982],[112.14706485514414,1.1648777008618474],[112.1468284406298,1.1604364729737502],[112.14285541759162,1.1557633521518564],[112.14192349306795,1.1515539443117315],[112.14355993225212,1.1494537151681758],[112.14326566437481,1.1397729644052121],[112.14326120714856,1.1396704437330947],[112.13861486213325,1.1392914129615226],[112.13860139946166,1.1392913859138587],[112.13105219330512,1.1360897440706303],[112.12623635550977,1.135804373162875],[112.09450989679901,1.1339182073192824],[112.08835187051967,1.1343641161547107],[112.08197978494988,1.1348189083384361],[112.07006063203781,1.1316128126364253],[112.06870950364986,1.1312516224745217],[112.03833853718959,1.1290488383913053],[112.03211369547859,1.127934049710099],[112.02576830676017,1.1268014405634978],[112.01665837230323,1.1277245064931989],[112.01413008375246,1.1279786882536007],[112.01413899867302,1.128897212797235],[111.99937940049954,1.124741375816622],[111.99562037560514,1.1236801059367918],[111.9914868255319,1.1240814350201178],[111.98581033749731,1.12462987063596],[111.97484094981834,1.1214505172140024],[111.97483649230003,1.121450552410537],[111.95337929288638,1.1217492740345816],[111.93979684619786,1.1185075208011466],[111.93532890784577,1.1174417727607309],[111.93292090927811,1.1159435415939087],[111.93053083038477,1.1144586439898452],[111.92865801102846,1.1027490943882419],[111.92567043143156,1.0960916361714905],[111.92548767055384,1.091944635371829],[111.92542071584477,1.0903394084948486],[111.92152797062879,1.086678497972692],[111.91239127039692,1.0850999174658156],[111.9057605424162,1.081438996089347],[111.90275957214331,1.071798470089035],[111.89658823549696,1.068601268017107],[111.8965435683693,1.068596846064536],[111.88379949874897,1.0679502234313158],[111.88088320761359,1.0649136038159364],[111.87785101600947,1.0617610203903178],[111.86826399690186,1.0421989353059082],[111.8677288975555,1.0411109113286152],[111.86702877427702,1.0367409804340038],[111.86870093703918,1.026855172802757],[111.86882138440677,1.0261595733385525],[111.8680410236864,1.0245185834995238],[111.86239136460486,1.0126217320092692],[111.85894896556583,1.0089518647661588],[111.84204005524066,0.9972110552768663],[111.82828812855955,0.9876685831600728],[111.81869664741644,0.9850778217865916],[111.81717157203452,0.9887788954444532],[111.81425979045416,0.9958555042323904],[111.80559130261463,0.9954452708514342],[111.78762557183289,0.9945891032769916],[111.78362136414097,0.9969925550829468],[111.77970175977904,0.999342538784586],[111.77781560008947,0.9995342872899001],[111.77653132274654,0.9996591184526519],[111.77615232579119,1.0002610682537774],[111.77272770623901,1.0056833481289362],[111.77050712473566,1.0177318669261552],[111.76353306273148,1.02121886968394],[111.7596179966774,1.0178834593012787],[111.7527510018422,1.0120241895116788],[111.75053478163784,1.0050501386405946],[111.74387292647337,1.0047335579315946],[111.73975270475593,1.0075873589232556],[111.73614976092307,1.0071370494035141],[111.72200097992904,1.0053667641247812],[111.7121687379572,1.0110743839349685],[111.71026910027003,1.0148780000313196],[111.71121887366152,1.0193192794342454],[111.70846762376758,1.025446089017484],[111.70833834903281,1.0257315064322023],[111.70329508684777,1.0250269521445492],[111.70072214543825,1.0260882255622377],[111.69410038091254,1.0288305586358553],[111.69035923328879,1.028830560715632],[111.67991598417143,1.0288305389424817],[111.67729409483852,1.0288305545517715],[111.67666536900241,1.0313588290720457],[111.67602763665656,1.0339005464066484],[111.66570928859699,1.0398712984925464],[111.66570037307662,1.0398802038799886],[111.66065719026118,1.038997326892373],[111.65792822165852,1.0385201605109384],[111.65100768295368,1.0356261890184157],[111.63828140711014,1.0303020300763945],[111.6360428821462,1.0265742116093795],[111.63414778686251,1.0234216776793592],[111.63173986679595,1.0215844814373285],[111.62843120552544,1.0190695558205636],[111.61884419357851,1.0197919193679534],[111.61883973581494,1.0197919508054236],[111.61571830063446,1.0168890878763823],[111.6124320192601,1.0138301517461379],[111.60536873906766,1.0100755772473253],[111.60511009784547,1.0099418234397206],[111.60507443574247,1.009932894572462],[111.59917062950764,1.008809167399789],[111.59168377284479,1.0054693112815467],[111.586368575016,1.003101554052201],[111.58172213311241,0.9891802275999031],[111.57970222206696,0.9831203187180503],[111.57604121900663,0.9804537821256979],[111.57465894987168,0.979450492871359],[111.57190323640083,0.9793612873890599],[111.56826907214707,0.9792409112444845],[111.5632302604386,0.9812340760108472],[111.55891833710525,0.9829419478275978],[111.54933125533522,0.9820500902135744],[111.54798901705553,0.9800435288943388],[111.54520210356661,0.975860879601792],[111.54815404485423,0.9686950906777022],[111.55041921988037,0.9632015159574671],[111.5476501369345,0.9546979915198183],[111.54398923141801,0.9491999518199833],[111.53486594730444,0.9509122425206183],[111.53018831533912,0.9517862220970321],[111.53008132943759,0.9523168643644656],[111.52955067574138,0.9549566531841314],[111.52416408268095,0.9565440644677372],[111.522576671209,0.9600310813438008],[111.52479726423579,0.9625682779543593],[111.51813985328135,0.9666885399221259],[111.51528598962886,0.9800034080087919],[111.5162357611874,0.9876150616544276],[111.51496939912892,1.0012465457754163],[111.50989494603621,1.0123452307759648],[111.50197109356081,1.0209022794686022],[111.4918222043204,1.028830515859204],[111.48833516964109,1.034217149792652],[111.46550909536387,1.035171405997823],[111.46299858450854,1.0328347932626498],[111.46107221654513,1.0310466975427997],[111.45821846374896,1.0240726566812395],[111.44997352767257,1.0202690939201906],[111.44711968873867,1.0142448548533487],[111.43824168347517,1.0117075790714338],[111.41723924892955,1.008149259071792],[111.40241721785372,1.0110743762819663],[111.39702617506612,1.013928232612465],[111.39449340588804,1.0126618389160715],[111.3849821376801,1.0151945986489181],[111.37197937564216,1.0256601588292236],[111.36437219843502,1.0278763259492891],[111.35803136303079,1.0342171304388001],[111.34439988699144,1.0399247735510115],[111.30857099295058,1.0478530690302361],[111.29747676991379,1.0538773264295138],[111.28859870651486,1.0548270878090125],[111.2724299817553,1.0668756145874843],[111.26608912615357,1.0684585887562636],[111.25333613415842,1.064815461179918],[111.25055366204244,1.0640217989557128],[111.24833301700272,1.068141989424817],[111.24826169730918,1.0691408535837714],[111.24801644490677,1.0725832710295686],[111.24389618940162,1.0786075235566996],[111.23248089340325,1.0855814973286302],[111.22872635295595,1.0849528187927306],[111.22677326251409,1.0846272472929037],[111.2255068928622,1.0786075113371383],[111.21789513283997,1.0786074933971963],[111.21409158041537,1.072266661355463],[111.19887269420498,1.064021799310603],[111.19316950062696,1.0564145790914576],[111.18809499250042,1.0570477356705257],[111.18587439804259,1.059901554973384],[111.17899839983787,1.0604009777046788],[111.16843928393494,1.0611679728607466],[111.16178183465382,1.060218152024582],[111.16028808188395,1.0572350255698635],[111.15829483622913,1.0532441024145465],[111.14782932337344,1.0503903207648013],[111.1400660678415,1.0500112548544807],[111.13964690026894,1.0499889664482014],[111.13483102694924,1.0497526748015258],[111.12732633716698,1.0506801510021253],[111.114225551282,1.0522898897583317],[111.1132712466627,1.0500737027746254],[111.09203259794509,1.0497526550339327],[111.07744688241932,1.0513401061422987],[111.0562036906919,1.043728372944695],[111.04922967831892,1.0399247681823491],[111.03686462626555,1.0389750336968495],[111.03337756112042,1.0364377620444443],[111.02227886609393,1.0364377556540567],[111.01752548643626,1.0345382106735028],[111.01110437758007,1.0340699844503152],[111.00008595232171,1.0332673272845285],[110.99596570305563,1.0297803509400663],[110.98677108195224,1.0294637407530889],[110.97881153314762,1.0276667238330521],[110.97694317108707,1.0272430796071648],[110.97123558818947,1.028197324263069],[110.97046854507694,1.028768142582668],[110.96869833495994,1.0300969658495234],[110.95887043717939,1.0300969553204335],[110.93096989436134,1.026293328263813],[110.9243124476786,1.0307301065902548],[110.92019220295055,1.0310467180713891],[110.91262507866661,1.0294280541944187],[110.90687733756998,1.0281973608234958],[110.9049465728412,1.0281973368980402],[110.89831588603334,1.0281973280350716],[110.89419561923766,1.0205856870042398],[110.89489131878867,1.0191944570855647],[110.89577865678626,1.017415251850258],[110.89419561923766,1.0123452648952396],[110.89134179006466,1.0123452455677269],[110.8912526563081,1.01214460888591],[110.88912117870152,1.0072707802180692],[110.88856382076814,0.9941164250946156],[110.88848796626112,0.9923685062727015],[110.88974993472381,0.9902236514652439],[110.89165839684843,0.9869774071421037],[110.8827892481716,0.9764896187454859],[110.86629504908676,0.9625683158486569],[110.8585897672435,0.9540648221412406],[110.85854065380828,0.9540113080508223],[110.85375164711638,0.9526378999658265],[110.82681418146224,0.9529322191245372],[110.82680972497225,0.9529321790822354],[110.81060092919854,0.9481297252526196],[110.80557098463125,0.9449191904922912],[110.8049199835102,0.943608205044173],[110.80442950466578,0.9426182648071098],[110.804420591831,0.9388458710415761],[110.80441167899629,0.9332007015262737],[110.80706925243737,0.9285765511735853],[110.81010144448646,0.9233014697003307],[110.81077036478604,0.9180218682638482],[110.81064103713766,0.9171924702849571],[110.81044931938042,0.915921632387903],[110.80916950399842,0.9075652795262761],[110.80915613469968,0.9074805699120999],[110.80915167826679,0.9074493798511981],[110.80412183000561,0.9030883293855222],[110.8006080866684,0.9026825816928815],[110.80023793227929,0.902637974483678],[110.78388639597028,0.9111370328529814],[110.78381955073688,0.9111682521773484],[110.78242826119076,0.9133933677147822],[110.78012296912574,0.9170765923105616],[110.77244881668648,0.9293480250219401],[110.76583148571615,0.9307392449900777],[110.76080162015194,0.9268419984675992],[110.75874155178433,0.9231721736754149],[110.75764458400651,0.9153598273119059],[110.75641838576858,0.9066288750784632],[110.75426456135882,0.9048452393302698],[110.75252999097366,0.9034094230460475],[110.74890925456411,0.9032667401366506],[110.74157850683255,0.902981329306863],[110.73396233369608,0.9047248698314087],[110.72742977911999,0.9062186366485532],[110.72734947743928,0.9062231405733594],[110.71785600038744,0.9067002409008005],[110.71785154426979,0.9067001993698941],[110.70893788642336,0.9016480667863751],[110.70703377548018,0.8993917447554637],[110.70138857431716,0.8926986577173952],[110.69065107042297,0.8853678929197132],[110.68890313073523,0.8850780652235576],[110.68653981051554,0.8846811758353718],[110.68409174021082,0.8830982398557409],[110.68160357113021,0.8814884871864291],[110.67945869921202,0.8801017109017678],[110.67147243688422,0.8795487808726307],[110.66644259559769,0.8792009830409779],[110.6664381396723,0.8792009406567389],[110.65526809815104,0.8824382951739632],[110.65239196621383,0.886036769295763],[110.64956940277114,0.8895683603012148],[110.64698309727441,0.8990395027689947],[110.64436115094813,0.908657757516376],[110.63477404365729,0.9102809074335311],[110.63476958785564,0.910280865845948],[110.63270955443586,0.908220811911321],[110.6321521257208,0.8949906586558828],[110.6317686549372,0.8859207967521301],[110.63000725537505,0.8792232611121213],[110.62947219784427,0.877189909368225],[110.61987175994753,0.8670989653495614],[110.6116804087943,0.8675537542234638],[110.60297180595194,0.8680398135312554],[110.58935817278633,0.8610122918520445],[110.58744071330021,0.8600179062208955],[110.57715803523982,0.8559021850490819],[110.57428192571737,0.8555275607834711],[110.5719096640957,0.855219907863505],[110.56668805219931,0.8611148203206356],[110.55566069353259,0.8604102836350409],[110.55178571061774,0.8601605749198757],[110.53625019053322,0.8687220957663923],[110.5254814769588,0.8712236207954072],[110.49123110999153,0.8791830939092963],[110.48298631541475,0.8842575585480843],[110.47981588862395,0.8918647959305311],[110.46333501952962,0.8919316736047596],[110.463330564468,0.8919316994798737],[110.46261711844129,0.8945224277792575],[110.46175201925264,0.8976705570127619],[110.45833190752846,0.9027405608680432],[110.45357848453355,0.9055676527836081],[110.44168157578872,0.9126397498315331],[110.43166206138277,0.9264495583043032],[110.4335749479796,0.9294059452842357],[110.43716007534046,0.9349397504097348],[110.43509107704841,0.9397689310504612],[110.43243794371386,0.9412270573451001],[110.42165138281737,0.9471487223508835],[110.41530158736349,0.9476169477186496],[110.41526140295227,0.9476213676071245],[110.41384349440229,0.9473716672221169],[110.40475133081928,0.9457887381354974],[110.40339135066706,0.9476303060600645],[110.40592857579284,0.9653285211374938],[110.4055673744354,0.9669827846181103],[110.4027581364569,0.9798116292341318],[110.40043047572846,0.9850511032454932],[110.39805381874268,0.990393114069838],[110.39775053223195,0.9910797938383749],[110.3938800925465,0.9929303017581405],[110.37450968958258,0.9913696600753069],[110.36641202463211,0.9874099545133598],[110.35756961549217,0.9830890888277394],[110.35756516094625,0.9830891171824635],[110.35290535471016,0.9834547331453998],[110.34866029635542,0.9837891623919548],[110.34273864914465,0.9893184842649724],[110.33626405580631,1.0050457241743973],[110.33544798522985,1.0070210964948494],[110.33172908769839,1.0073287450035098],[110.32701142271439,1.007721191757578],[110.32356891457214,0.993478810266846],[110.32234714523848,0.994263590268403],[110.3092016911582,1.0026913273870284],[110.30919723686316,1.0026912876842538],[110.30121099650965,1.0022409372554495],[110.29640859866622,0.9971887358319752],[110.27963342143417,0.9914320782610058],[110.27905374751973,0.9912314003595927],[110.27904929338585,0.991231428826373],[110.27402831812945,0.9935412021595312],[110.27238293641572,0.9975499513721858],[110.27175863577102,0.9990616169229878],[110.27588777341894,1.0116897746433013],[110.27586104871887,1.0120865973154767],[110.27544190736289,1.0181420999425286],[110.27387224261061,1.0209112087395709],[110.27270844921479,1.0229578820858807],[110.271580290217,1.029031184972098],[110.27133949651069,1.0303199100764124],[110.27188798631691,1.0308728454597373],[110.28072141329558,1.0397286098164005],[110.27888876278094,1.0443303809968971],[110.2784651657517,1.044687106946198],[110.27776950354965,1.0452757350350028],[110.27342192354554,1.048941106531732],[110.26064211001052,1.052401388256235],[110.25790870142107,1.0551615237077736],[110.258256478545,1.0586084251113113],[110.25883168369191,1.0643517160142348],[110.25793097151471,1.068489803500004],[110.2623231913112,1.0722666351010677],[110.26010253582591,1.0754370474658785],[110.25091237730835,1.0798738955140632],[110.24552126141681,1.0912891482040872],[110.24199864892037,1.0930504996369361],[110.23981368071492,1.0941385704651072],[110.23601004325269,1.097946599434897],[110.23156879271599,1.1112614925358013],[110.2209293804383,1.1152122637243012],[110.20937582029532,1.119506339489427],[110.20620539484226,1.1372580843107138],[110.21127984505564,1.1416993495933856],[110.2119130970117,1.15184376741659],[110.20652197325744,1.1585012406393735],[110.20652197325744,1.1632546002975779],[110.19828161440478,1.1705496703379414],[110.19764837350922,1.1737201253266858],[110.19320715796648,1.1775237034342563],[110.19257392121561,1.182598190306507],[110.18845375946627,1.1857686004812125],[110.18637582693177,1.1861743684415431],[110.17069762456688,1.1892556270891417],[110.16657739859731,1.194958828477121],[110.15896567780523,1.199400060622074],[110.15389566296697,1.1997167085753584],[110.15252228230564,1.1988605031484743],[110.15135848707547,1.1981337138179964],[110.1434346391216,1.1993198250642831],[110.1386768261273,1.2000332469240973],[110.13632237883469,1.1994179263264197],[110.1253619278105,1.1965462637370492],[110.10718214695005,1.1976208730187874],[110.10717769380511,1.1976209070850967],[110.09119180621344,1.196952058711443],[110.08457897103276,1.203159118546],[110.0844942730457,1.2033909738906008],[110.08093142309545,1.2130493671849418],[110.07478233379123,1.2135176007160418],[110.07477788084609,1.213522052322814],[110.07090292033699,1.2118588099619396],[110.06083875408196,1.2075513222167487],[110.05971945190056,1.2080016947076533],[110.05856007589709,1.2084699165805264],[110.05398956487393,1.2149222313349501],[110.05365960229527,1.2168128539098249],[110.05331173775555,1.2188194876507248],[110.05468965673928,1.2231893558534679],[110.06095016641184,1.2275013566565665],[110.06268923700081,1.2287008703428177],[110.05972835760227,1.2411194109497055],[110.05983986063188,1.2415252311222418],[110.06041954944476,1.243652230302406],[110.05542091906501,1.2615778172552459],[110.05520691093672,1.2619389817395132],[110.05267853022545,1.2661885008987366],[110.03943946195116,1.2657381474295706],[110.03490015345794,1.2720477320846004],[110.03282220269611,1.2749417027620997],[110.02802868195357,1.2788478594169292],[110.01433919252516,1.2855320860056243],[110.00955016177534,1.2903612920930836],[109.99928079650917,1.2956587267457456],[109.98374978351846,1.2954491098843597],[109.9787288110975,1.297290707127542],[109.97353841640805,1.308853152645803],[109.97212040789083,1.3120102225723662],[109.96346976694842,1.3386890068083337],[109.96363031970051,1.3391349431987019],[109.96461135509908,1.3419084715315253],[109.96125810448218,1.3544340918920503],[109.95869854208739,1.3639810504358267],[109.9582481437183,1.3715704403851625],[109.95935846665638,1.3755479210673778],[109.96145872661556,1.383070477768983],[109.95985793086132,1.3919618871799206],[109.95963940954665,1.3931792670183885],[109.95949675741741,1.3934289775956823],[109.95605875950943,1.3993461445862792],[109.95576000943556,1.399858969852311],[109.94937898354488,1.4049200189204463],[109.94590096921704,1.4065387313776345],[109.94047868709919,1.4090580692040295],[109.9313509135506,1.418729914019635],[109.9297634560663,1.4194522875685063],[109.92080509672654,1.4235278530986575],[109.91969929090804,1.4240317349266367],[109.91656005192864,1.423817747665416],[109.90942104743145,1.42334059295026],[109.90533198231677,1.4200631538369977],[109.89486653992304,1.4162595642094442],[109.89208846707903,1.4171825951869166],[109.8882091063666,1.4184757196820001],[109.86348332721242,1.4191133908493978],[109.85809235635838,1.4206963239315926],[109.85365104741547,1.4241833947158216],[109.84699359467015,1.4254541963256857],[109.84001952987688,1.4346488779631388],[109.8384365700777,1.440352073919191],[109.83462848957276,1.443205866544818],[109.83653257231612,1.4476471352162885],[109.83114147158103,1.4517673714247405],[109.83241236630847,1.4584248333908751],[109.83653257231612,1.4628660485382547],[109.83209577792024,1.4663530643195777],[109.8299910370402,1.4756012513120436],[109.82850621294374,1.480470572926056],[109.82817173057929,1.4815808997934266],[109.82567465559875,1.4812999945197758],[109.82406048297909,1.4811216425515636],[109.82058233649171,1.4762522600733625],[109.81200305957286,1.464243942352059],[109.81124945011913,1.463191610635092],[109.80691076348396,1.4608995793762638],[109.80690631235363,1.4608996202339068],[109.80165790734398,1.462281915930025],[109.79162050591894,1.4767695744682836],[109.79574070923836,1.4866598389901293],[109.79488011327767,1.4891837135850357],[109.79323913440469,1.494008461332688],[109.78851252249791,1.4976247457899758],[109.78569877352649,1.4997695976258043],[109.78248826715587,1.5004161272206475],[109.77999119833252,1.5009200254765418],[109.77385539308425,1.508076928169435],[109.77269162371806,1.5094414102289793],[109.7656194937183,1.5209414306299092],[109.75099807889053,1.5294493993078635],[109.7490182407515,1.5313222038096508],[109.74727029907847,1.5329809874071423],[109.7400509662479,1.5398078656159557],[109.73984587389394,1.5401289115126107],[109.73618047326805,1.5458187153405574],[109.73457071976452,1.5483202786402042],[109.72238849115489,1.561042125242691],[109.7214520709369,1.562018647895066],[109.70307165671983,1.5812195075121367],[109.69783225793937,1.5849607415275258],[109.69211118849988,1.5890407578732682],[109.6903141930682,1.5909804711860025],[109.68890955072182,1.592501085135262],[109.68594869659164,1.603309939006952],[109.68070037274524,1.6108993359302257],[109.67897915685148,1.6115860339287131],[109.67203186236296,1.6143506750597432],[109.67202741225653,1.6143506499784501],[109.66700199299783,1.6138913591383819],[109.66672554401572,1.6140920535379375],[109.65922977782003,1.6196480280236984],[109.65420883189894,1.6286197596439465],[109.65330812325418,1.6350587348297656],[109.6533170231712,1.6350720700061618],[109.66596303957522,1.6537245334476902],[109.66057195554804,1.670847426027476],[109.66057195554804,1.6756008348705271],[109.66342578532,1.6809919383692713],[109.66342578532,1.685745324148692],[109.66088854249304,1.6889157535403552],[109.66120512961619,1.6917695551392296],[109.6681836232055,1.7003310075398639],[109.66722940054062,1.7336182272701557],[109.67705723547651,1.7497913638004277],[109.6818150971327,1.7662767012941407],[109.68308149353146,1.782128797753928],[109.6818150971327,1.7859324032519126],[109.67262045736022,1.7884696511357652],[109.66437555150348,1.7957602370021433],[109.65898902349649,1.7982974648646128],[109.65757101804213,1.7979139705033427],[109.65074413570295,1.7960768206614728],[109.64503643811246,1.796393466968366],[109.63932879890288,1.799247294173719],[109.63828535615082,1.8016863718565215],[109.63742926232797,1.8036885712129846],[109.63535128554396,1.8025960926578428],[109.63140494916078,1.8005181131079862],[109.62601392639777,1.8011512837137624],[109.62126053456993,1.8040051177799294],[109.61618608157163,1.8014678873067413],[109.61206589265016,1.7970310881517022],[109.60477082228549,1.7960768420173665],[109.60001734195087,1.7970311303957258],[109.57801168570776,1.8105689115309054],[109.57435969054352,1.8183901752060148],[109.57436413986244,1.8184080443334119],[109.5778244498684,1.836025941829013],[109.57497060961518,1.8433165802934612],[109.57320477572001,1.843361165922725],[109.5626055357583,1.843633132984482],[109.56182964656963,1.8455728846370922],[109.56070145393996,1.8483910201886429],[109.55084237755068,1.857037202663776],[109.55083792842723,1.8570416857026786],[109.55107427681303,1.8662809151449136],[109.55131062530374,1.8756717973036123],[109.5440021211813,1.8869399272474014],[109.53602037488929,1.921448937961486],[109.53721988090403,1.9255914128866398],[109.53762119985115,1.9269693149898914],[109.55226037865218,1.9288019693422551],[109.56024218715082,1.9276515464189914],[109.56381835859466,1.9292255849165],[109.56755953980569,1.9308709858676476],[109.56986943848554,1.9328151746143412],[109.57464953196676,1.93685070524938],[109.58197143926864,1.9639887307597446],[109.58242173504122,1.9646219700343954],[109.58655087122251,1.970418771021874],[109.59500982809946,1.9761710049146115],[109.60635823076771,1.981232072504466],[109.61460309428588,1.9828195240142403],[109.61903986536484,1.9821819097049656],[109.63901222415873,2.0272054424571824],[109.63489204664023,2.0291050333767244],[109.63280072996781,2.0314193185567846],[109.62886776103085,2.0357624532923926],[109.62918432998771,2.044007311771391],[109.63520861903744,2.062713257901985],[109.6400377780495,2.0695802601836575],[109.64348024925377,2.074480806956205],[109.64297187337226,2.075952345643704],[109.64146917945762,2.079720264748952],[109.641143703773,2.080531842610229],[109.64174561598645,2.0813790693655787],[109.64175006585285,2.0813879889642806],[109.64021168558668,2.0829308379252516],[109.63980148183803,2.083341071389366],[109.6377056968499,2.0832072758705835],[109.63569019810488,2.0830779474762755],[109.63346956176889,2.08106246668177],[109.62955892773937,2.077508537750414],[109.6214210871027,2.066641738817889],[109.61954821929027,2.0618794159946394],[109.61626190743084,2.0535007331210413],[109.60869926031701,2.041349698374144],[109.60000844289189,2.027388295232122],[109.59798400155354,2.0228266149097847],[109.59604873928362,2.018461174781098],[109.59417150876487,2.0142383833956186],[109.59286054772524,2.0068808800871856],[109.58720193970478,2.0001610115768393],[109.57422148926818,1.9938513818220338],[109.56318075684801,1.9923977284536918],[109.56120984403053,1.9921390729533142],[109.54105466839579,1.9928881644206213],[109.52533189883415,1.993467864957205],[109.5230979157195,1.9930531670498504],[109.51505810664084,1.9915504652679823],[109.48582871475986,1.9897088355030388],[109.4844508396444,1.9892718765835824],[109.4842011756404,1.9891916355497217],[109.47625947222741,1.986640991816094],[109.467800604161,1.987260846269241],[109.45322380863931,1.9832966563124819],[109.45297851737101,1.9832297581129397],[109.45278678719488,1.9831182919505297],[109.44728873733197,1.9799701643033674],[109.44511709487053,1.976679347375831],[109.44118869885263,1.9707309213493829],[109.42690170163137,1.9584193133036238],[109.4187013680468,1.954218899937584],[109.39336929255474,1.9505713577877637],[109.37947024745618,1.9502725764562177],[109.37555961483153,1.9501878734079874],[109.37347723655633,1.9504241604231853],[109.37109161635625,1.9506917455810031],[109.36412198327558,1.9514809979774714],[109.35881125268217,1.9513070606213756],[109.33557037616777,1.950557976382815],[109.33441101185959,1.9500273221927358],[109.33146805062148,1.9486807044393148],[109.32424876876676,1.9375909015134978],[109.31584776865078,1.9310805949805399],[109.3155489997641,1.9301932622299445],[109.31429157686676,1.926469898124396],[109.33199862819076,1.8822489945173986],[109.3327388602079,1.8751278228144859],[109.33254263871135,1.8745347652475892],[109.33198083940202,1.8728403069326043],[109.33013026441293,1.8672797822319436],[109.3278383385296,1.8603815685992566],[109.32754845647233,1.8396912940021766],[109.32639800580098,1.8359991958643922],[109.32531889356541,1.8325388912508123],[109.32236700307749,1.8284454720513614],[109.31830917034735,1.8228314878726641],[109.30448152327095,1.8096191602020806],[109.30223418966813,1.808169933313057],[109.29835022912538,1.8056594450056895],[109.29500591203553,1.8007053765688328],[109.29382876813727,1.798961877391977],[109.29159918158867,1.792500645968647],[109.29459126591686,1.7902220378562508],[109.29714185805078,1.7851921977866505],[109.29592005872351,1.7847685570698073],[109.2937217717012,1.784010515798293],[109.27711157259688,1.7477892385102785],[109.27693769822498,1.7436645650914846],[109.27672806897911,1.7385901305090383],[109.27792313843172,1.7318479458889158],[109.27888180975391,1.7264301678762288],[109.27667906475331,1.716522026720133],[109.26591922205623,1.6904586155150205],[109.26375655702664,1.6856338458747082],[109.26054152606113,1.678459177897561],[109.2574602751285,1.6739598788424854],[109.2550390278417,1.6704193943904646],[109.25282732084005,1.6671776320328124],[109.25264002541186,1.6669011222869492],[109.2513959283361,1.665567868540164],[109.23837094963616,1.6516198174379249],[109.2208645119826,1.6402357277667434],[109.21723919453764,1.637881306004368],[109.20488752538478,1.6317322085145205],[109.15240839349018,1.6056197183394618],[109.15064699249372,1.604464798555244],[109.14984880751169,1.6039386795253145],[109.13980248651261,1.5973614451899403],[109.12538175055751,1.587921558782585],[109.11376133516858,1.5794938879093636],[109.10903914098945,1.5760692854137142],[109.0846166281977,1.5556243153427007],[109.07048126289114,1.5437898502125174],[109.06960285781786,1.5430050353726092],[109.0614203702835,1.5356698197164527],[109.05247096156188,1.5248520002274535],[109.05147213983389,1.5236302374181423],[109.04236221700617,1.50577152174522],[109.04158182644002,1.5042420517706618],[109.04125185698616,1.5030871935094061],[109.03669915721103,1.4871993773804357],[109.03383196545526,1.4571851966540657],[109.0333414646404,1.4520081808933771],[109.03353764675856,1.4506659708441811],[109.03503146363902,1.4405304201408051],[109.03801457814431,1.4329990222371052],[109.03993198172648,1.4281609080850224],[109.04334768435432,1.4138070265880525],[109.04560841763826,1.4043091459687393],[109.04520261853297,1.3945793621571343],[109.04427066071648,1.372359667968077],[109.04022630484779,1.358737153618675],[109.03606144754077,1.3447088352258887],[109.03214197122873,1.3359600490102987],[109.0282090171038,1.3271800703239012],[109.02083370414653,1.3171559950599254],[109.01851043192316,1.3139989663214415],[108.99908218850233,1.2894694853364617],[108.98459008748947,1.2750977500933742],[108.9813081723405,1.2671159610529268],[108.97652804379399,1.2555000416032749],[108.95333182674817,1.218538524671701],[108.95259603599675,1.2155598717564244],[108.95157042894762,1.2113994929539347],[108.95220810051005,1.20926807216602],[108.95564158710228,1.197919660762109],[108.95697044649692,1.193531890460514],[108.96141164643963,1.1806986440602494],[108.96163463719706,1.1792805987200947],[108.96219197859168,1.1757400977283847],[108.96237933107442,1.1745004635119838],[108.95943184927272,1.171490581332171],[108.94761964400809,1.1651898562885783],[108.94485507835321,1.1644362990368515],[108.9423802515623,1.1637585072428946],[108.9295379977666,1.1705407742777474],[108.92223398454679,1.1723199769469215],[108.92222954148043,1.1723199386792396],[108.91493001172503,1.1704114618792736],[108.90813882766211,1.163919045748844],[108.90660484716203,1.1587687683204455],[108.90525819878202,1.154238335045338],[108.90756804986701,1.1503588802242048],[108.90830820238743,1.143928893402212],[108.91967895737992,1.1226678378915789],[108.92092754378048,1.1214326988194891],[108.92197982309462,1.1203892477706536],[108.92560955020939,1.1222620642314447],[108.92561399331261,1.1222576663499082],[108.92906983552935,1.1220123890485159],[108.93133058442106,1.1218518910792221],[108.93158919487071,1.1174819206649613],[108.92979216393205,1.1137897823893588],[108.93169175046255,1.1059997194330884],[108.93081780717291,1.1011705721959475],[108.9272014537211,1.0991550623449653],[108.92535982975103,1.0981294469559841],[108.92515916487487,1.0951418381323765],[108.9290608585713,1.0926491825764253],[108.93658788047436,1.0927205702953875],[108.93999457692418,1.087530128964657],[108.94213940742482,1.0842616132290994],[108.94658960603846,1.0705187063793087],[108.9518915316402,1.0675979617585387],[108.95438863277214,1.0662201245100689],[108.95580209466304,1.061408752898735],[108.96068926240508,1.050189646652528],[108.96287428300806,1.0405356556648653],[108.96447957091323,1.0334501643190268],[108.96648170066861,1.0289866031716939],[108.9679710165335,1.0256690216238666],[108.96913042493794,1.0189937968707945],[108.97107898198252,1.0077791593906114],[108.97210908106481,0.9903128102067875],[108.9725014788439,0.9836821220784733],[108.97295182535424,0.9761016738283135],[108.96994196740889,0.9542520552094549],[108.96517067548297,0.9386006199015544],[108.96494777350242,0.9378604083972861],[108.9646088865473,0.9367412051631976],[108.95706847430442,0.9213305092649021],[108.9480121091942,0.9028297485769676],[108.9394505953588,0.8901213036569148],[108.92246593081252,0.8729537660631337],[108.92156961065403,0.8720485721635363],[108.92069559839165,0.8714064390940821],[108.91106844009406,0.8643120246265156],[108.90750113427035,0.8634291135718959],[108.90405871350443,0.8652394948541672],[108.89698210393895,0.8661000860233212],[108.89214846871607,0.8704209979592182],[108.88919206537145,0.8699304843133286],[108.88724788864316,0.8570481631282884],[108.87733983287681,0.8471221990497196],[108.87660853176465,0.8463908938271999],[108.87589055965707,0.8458469077947657],[108.8697191715678,0.8412094428786615],[108.86736475081275,0.8394391474066348],[108.86641052940784,0.8387212125390339],[108.86229919855444,0.8382307204935405],[108.85137892033697,0.8290762147632079],[108.8473478866367,0.8257006658194279],[108.84518969038244,0.8228245602874126],[108.83900046661617,0.8146019673557725]]]}]},"id":"0000000000000000018d","properties":{"ADM0_CODE":116,"ADM0_NAME":"Indonesia","ADM1_CODE":1522,"ADM1_NAME":"Kalimantan Barat","DISP_AREA":"NO","EXP1_YEAR":3000,"STATUS":"Member State","STR1_YEAR":1000,"Shape_Area":11.9682752257,"Shape_Leng":32.3374899864}},{"type":"Feature","geometry":{"type":"GeometryCollection","geometries":[{"type":"LineString","coordinates":[[116.04593779281701,-4.08493342495018],[116.04593779281701,-4.084928965849127]]},{"type":"LineString","coordinates":[[116.05126195947483,-4.059106311648622],[116.05126195947483,-4.059110770749676]]},{"type":"Polygon","coordinates":[[[116.16455875841692,-4.056711769289375],[116.16591879819096,-4.059030493729073],[116.17650029752005,-4.054888006456671],[116.17810996496205,-4.050531485936179],[116.1737713118344,-4.049590576559711],[116.16455875841692,-4.056711769289375]]]},{"type":"Polygon","coordinates":[[[114.50387805241724,-3.4320184823998017],[114.50530054956282,-3.433891326687046],[114.50949205497119,-3.4324421026669736],[114.5103794946993,-3.427728826332107],[114.50938954290865,-3.4225741121992233],[114.50387805241724,-3.4320184823998017]]]},{"type":"Polygon","coordinates":[[[117.07845153540313,-5.025469305411819],[117.07950837906694,-5.025455937639783],[117.08086841429673,-5.025438129607253],[117.08167995999078,-5.024180660402103],[117.08324064349743,-5.021759314219065],[117.08472105089845,-5.018709345057334],[117.08378014184392,-5.016301420095583],[117.08045819600011,-5.01755890198713],[117.08022179712592,-5.018495284244029],[117.07845153540313,-5.025469305411819]]]},{"type":"Polygon","coordinates":[[[117.06406199952491,-5.035078662551943],[117.06502077617274,-5.039310349579305],[117.06556472147902,-5.039519944914375],[117.06654126944123,-5.039899002080594],[117.06803957387324,-5.038356093711782],[117.06952888874567,-5.036822185184865],[117.06896708598485,-5.033464465379513],[117.06886894767716,-5.032889268179177],[117.06862373638774,-5.03300072914009],[117.06406199952491,-5.035078662551943]]]},{"type":"Polygon","coordinates":[[[116.04084992841939,-3.3803999133873486],[116.0409391271728,-3.3873293345993054],[116.04431025809089,-3.3867184770407954],[116.04527781082271,-3.3865400901959664],[116.0455052681579,-3.3855323144057765],[116.04699906798746,-3.378861499661075],[116.04571486783892,-3.375980932044724],[116.04570142965454,-3.375949747403546],[116.04534473128093,-3.376275216382829],[116.04084992841939,-3.3803999133873486]]]},{"type":"Polygon","coordinates":[[[116.20202866108755,-4.0972985445147705],[116.20442763221831,-4.100366366303645],[116.20526144408923,-4.101427626038344],[116.20914979497356,-4.100709709493604],[116.21187875141855,-4.096549387635583],[116.20979188388043,-4.093111439801807],[116.20623802159605,-4.092643237098146],[116.20474868302001,-4.092451503274898],[116.2024611193562,-4.094310950974175],[116.20235413152234,-4.095060070555282],[116.20202866108755,-4.0972985445147705]]]},{"type":"Polygon","coordinates":[[[116.1289707183838,-2.9915083180253688],[116.12957713070683,-2.9929085209085287],[116.13036196636692,-2.994718874870746],[116.13345656614416,-2.99482588063139],[116.13630590109973,-2.9949195398230852],[116.13631040894485,-2.994919562499408],[116.13672062251186,-2.9900814027408513],[116.13576189375526,-2.9875888181701655],[116.13371072121267,-2.982273569908441],[116.13133405924252,-2.9868976537217127],[116.1289707183838,-2.9915083180253688]]]},{"type":"Polygon","coordinates":[[[116.04188892511696,-4.096241675192224],[116.04249978466247,-4.0973520013719025],[116.04326676171812,-4.098756661449509],[116.04327127121891,-4.098761106210176],[116.04616076263049,-4.095113536622516],[116.04803803972212,-4.092741341189063],[116.04719522833867,-4.089606530414768],[116.04593781533183,-4.084933442305386],[116.04388212746623,-4.085860951925124],[116.04282537139312,-4.091358986985721],[116.04188892511696,-4.096241675192224]]]},{"type":"Polygon","coordinates":[[[114.4957803976275,-3.4110918847539216],[114.49787167482694,-3.4184494250380317],[114.49879023073183,-3.4195731297629797],[114.50294165237291,-3.4246386329085357],[114.50431511689233,-3.424839319857764],[114.50521136039458,-3.4249686236341383],[114.50451570231237,-3.4215930915153403],[114.50007896085762,-3.400019953101996],[114.49903550491676,-3.4006843330645555],[114.49825073575417,-3.4011793375504067],[114.4957803976275,-3.4110918847539216]]]},{"type":"Polygon","coordinates":[[[117.04632823645824,-5.045031413260691],[117.0476480795778,-5.052598470807011],[117.05097907941263,-5.052861541734452],[117.05336915915764,-5.05040013165682],[117.05279393338856,-5.0472118854176555],[117.05205815212837,-5.043131821680253],[117.05094783048995,-5.04204377144454],[117.04961013874723,-5.040741744599627],[117.04960564893034,-5.040741730425287],[117.04779965716264,-5.041370483818881],[117.04727353520441,-5.042681460715859],[117.04632823645824,-5.045031413260691]]]},{"type":"Polygon","coordinates":[[[116.17488160535687,-3.049231408102108],[116.17882794340915,-3.0579578383713626],[116.17883236034484,-3.057957860940988],[116.18178880510652,-3.0570214468921395],[116.18373294716969,-3.053993709712476],[116.18610072721734,-3.0503105285059906],[116.1876703109986,-3.045699797931563],[116.18580191656827,-3.0420299431282007],[116.18078103259708,-3.041370008203922],[116.17509118768932,-3.045548178365408],[116.17493064313136,-3.048321714965156],[116.17488160535687,-3.049231408102108]]]},{"type":"Polygon","coordinates":[[[116.19701216200731,-4.033100844776373],[116.19963408324044,-4.035695999721457],[116.200240503913,-4.03629804314561],[116.20219360461817,-4.036462963435608],[116.21055889131974,-4.037149669848988],[116.21260113839632,-4.03483991095615],[116.2112098994061,-4.0325478774050865],[116.20617556040919,-4.030483372678144],[116.20180125515424,-4.028690770511543],[116.20179674849471,-4.02869078472285],[116.19745805912923,-4.0305591232711215],[116.19701216200731,-4.033100844776373]]]},{"type":"Polygon","coordinates":[[[117.08056961672068,-5.04729218561591],[117.08209906432474,-5.048781496100939],[117.08222844062026,-5.0488127156227955],[117.08423057565155,-5.049361157575392],[117.08469429610066,-5.048295483761733],[117.08568871036024,-5.0460079347023346],[117.08384702912649,-5.043751604891437],[117.08323175509555,-5.042998059318135],[117.08322726600359,-5.0430024843839805],[117.08292847182187,-5.043127335830152],[117.08173795948416,-5.04363126502571],[117.08142129641823,-5.044630045405592],[117.08056961672068,-5.04729218561591]]]},{"type":"Polygon","coordinates":[[[115.63206185671407,-4.937830174670342],[115.63231161437662,-4.9415088809068095],[115.64375813628756,-4.939368501501786],[115.66563885906312,-4.9173807151985685],[115.67215365613026,-4.907530561673665],[115.6829090201077,-4.891268223833915],[115.6812680476484,-4.886211594421489],[115.66667786977295,-4.901261041589863],[115.65642189569786,-4.909381066547546],[115.65235076068305,-4.913907071716256],[115.64770881433031,-4.919070700542771],[115.64622398588303,-4.920729522797051],[115.6445785530428,-4.922571087704713],[115.63206185671407,-4.937830174670342]]]},{"type":"Polygon","coordinates":[[[116.01797028091964,-3.4457391384327107],[116.02218857851604,-3.460208894573503],[116.02603240328985,-3.4647081207085235],[116.02609923857453,-3.464788425074204],[116.02701337395581,-3.4639278155077013],[116.03248025954797,-3.4587686136924947],[116.03313127766339,-3.4567531221216137],[116.034040878346,-3.4539215486126333],[116.03376001636732,-3.4447180201033456],[116.04145195175904,-3.430631718652627],[116.04051108110234,-3.4271803376942596],[116.03661822811587,-3.4276619098560306],[116.01908062703886,-3.4408920493138075],[116.0187596103224,-3.4422967170476055],[116.01797028091964,-3.4457391384327107]]]},{"type":"Polygon","coordinates":[[[117.05550060554282,-5.0955797378956085],[117.05717722869356,-5.099945232750316],[117.05769892584314,-5.1013097020183675],[117.06040113456278,-5.103289571649279],[117.06256824580693,-5.1048814097073505],[117.06970280756046,-5.1042750087059],[117.07104943887403,-5.104159036846243],[117.07116095442484,-5.102442333570016],[117.07129913665489,-5.1002083008743755],[117.06881992339999,-5.09599888609471],[117.06507869052267,-5.093568705366175],[117.06148913766718,-5.091241063048244],[117.05995522853853,-5.091263381144286],[117.05724852438787,-5.091307969381776],[117.05688288676558,-5.0921997385815505],[117.05550060554282,-5.0955797378956085]]]},{"type":"Polygon","coordinates":[[[115.79753908316508,-4.370079596145902],[115.79843541461926,-4.371559972773596],[115.79962152134785,-4.373521953248779],[115.80692103217875,-4.375858575629954],[115.80879830369263,-4.3764605072058025],[115.80923087950767,-4.376415912374373],[115.81360967766072,-4.375970008157483],[115.81612022396723,-4.373878703053545],[115.81695402852998,-4.371930097372163],[115.8176987364992,-4.370191063785124],[115.81605775847889,-4.3675512593025525],[115.81470219965802,-4.365370747798835],[115.80964106762079,-4.363328456376743],[115.80162811431056,-4.364527982685021],[115.8003572497547,-4.365219167051496],[115.7981990773357,-4.3663918669250945],[115.79775763701389,-4.368871176120254],[115.79753908316508,-4.370079596145902]]]},{"type":"Polygon","coordinates":[[[116.05758050895022,-3.381318510109278],[116.0602202994486,-3.390169795259658],[116.06269060852271,-3.390843145787878],[116.06464820684805,-3.3913782062582634],[116.06465262578887,-3.391378218032284],[116.06896457367922,-3.389585682953657],[116.07721843050034,-3.386152143071055],[116.07615712326975,-3.3779830906362776],[116.07581823266216,-3.375378974604603],[116.07757959317854,-3.3645701080098207],[116.07533217003858,-3.360547998008183],[116.07370903878467,-3.3576406496620046],[116.06966464733962,-3.355821347073705],[116.06545082953785,-3.353930694578623],[116.06107199603694,-3.3571590714911976],[116.0611701159186,-3.365408400534112],[116.05872206770286,-3.3711517226273724],[116.05782572175639,-3.3791067968306425],[116.05758050895022,-3.381318510109278]]]},{"type":"Polygon","coordinates":[[[116.29834078568524,-3.842728445182295],[116.29840313323747,-3.842897849403615],[116.29974089881348,-3.846411630804731],[116.30128822162415,-3.8472321590400127],[116.30272850052047,-3.847999084785314],[116.30889990747389,-3.845430635704971],[116.31194992024562,-3.8395802735069218],[116.31612810671962,-3.8315717375575606],[116.3165651377642,-3.8302251439455297],[116.31747027870195,-3.827411390781375],[116.31607909721066,-3.8232778182680955],[116.31525413234657,-3.8228274485603264],[116.31400113892789,-3.822140777019629],[116.31261435195829,-3.822448431021719],[116.3108083547248,-3.8228497369681316],[116.30510963590719,-3.8286421290778323],[116.30240748826986,-3.8329406869745872],[116.29900065983117,-3.8383584910094313],[116.29836754467999,-3.8425545509892447],[116.29834078568524,-3.842728445182295]]]},{"type":"Polygon","coordinates":[[[115.71142941614976,-4.71660965421294],[115.71419853282256,-4.720038713467378],[115.71420295760771,-4.720038754387712],[115.71831869951878,-4.719789001390526],[115.72383012889505,-4.7161504067646],[115.72676870018799,-4.714210700202606],[115.73775147163144,-4.710469498554933],[115.74064095544057,-4.708391566664377],[115.74163092690323,-4.707678068418825],[115.75298825528276,-4.691041198758334],[115.75366153958271,-4.687589819343812],[115.75269391296068,-4.686269926357731],[115.75181106467514,-4.685061555768257],[115.75180655020532,-4.685061517590118],[115.73945043869959,-4.688361261050943],[115.73627109715258,-4.692289756784135],[115.72618898882207,-4.695339742240386],[115.72250580662208,-4.699286061834951],[115.72186820449306,-4.699968333368634],[115.7203877446392,-4.70452552624819],[115.72007115365736,-4.705502052378736],[115.7139086640906,-4.711521863827426],[115.71142941614976,-4.71660965421294]]]},{"type":"Polygon","coordinates":[[[116.14654850769875,-2.917268765590725],[116.14759193885355,-2.9220934770850895],[116.14843910366335,-2.926008627020067],[116.15277783708807,-2.931818825209089],[116.1537455157336,-2.9331030472499084],[116.15581897142242,-2.9358587556241416],[116.16215976249973,-2.9402643686520618],[116.16272165174695,-2.9406478130254254],[116.16891091364494,-2.9419989608138217],[116.17650029752008,-2.9490799585512213],[116.18200730551179,-2.9513497020000017],[116.18201172239093,-2.9513496592824517],[116.19405571848165,-2.949030968598972],[116.19686055500013,-2.948491377807935],[116.20255035095981,-2.9440813593041044],[116.20345104755498,-2.9415396358490162],[116.20297397530516,-2.940380303153239],[116.20251024180864,-2.939252151670279],[116.1986798329556,-2.937709310867404],[116.1951794415875,-2.936300212966361],[116.16248086798105,-2.90451128221836],[116.15308110476946,-2.9011223852925796],[116.15308110476946,-2.901117907852975],[116.14875130169857,-2.903909329912878],[116.14670898037312,-2.908069646890984],[116.14654850769875,-2.917268765590725]]]},{"type":"Polygon","coordinates":[[[115.76619162048846,-4.821492220447782],[115.76690956305848,-4.827931101984505],[115.76768989009575,-4.831306677163534],[115.76807784081905,-4.8329922474073435],[115.77267957865975,-4.835270820851289],[115.79646003301619,-4.824542255812016],[115.80766125427884,-4.817800067382222],[115.8207621275126,-4.806598789009295],[115.8277316929445,-4.800641414110903],[115.83664097751928,-4.7957587332991665],[115.84781994938155,-4.786938647464471],[115.84963474855662,-4.784865119079495],[115.85145856104194,-4.7827782767594496],[115.85049985836953,-4.776339358330945],[115.848662681299,-4.775202257315581],[115.84865825870082,-4.775197833718374],[115.84574203570341,-4.77584434490342],[115.84225055927567,-4.776620264865293],[115.83767997163969,-4.77917978828237],[115.83767545859946,-4.779179754000552],[115.83594533391243,-4.778983607434259],[115.83379159832523,-4.778738320443094],[115.83365340699827,-4.77731139218726],[115.83352848414381,-4.775978164484813],[115.83549050639911,-4.772910311431378],[115.83648933873954,-4.7713585518325],[115.83659638850602,-4.769521347263204],[115.83668998932083,-4.767898271193578],[115.84927805353473,-4.763448054474011],[115.85453979841334,-4.757927690823234],[115.8561094206354,-4.756277873295575],[115.85746946362372,-4.753508751100527],[115.85531572057303,-4.750128770646595],[115.85469142697569,-4.749152209497262],[115.84896143215042,-4.7498701491622555],[115.84696827930175,-4.75084220400873],[115.83845133935809,-4.754998111985852],[115.83164235861182,-4.7598005414234805],[115.82429820347468,-4.764982006292982],[115.79691925951876,-4.787478161406017],[115.7861282693349,-4.803481913992238],[115.78009067795253,-4.809439269902535],[115.76819818939539,-4.815731021368655],[115.76642347136391,-4.8208278047332636],[115.76619162048846,-4.821492220447782]]]},{"type":"Polygon","coordinates":[[[116.31148170875956,-3.552320544649521],[116.3117314456898,-3.5562311818536956],[116.31201235438135,-3.5566146579181024],[116.31358194144615,-3.5587505960223758],[116.31904883925135,-3.55936591561824],[116.32320023658602,-3.5598296671245016],[116.32895690385968,-3.5674993261599406],[116.32901041505805,-3.5675706583961517],[116.3354003232594,-3.569662026730685],[116.33820065157776,-3.575628307235012],[116.33457092038957,-3.5816391242058736],[116.33517295167032,-3.582825237686256],[116.33619855438093,-3.584849697667896],[116.3390880549896,-3.586762668089152],[116.3417099791498,-3.588501701103212],[116.34896043303564,-3.6098608242986705],[116.34982554727797,-3.61107813067403],[116.35173844393647,-3.6137580809611474],[116.35200156061346,-3.6192784551755133],[116.36038916511092,-3.6503003782670294],[116.36358183070014,-3.652788560311194],[116.3812845190776,-3.6544696679376023],[116.38128893233619,-3.6544696685765836],[116.38185968306924,-3.6493817992489777],[116.38111951718726,-3.645591566534387],[116.38050859489114,-3.6424211624785485],[116.3828006036888,-3.6365797470015053],[116.38894968540819,-3.6326200715611527],[116.39532177969538,-3.6259002117721524],[116.39772072727503,-3.615251830819256],[116.3986482561957,-3.611140580429942],[116.3980283729624,-3.6079433869893047],[116.39650788249955,-3.6001087530045597],[116.40000824713299,-3.589647704812528],[116.40144856277972,-3.5853402102924594],[116.40230024784198,-3.5754900654386703],[116.40378062535585,-3.558389382146175],[116.40362905774616,-3.551508989092241],[116.40344173697756,-3.542969818896646],[116.40613950197917,-3.5344217186007554],[116.40792316561647,-3.531287003149538],[116.4096086550614,-3.5283216783510025],[116.41337214501918,-3.5217222378202364],[116.41725606578571,-3.497504831651294],[116.41973088490627,-3.4820807697134053],[116.41943659513328,-3.477523604662379],[116.41896832423646,-3.470339993394583],[116.42250437689353,-3.4563785539128884],[116.42854202803964,-3.432517877634848],[116.42942044981092,-3.426007588173372],[116.43049958489782,-3.417999065553754],[116.42937146358823,-3.4046886520903756],[116.42901027992961,-3.40051043529035],[116.42956767856236,-3.3970680136097435],[116.43075820198469,-3.3896793295576684],[116.42939820790593,-3.3836773772765145],[116.42888097046223,-3.3813987223348163],[116.42308853594152,-3.3717715480040704],[116.42175083029707,-3.3706924543976173],[116.41940084448409,-3.368801785516102],[116.41116490338003,-3.3690916702831166],[116.41116049067719,-3.3690916598913323],[116.40719631935384,-3.3665677618966487],[116.4054215659168,-3.3654396603088417],[116.40541715310687,-3.3654396497541805],[116.40291111407298,-3.3666079339093278],[116.40065036980255,-3.3714594313070774],[116.3971589306369,-3.3961182577722075],[116.39289155631214,-3.4071990886253145],[116.39143344636435,-3.4090407223102046],[116.38721064100532,-3.414369359109658],[116.37832806776194,-3.420420344261356],[116.37496149641363,-3.421593075642681],[116.37183122149864,-3.422681103585423],[116.36486158716917,-3.4251113141697287],[116.35915838541364,-3.4288302464498925],[116.3544852560983,-3.4352780511682024],[116.3507708278434,-3.4404015608264022],[116.34889359463325,-3.4443389705216605],[116.34219155394275,-3.45841191675962],[116.32386022298407,-3.521619612642235],[116.31854938027962,-3.5325979788904083],[116.31844685772919,-3.5328119917634453],[116.31392978621646,-3.5421716485643744],[116.31148170875956,-3.552320544649521]]]},{"type":"Polygon","coordinates":[[[116.00420059933195,-3.6878014351112474],[116.00432995143566,-3.688702162763359],[116.005114722224,-3.6937766222356143],[116.00515035256527,-3.6940085180414655],[116.00585493027833,-3.694289426866983],[116.00858834165393,-3.695368526254156],[116.00997510636313,-3.6978477675567802],[116.01346219042027,-3.7040905492183374],[116.01459925520061,-3.709035695906577],[116.0160484056906,-3.7153497375134172],[116.01877737945145,-3.7197152112256098],[116.02321863105743,-3.72681857898868],[116.02328113761565,-3.7362584695517143],[116.0254839203576,-3.7414800795395364],[116.02676813164038,-3.74452118212393],[116.05305895542381,-3.7726804376819247],[116.06371175039239,-3.7889695073527285],[116.06651651016064,-3.7938700290366727],[116.06661913703442,-3.7940484347510446],[116.06669047080366,-3.794177709535801],[116.06857219611474,-3.79745070403952],[116.07465889511761,-3.818368341533649],[116.07591183793636,-3.8347109801952852],[116.07489516377679,-3.8389025025059644],[116.07367783676004,-3.843927913139149],[116.06393026321871,-3.8585002856980903],[116.06190141447205,-3.8640295341878153],[116.0615669238784,-3.8717036522537365],[116.06150009785385,-3.873250972898455],[116.06269953665536,-3.8769699031012785],[116.06595025797566,-3.8870296154475317],[116.06347989031278,-3.8951005954691404],[116.0573619906828,-3.9043487623466873],[116.05717025720776,-3.9057444531841417],[116.05692053451185,-3.9075816303333823],[116.0599081723183,-3.910092045392356],[116.05991259134132,-3.910087597565786],[116.06064840269539,-3.909949393298219],[116.0609605289197,-3.9098914186070903],[116.06723002760467,-3.908669590927158],[116.06990542966842,-3.910694066676712],[116.07205920393758,-3.9123216393138174],[116.07229998400015,-3.91283441824729],[116.07461876549529,-3.917828589441339],[116.07658519971646,-3.9343986153782757],[116.07704889578265,-3.9383092912402615],[116.07817260224516,-3.939236785192038],[116.07843123167825,-3.9394508019200165],[116.07942119922973,-3.939366099288861],[116.08735838464848,-3.9387016377169997],[116.08937386483169,-3.9394017593911497],[116.09126011107901,-3.9400616945243803],[116.09448846494745,-3.94395895690572],[116.09435474002915,-3.944449456289496],[116.09403814622893,-3.945568690882603],[116.08006326028975,-3.943120625044414],[116.08005884161666,-3.943120632330407],[116.07295991859857,-3.9438608580746353],[116.07273257592193,-3.9441283944886867],[116.06220010184612,-3.956480105125221],[116.06281993114067,-3.96947839905012],[116.05556946645862,-3.9821689830057267],[116.04922861316652,-3.993272132608177],[116.05210027045266,-4.011679316128654],[116.05052172422839,-4.015139553451848],[116.04344073820229,-4.018408093718244],[116.04187106739683,-4.023941860464955],[116.04768134460672,-4.036110724632318],[116.05074024834876,-4.049211564279469],[116.05041025250443,-4.052118921200067],[116.05008918480773,-4.054968237428194],[116.05081158655808,-4.057514439283975],[116.05126198182197,-4.059106306411508],[116.05807995280607,-4.050781179626787],[116.06652101925087,-4.045662116919275],[116.07201907390497,-4.046090201243954],[116.07239809955578,-4.048016503414598],[116.07274141352282,-4.049768958688229],[116.073437058002,-4.050326344592782],[116.07503791683347,-4.051601611779549],[116.0780210135324,-4.051811253679376],[116.08074995722497,-4.049260604561061],[116.08117802593077,-4.050210386479211],[116.08297505895729,-4.0542013056459725],[116.08446890962344,-4.057518905630585],[116.08721121997166,-4.057599157625627],[116.0911218758022,-4.057710639921192],[116.09181746990002,-4.058999273185677],[116.09274047721536,-4.060698190408399],[116.0891108280384,-4.066700190439777],[116.08885662801198,-4.0696342739182105],[116.08825913521115,-4.076608305129501],[116.08966819158833,-4.0814285511134445],[116.09242839002653,-4.083029370701758],[116.09380180522726,-4.082806431760279],[116.09539811713546,-4.082547798058209],[116.10184151337222,-4.05525814243562],[116.10230976184314,-4.053269315269284],[116.10282697116169,-4.052448900194745],[116.10843207805424,-4.043561882426554],[116.11686867289808,-4.038902114962754],[116.13543642641724,-4.039941101992699],[116.13544084412078,-4.039941090979547],[116.14413166859356,-4.036891090062182],[116.14450175084859,-4.036592343663928],[116.14497001004801,-4.036222182233197],[116.14659304338387,-4.0349335279862295],[116.1482206639747,-4.0336403988615155],[116.15196629673196,-4.028601592220264],[116.15527049899217,-4.0241603588011605],[116.16387210994479,-4.009819879546961],[116.17638879135889,-3.9973120725191666],[116.18158806219675,-3.9950647073144747],[116.18667148610528,-3.9928707920467383],[116.19188865901155,-3.9873103186769385],[116.20172986965758,-3.984260319465095],[116.20205984714059,-3.9829582149783196],[116.2028402182499,-3.979881483045737],[116.20188147368015,-3.972737994589912],[116.2034823235611,-3.9668698054317457],[116.2067909781676,-3.9547588988714857],[116.20907850173107,-3.9511023952386086],[116.21156221637065,-3.947129349820243],[116.21542820630104,-3.944110563833785],[116.21792979231807,-3.94349074983519],[116.22023064139414,-3.942928898134406],[116.22085494657222,-3.943120614820411],[116.2328588364587,-3.9467592873341832],[116.23697908177257,-3.946728022006091],[116.24146495971755,-3.9440213588593647],[116.2431415216716,-3.9430091323168],[116.25928798090891,-3.926559540945319],[116.26638681895004,-3.9137173414587343],[116.26924958032625,-3.9085403211447076],[116.27288822133194,-3.905748877028117],[116.27976861025185,-3.9066317751443638],[116.28034383687385,-3.9072248394278115],[116.2903812500779,-3.9176100944253496],[116.29242796643288,-3.9183815516224603],[116.29519707876311,-3.9194204864164264],[116.29520158370305,-3.919420545787311],[116.29960268980827,-3.9188185176380044],[116.30045879151645,-3.918698166467356],[116.30127930206719,-3.9178241363701525],[116.30478862681684,-3.9140695939294297],[116.30704045650147,-3.909209202996817],[116.30742840263568,-3.902417963459557],[116.30813735321686,-3.889994922468232],[116.30847178184514,-3.88410888284259],[116.31136134483656,-3.8709679501441023],[116.3102019380782,-3.8693582080331184],[116.3026393054669,-3.868720516227633],[116.2973597106005,-3.8666782883274515],[116.2864215671593,-3.840971527481518],[116.2842767682551,-3.8377832598169253],[116.28132930575973,-3.8334000007900415],[116.27806968345305,-3.8303009477411187],[116.27580001406587,-3.828138286799115],[116.27356600581156,-3.8220649925923507],[116.27089945994338,-3.8148189470164446],[116.27238434204342,-3.8092049080210284],[116.27357934162127,-3.804670008730555],[116.27789127517688,-3.7991184407414376],[116.280138669264,-3.79716087119061],[116.28426784807226,-3.793549011892675],[116.30081557474846,-3.7835874040960276],[116.30320114365945,-3.7821515319489176],[116.31228884821687,-3.7731085194223386],[116.3158337792434,-3.7645915971750363],[116.3194991982848,-3.7557893494776935],[116.33473145020074,-3.738889324777893],[116.33170821083714,-3.732691184025977],[116.32757903144623,-3.7315719562711243],[116.31493755121842,-3.7335294724425876],[116.3136310415542,-3.7337301576888935],[116.30675062267339,-3.7317012967648666],[116.30376298054705,-3.729057009800166],[116.30028940939391,-3.725989175457332],[116.29968296636524,-3.723652612539351],[116.2994688954875,-3.722841032680255],[116.29908985622573,-3.7213963190143455],[116.29793940040915,-3.7170218972974793],[116.29995938420511,-3.7085317756162315],[116.30172969423508,-3.7011118401965217],[116.30081106991294,-3.6973126696585132],[116.29983901454571,-3.6932995110335405],[116.29718582140696,-3.6880466680366957],[116.29496966928592,-3.6836588921502478],[116.29327075876915,-3.6703217279048466],[116.29941096297412,-3.6631381719223834],[116.29976765765348,-3.660609825732925],[116.30028940939391,-3.6569221198427364],[116.29883127668836,-3.6510138323683963],[116.2974489075995,-3.645431051517945],[116.29774767225796,-3.641966350622671],[116.29809995459942,-3.637819333929074],[116.29645899926577,-3.6327716922391837],[116.2906711035012,-3.624517870166872],[116.28874033259187,-3.609562027685887],[116.29179032910407,-3.606360386985178],[116.2929987481782,-3.6050895739395354],[116.29368990135451,-3.60436274219575],[116.29600859729322,-3.6019191162474997],[116.29751134547928,-3.5976428316943436],[116.29892939278925,-3.593611837548253],[116.29760054242244,-3.5819379113018925],[116.29377909970457,-3.5754588615738014],[116.2863993119495,-3.5683688620347045],[116.2765089670225,-3.564039068247517],[116.27240218328069,-3.562242068012997],[116.27239767791785,-3.562242066214219],[116.26894185987136,-3.5585811203158206],[116.26667670097561,-3.554839954330662],[116.2661593825158,-3.553988233639993],[116.26630211602387,-3.542479301758394],[116.26806789561698,-3.533489792807938],[116.2707077104449,-3.529110933684933],[116.2735079770095,-3.5244689969596203],[116.28466466073893,-3.5129199417848778],[116.28782174912992,-3.5096514355471458],[116.289863982042,-3.508777442792843],[116.29331085305041,-3.507310410198566],[116.2967845243149,-3.506828839162596],[116.30726785463617,-3.5053796016794205],[116.31026437266581,-3.502467813551577],[116.31203911186314,-3.500742106351214],[116.31425970223829,-3.4906021504013798],[116.31447826459751,-3.468748062437803],[116.31453177901145,-3.4634283599596984],[116.31259200906398,-3.4597496449239467],[116.30873044116989,-3.4524188419136115],[116.29605770096963,-3.4403079080043306],[116.29006914143503,-3.434577962877842],[116.26706011605663,-3.417232127490148],[116.26632887854734,-3.416371459627323],[116.26013962890009,-3.4089783101269124],[116.25889995788917,-3.4066194300164128],[116.25062832477411,-3.3908609785539854],[116.2477701212671,-3.3877797091191004],[116.24668205406755,-3.3800610593871663],[116.25069969607735,-3.3675978337590395],[116.25086028143356,-3.3574712063953895],[116.25476638411189,-3.349346760316228],[116.25786105160383,-3.342921204388304],[116.26077284361116,-3.3345380673290186],[116.26594987768878,-3.319617918385771],[116.26820170723555,-3.307440136235157],[116.26964200218734,-3.299641156517157],[116.27402527986423,-3.2758518572889743],[116.27432848856873,-3.2742108760111837],[116.27427947060465,-3.2714507270127395],[116.27398067706605,-3.255339984451832],[116.28152104688714,-3.219832122707406],[116.28151654169321,-3.2198321781517025],[116.27694156427201,-3.220550041995024],[116.27650004655456,-3.2217094373836606],[116.27649563137334,-3.2217094210489114],[116.27345003830044,-3.221272457640919],[116.2719116388874,-3.221049474565483],[116.26962416074791,-3.219114221699772],[116.26408144710945,-3.2144188070342805],[116.25835153414873,-3.213081041822398],[116.25834702852632,-3.213081096889122],[116.25219794794677,-3.2158813698879927],[116.24492963751167,-3.2237517211279085],[116.24434108011027,-3.2248308153475813],[116.2340806150521,-3.2436214460953416],[116.23160586947645,-3.2455121154313242],[116.22906864358369,-3.2474517884253453],[116.22679004766914,-3.2491908615138847],[116.22203217255729,-3.2514293475419755],[116.21537917654763,-3.254559632545121],[116.20418679877713,-3.2652659083185265],[116.19673121125528,-3.2724004623214054],[116.16776038856801,-3.2859383097822867],[116.16071063590421,-3.29173964488397],[116.15102989380392,-3.2964929824990974],[116.1492997884377,-3.297340237212661],[116.14778811135805,-3.3003501561266213],[116.14671348803104,-3.302512822445365],[116.14388194164704,-3.308198160653297],[116.13983308481438,-3.3075872580768197],[116.13813860393168,-3.3073286451731563],[116.1248639178472,-3.3068604079075232],[116.12485940979654,-3.3068603961449226],[116.12006586366942,-3.3101601406038],[116.11359128482088,-3.3146192355882005],[116.10890031430264,-3.334515757432616],[116.10638978963061,-3.3451685356001577],[116.1086684053739,-3.3500913935558527],[116.10244348255469,-3.351174988963846],[116.10045028821546,-3.351518339519546],[116.1031971142098,-3.3587063733434115],[116.10440104467975,-3.3618589724597485],[116.10269766893131,-3.3659301105630184],[116.09761876204594,-3.3780811767219934],[116.09697223691214,-3.379628483633235],[116.09674924396874,-3.3805604224690735],[116.09496114544768,-3.388158745015718],[116.08564605702936,-3.4096248927507182],[116.07872998982738,-3.42556169747556],[116.07626416499363,-3.4282817255796583],[116.07327211991222,-3.4315815053116796],[116.0663203646586,-3.4539616831609745],[116.06258807024972,-3.459459746200882],[116.05986353116327,-3.463490786872301],[116.05770983415948,-3.4666701490657013],[116.0467983980472,-3.478477841087039],[116.03840195617114,-3.491431552239997],[116.04316872515055,-3.5201793878918193],[116.04142074578999,-3.531929065045248],[116.04432802545125,-3.557470854339059],[116.03821020848096,-3.56601890143871],[116.03938738912092,-3.5682573909580664],[116.04098819098346,-3.5712984811393946],[116.04056456435254,-3.5726005250095336],[116.04005173798966,-3.5741791066012714],[116.03883000576532,-3.5779514444979843],[116.0385178525183,-3.5789101432534722],[116.02585850519367,-3.604550033588262],[116.02085085701398,-3.6082599893585496],[116.00973877779309,-3.6235279643021903],[116.0088514613018,-3.6283705568258826],[116.00893616105594,-3.6291508669621235],[116.00981905736981,-3.63733777370085],[116.00602884187988,-3.6523292753366916],[116.00743348045809,-3.6564762562437485],[116.00836094183805,-3.659218616818295],[116.00875783150926,-3.66710671073398],[116.00940881945023,-3.6799311294989],[116.00710351916716,-3.6834136582169585],[116.00420059933195,-3.6878014351112474]]]},{"type":"Polygon","coordinates":[[[114.35169345388319,-3.4143960796025827],[114.35174695156392,-3.4174327636658504],[114.35192086431547,-3.4241793359648516],[114.35271453299703,-3.438096226925931],[114.3533388217541,-3.4491949417453385],[114.35353948255862,-3.452673014950524],[114.36367948121877,-3.4565390602674166],[114.38426273373584,-3.463138556377077],[114.40196088105276,-3.4688105188682394],[114.40515356275027,-3.4705183545120115],[114.41032172808002,-3.4732785583775883],[114.42022088526596,-3.478575912085589],[114.42973215158904,-3.4836593506211786],[114.4379993201099,-3.4902989118351138],[114.44507595262633,-3.494160535297798],[114.45015929831072,-3.4969295965926004],[114.46217658636596,-3.5015046227429183],[114.46392004063149,-3.502169051532096],[114.47193758349061,-3.502588207703276],[114.4719420251972,-3.5025882258756584],[114.4824298430217,-3.4933400166589292],[114.48361148511997,-3.4909320801423536],[114.48650991962015,-3.4850282787868134],[114.4866079961213,-3.4793741380340464],[114.48667933271076,-3.475129094182778],[114.48782089767116,-3.470629851811423],[114.49255200283356,-3.4519818614501125],[114.49384954572251,-3.4389613233325624],[114.49298454782011,-3.436388373570167],[114.48874836011161,-3.4237780872479107],[114.48980960940904,-3.407199093958779],[114.4911919122372,-3.4001894136935142],[114.49248955025949,-3.3936077653460326],[114.49529881856273,-3.3852960279389093],[114.49723845554082,-3.3795393304615025],[114.49846918055059,-3.3769441041109864],[114.50063186810895,-3.3723913507413266],[114.52068891109278,-3.3529719853904063],[114.52172786803912,-3.3527668821803154],[114.52801076573805,-3.351549521289871],[114.53054796861946,-3.348825038863621],[114.5339413631592,-3.3451819496072575],[114.53716080527064,-3.3471974164202316],[114.53936804989377,-3.3485797713686796],[114.538957851735,-3.3490033871514253],[114.52714122114723,-3.3612302289663996],[114.52334208422272,-3.370777154133989],[114.51690312538119,-3.386977087141755],[114.50926020183293,-3.406200263536226],[114.51460221545295,-3.4209108508881045],[114.51575267211467,-3.428460113095555],[114.51720186381309,-3.4379312415462038],[114.51595778350672,-3.451959560428694],[114.51566792654558,-3.455210255092754],[114.51466910572286,-3.4592278986913563],[114.51320204901262,-3.465118358774666],[114.51372375843165,-3.4711604301768415],[114.51489207320638,-3.484680439564357],[114.51631897144469,-3.489625578399276],[114.51716171178596,-3.4925284783868347],[114.51638142021608,-3.494472651497899],[114.51449970473249,-3.499190370510668],[114.51343389980998,-3.505205717524524],[114.51250196390804,-3.510480796514095],[114.51318872529177,-3.512977889202205],[114.51388880916409,-3.515528540157964],[114.51591319014211,-3.51714716159864],[114.51618963266571,-3.5173701416457828],[114.5158864522483,-3.5182886914614815],[114.51551184963107,-3.519439121998685],[114.51185988578675,-3.520839273373929],[114.51003162509211,-3.5233809909580454],[114.5109903957609,-3.5260653383591505],[114.51143180290646,-3.5272916488752055],[114.51086993774888,-3.530230168616284],[114.50918886935028,-3.5390413547376847],[114.51031260369415,-3.5416722148542483],[114.51065594114377,-3.5424793285263445],[114.51104831348255,-3.5433978747282917],[114.51198469410957,-3.54443240217813],[114.51334027125984,-3.5459306350433777],[114.53078878179085,-3.5526015012301464],[114.53544849173439,-3.5571809492760216],[114.55187136226147,-3.5637402848348625],[114.55856005089889,-3.571521433152521],[114.5714691877366,-3.589420253167226],[114.60171969036006,-3.64407990681458],[114.60734259495,-3.66115385650917],[114.60846187391479,-3.664538286729731],[114.60880965438172,-3.6665537832083896],[114.61104810968656,-3.679498566265807],[114.61133798518935,-3.6846622066683037],[114.61185521169783,-3.693598254142041],[114.61230112417161,-3.7013615794992276],[114.6078286552963,-3.72510179054007],[114.59945888800816,-3.7463182356114366],[114.59339899403177,-3.7716682276056477],[114.59119178865656,-3.7880286679788675],[114.59157075795042,-3.808290785997502],[114.59183382512656,-3.8222968273576776],[114.59210142306958,-3.8366015984662063],[114.59347484185157,-3.8462466348067865],[114.59495074497728,-3.856618567441371],[114.5938672204145,-3.8661966921716355],[114.59297091119018,-3.8741293977222653],[114.59400541369173,-3.8813933154577276],[114.59605220881838,-3.895760544819245],[114.59743005357174,-3.8975887761856565],[114.59714460768403,-3.8991539184603368],[114.596761203679,-3.901280911283994],[114.59886135756838,-3.9086383912342826],[114.59792056690803,-3.910752025410876],[114.60737829739044,-3.964778480482766],[114.615721248976,-4.035990324613882],[114.61737113276358,-4.05013016149584],[114.6153020715071,-4.062731564763628],[114.61398219405477,-4.064466178983481],[114.61275147620634,-4.06608923164099],[114.60428812088745,-4.067658834120841],[114.60798025452696,-4.1027787664915305],[114.60859118159323,-4.125350698279596],[114.60797581438301,-4.128316012686019],[114.60612970674035,-4.137220874020297],[114.60629027759569,-4.152020597736847],[114.60562135273629,-4.1537507561264455],[114.60197831028279,-4.163168333869081],[114.60059151098608,-4.171328501510985],[114.60807839075682,-4.176835482742926],[114.61248842356405,-4.180081733474819],[114.62730154423777,-4.186578606970394],[114.639590849623,-4.187657757569094],[114.64612785626656,-4.188228495633748],[114.6461322959594,-4.188228490612976],[114.6593892547018,-4.187341155586175],[114.6713931094708,-4.184598760911994],[114.68661202506428,-4.181120671039733],[114.7020895868741,-4.174668377171153],[114.70600913082673,-4.1730363409866555],[114.71304112189934,-4.170097763548214],[114.75122886365297,-4.150731919202329],[114.75704803949706,-4.1477799928789825],[114.76721923362625,-4.143178174478496],[114.77727003911897,-4.1359901054236365],[114.78139020179944,-4.131655886311766],[114.78385167970674,-4.129069636378323],[114.79323805379026,-4.123491242530629],[114.80124665348318,-4.121181472471921],[114.80949153850666,-4.118809244379936],[114.81412002674331,-4.116396843280855],[114.81886002786031,-4.113930967141707],[114.82199484720213,-4.1140602955879055],[114.82365810592158,-4.114131605957082],[114.8305117430153,-4.108811909539111],[114.84858440031675,-4.098538171858436],[114.86729033938056,-4.087912071594061],[114.87189660482878,-4.087055968040322],[114.87620852826754,-4.086257797732573],[114.88625939372155,-4.080460948590714],[114.88843546427526,-4.078534617903452],[114.8951597100281,-4.072581742351689],[114.9005998562516,-4.06972789489369],[114.90354289934679,-4.06595546474651],[114.90360971849175,-4.065870781165957],[114.90841215209312,-4.06516179500425],[114.91158265224266,-4.063587704151738],[114.91686219702181,-4.060970222912282],[114.92417065558247,-4.056560195576029],[114.93262954592512,-4.054678420726036],[114.93758810204217,-4.052069867536738],[114.94543169126592,-4.047940740178711],[114.95002894263293,-4.044070249595439],[114.9520400281531,-4.042380250571706],[114.96530139653555,-4.037020401163368],[114.98016808111264,-4.033261354450518],[114.99136038765756,-4.025150289024165],[114.99541373428497,-4.024276294976871],[114.99837007569673,-4.023638624549014],[114.99955618934975,-4.023384471495027],[115.00000215758138,-4.02329083644015],[115.0005996472715,-4.023161479845126],[115.00118826544471,-4.023032199930826],[115.02450043888932,-4.011862166470344],[115.06263913468834,-3.9907215706438364],[115.09259983985815,-3.9806706966886938],[115.10723902450505,-3.9782984737462677],[115.1076582441238,-3.977749995472439],[115.10883093415508,-3.976220516005061],[115.10870606458512,-3.9739731803137164],[115.10856789363534,-3.9714492690251535],[115.10971832108206,-3.9700000599714653],[115.11293775889744,-3.9729698919175735],[115.1163802055222,-3.9734202440421527],[115.1180925025561,-3.971926444415617],[115.1211603906213,-3.969250952443447],[115.12867842986113,-3.966356976093612],[115.13043979179753,-3.965679221730841],[115.15751100027263,-3.9552493827976796],[115.15953981697528,-3.9539250592805137],[115.16390084715562,-3.9510712283406413],[115.17071884062376,-3.9416000496231987],[115.17297509813633,-3.9403961399383567],[115.17550789549706,-3.939040555029195],[115.20134838375071,-3.931540335875983],[115.20694005744717,-3.928838125630052],[115.2148415930511,-3.925021129912194],[115.22073206630385,-3.920156286230806],[115.22577977955577,-3.9159914435256997],[115.24098981476766,-3.910020737571536],[115.25549075741453,-3.9043220214352146],[115.26036905376841,-3.9030690235575713],[115.26555947406096,-3.901740154149216],[115.32165051138287,-3.876162738215466],[115.34116798923526,-3.867257923140502],[115.34473080587816,-3.866495408231603],[115.35783160025555,-3.863681733432529],[115.37411177617584,-3.8601813322180902],[115.37857981285345,-3.858527003492766],[115.40314057747314,-3.849430460157433],[115.4194876283676,-3.8422245779004705],[115.43009136179616,-3.8375513951061637],[115.43462183468424,-3.834198163567521],[115.44263037279097,-3.82827203350294],[115.45314940159096,-3.824071583445],[115.45840222269378,-3.823425006562141],[115.46686997045207,-3.822381525906358],[115.4743078011887,-3.8186983332384923],[115.47695649324085,-3.8185868372223974],[115.48150920159473,-3.8183906575283104],[115.4844878772471,-3.81905949997476],[115.48820677347331,-3.8173962499778376],[115.51830124792018,-3.803911944699798],[115.52996179549099,-3.8001618285128695],[115.53047459145442,-3.7993948994137283],[115.53245004469406,-3.7964608213866473],[115.53849658984579,-3.797232252556207],[115.54115861266293,-3.797571110182084],[115.54188996210775,-3.797281304160415],[115.54709817549814,-3.795230064176119],[115.55714008159184,-3.7885012732463115],[115.57254180760047,-3.783979773511319],[115.57255517899071,-3.7839753292490603],[115.57313927323169,-3.783801442454195],[115.57791055122968,-3.7780179297791747],[115.58028726140925,-3.7767604946511955],[115.5836181639147,-3.774990215113786],[115.58867032139986,-3.776118372513739],[115.59628651308729,-3.7748118542950064],[115.61085883920052,-3.77231029784111],[115.61512623634458,-3.7699826461276165],[115.61724870951122,-3.7688188395086546],[115.6256496482195,-3.7568015688911864],[115.63088912184612,-3.7526189483657464],[115.63207522530341,-3.752025842611091],[115.65462938965662,-3.7407488118543992],[115.65614551488278,-3.738024251454056],[115.65758133734398,-3.7354379791077195],[115.67682680702076,-3.7371681005351003],[115.6768312324015,-3.737168103054281],[115.67997937626035,-3.7362004762148073],[115.6836804634785,-3.7350589480802987],[115.70177101881131,-3.7340289314876154],[115.70591792007383,-3.732869549476115],[115.70931135955797,-3.7319197933961936],[115.71128673793757,-3.728245449983415],[115.71315951906891,-3.724758480144375],[115.72135981935756,-3.718261548123113],[115.72886007555654,-3.7085496118319687],[115.73208844313146,-3.708371284969315],[115.73824194832189,-3.7080279136961654],[115.74330747751071,-3.702587841243406],[115.74621035624497,-3.6994708678016703],[115.74865398748581,-3.6992969822832973],[115.75330932280463,-3.6989714617962792],[115.76266896168711,-3.6956895510235324],[115.78098246275135,-3.6836945902090785],[115.78182973685367,-3.683141651477436],[115.78476822729317,-3.6798017992817202],[115.78558867696776,-3.678865360674384],[115.78569123300292,-3.6787494239925422],[115.79044018501901,-3.668359757610745],[115.79703968560472,-3.6630222146812175],[115.80817850583584,-3.65052780916252],[115.82209093711913,-3.6405393971631805],[115.83718940372417,-3.6379219533980325],[115.8411001122087,-3.6360580059844083],[115.85087884508415,-3.63139826848229],[115.85911930407525,-3.630658045364398],[115.86728387860944,-3.6273137053193287],[115.87510959215831,-3.6241120718114974],[115.88237347715085,-3.6232157793396293],[115.88494194744362,-3.622899188140134],[115.8899494950962,-3.6234298550985606],[115.8973204504589,-3.624210159701297],[115.929318913417,-3.616652023856552],[115.95131119955926,-3.6174412986876767],[115.95288078845981,-3.6169195588956757],[115.95770110059186,-3.615332150675254],[115.96179010408028,-3.612616495055037],[115.96751115496458,-3.6088218334883004],[115.9720905935961,-3.6033728233735154],[115.97568915069115,-3.599100975604187],[115.98060746200348,-3.590597513686079],[115.9861100613674,-3.5810817714063847],[115.98872749208539,-3.572997417539647],[115.98879884748642,-3.5727699711523444],[115.98785796495675,-3.5697779575403223],[115.98952566111554,-3.566384563666673],[115.98966837145838,-3.5660902292468446],[115.98972186526446,-3.56435122024133],[115.9898601552719,-3.5596379254465105],[115.99011878354827,-3.559379345395171],[115.99212979677043,-3.557328153989138],[115.99219222065145,-3.550108834001601],[115.99225915491178,-3.542358894666761],[115.99625894169469,-3.5223108287674245],[115.99723551533879,-3.5192162006093572],[115.99894780284676,-3.513771628697697],[116.00938211968614,-3.4985081145413464],[116.01252130746465,-3.4874406637167104],[116.0114287929114,-3.4625811734651433],[116.01085808932213,-3.4602133346577384],[116.00931969995662,-3.4538502479309368],[116.01108990680089,-3.4434783881248476],[116.01669053568311,-3.425940684837987],[116.02419077318285,-3.417151811390264],[116.0254080652834,-3.409901305451898],[116.02639796773174,-3.404010846102383],[116.03206103836338,-3.395230887532756],[116.03362625957512,-3.3846494734313586],[116.03469198269438,-3.377488100148284],[116.04217879722823,-3.3659301365271195],[116.04661558533991,-3.3629514401840894],[116.05082944365415,-3.360119940557888],[116.05182826661094,-3.3559818472023224],[116.05260856332754,-3.3527400991355227],[116.0555783948405,-3.350880664295007],[116.05898062671405,-3.3453291135545897],[116.05872206770286,-3.342898880235057],[116.0585971620525,-3.341748408048271],[116.05849020308597,-3.3407317699305046],[116.0625300824482,-3.3385556826345955],[116.06281993114067,-3.338399627872716],[116.06552216363431,-3.330787926150858],[116.06544632042869,-3.3298649541912972],[116.06533936433571,-3.328469199772855],[116.06158036122804,-3.3232610216079976],[116.0684295296106,-3.321098344520441],[116.07432000251245,-3.311631664513365],[116.07580037731692,-3.3043588606209946],[116.08087927066194,-3.299841819098655],[116.08194506697558,-3.298111699506233],[116.08473195123298,-3.2935990897046605],[116.08470075056265,-3.289710691593364],[116.08467847724941,-3.287160096945177],[116.08738065772631,-3.2786209694852935],[116.08915095536939,-3.277671176993547],[116.09216977486724,-3.2760614198631557],[116.09554085865203,-3.2656806016444713],[116.10420042005609,-3.2498909208649747],[116.10773202131455,-3.2434609209328418],[116.10977429887467,-3.2397464582853384],[116.11113878353781,-3.2372583375046053],[116.11314532809044,-3.236362063224173],[116.1147907476228,-3.2356307148086794],[116.12579140246531,-3.239010732939737],[116.12897964417796,-3.2360008238364504],[116.13051803161476,-3.225628962503011],[116.13293482167603,-3.224728270641831],[116.13553893515072,-3.2237606224055555],[116.15017823017618,-3.222971374792003],[116.15362958200744,-3.225165264496767],[116.15592156195692,-3.2266189279411073],[116.15733059991844,-3.232139280184043],[116.15733501723543,-3.232139296871314],[116.17112703189704,-3.229958783278524],[116.17402100886926,-3.2294994702561617],[116.17388281916939,-3.2327099960202577],[116.17361969062446,-3.2387119681071557],[116.16837130425354,-3.250466146226367],[116.16837130425354,-3.2504706591195682],[116.16494224224641,-3.2474072417459094],[116.1619903751351,-3.2447719328017124],[116.16151322320148,-3.245320371105844],[116.16109854290309,-3.2458019638392672],[116.15041010077701,-3.2581982777019927],[116.14698106245882,-3.258220533331046],[116.14668671254188,-3.257640884969074],[116.14557196614938,-3.2554603971723433],[116.14896090599383,-3.247148634150543],[116.14734221536004,-3.243251341885312],[116.14458198785486,-3.2425780297651055],[116.14457757031249,-3.2425824568664985],[116.1399534425578,-3.2435367443452963],[116.1388699503181,-3.243759670507793],[116.12682139595405,-3.2555807320827856],[116.12440463723317,-3.256124791832468],[116.12361978296612,-3.256298672738487],[116.12154182325942,-3.253320016027939],[116.12153740531141,-3.253319999855348],[116.12030218007835,-3.253449339275143],[116.1192588157637,-3.2535607765460357],[116.11805928407637,-3.255322131439656],[116.11722094291831,-3.2565617788739574],[116.11735925407382,-3.2575383261574173],[116.11793891584122,-3.261631762026855],[116.12079275456288,-3.2666571401695936],[116.12626853232679,-3.276311143332803],[116.12011942032638,-3.2818671376434922],[116.12011942032638,-3.281871585950542],[116.12606783495575,-3.280449135633527],[116.13274314545072,-3.2771316254349263],[116.13982866718824,-3.2736089001540094],[116.14295001618201,-3.2720616216965044],[116.14958962767349,-3.2717896094604675],[116.14991958421722,-3.271477479016149],[116.15230968265863,-3.269230053495877],[116.15153825816637,-3.2658990906100174],[116.15114132115822,-3.2641778771349714],[116.15525715678127,-3.264378533775192],[116.15526157413494,-3.264378549363331],[116.16323891687176,-3.2599596215420354],[116.1674973436959,-3.2595048001673304],[116.1769595725717,-3.2584881264237264],[116.17861385714639,-3.2569452402092085],[116.17968852325329,-3.255941971508006],[116.18528028154994,-3.236098951895426],[116.17776219763132,-3.2064592960236378],[116.17122069184585,-3.1871603159106314],[116.17214818485404,-3.1823222180135304],[116.17276801400116,-3.1790893728000547],[116.1699721901135,-3.1703584102201754],[116.167287754968,-3.168075332128694],[116.16673930775907,-3.1676116162147676],[116.16359121184952,-3.1670497498307286],[116.16562897791631,-3.1609095688112707],[116.16605257514959,-3.161154828440567],[116.16647175450753,-3.1614000684911123],[116.1804688746834,-3.1663808923796464],[116.18047329158988,-3.1663809111979178],[116.18476297212565,-3.1646730817724262],[116.18754096245523,-3.163571704153598],[116.18928008628413,-3.1601604257459157],[116.1927314366595,-3.1534094074625783],[116.2043206452358,-3.1406696916453325],[116.2081598896144,-3.1335083874025655],[116.21171823070614,-3.131470620592601],[116.21811257041315,-3.1306144363973947],[116.22300868363854,-3.129958958191404],[116.2344685872879,-3.1326477922746516],[116.24407793654883,-3.1316712475250577],[116.2507175388999,-3.1330089931255274],[116.25072204466298,-3.133009010259891],[116.26097793742184,-3.1327503800775514],[116.26331001133639,-3.132687937225434],[116.26711814639472,-3.1341772616433414],[116.27086819253074,-3.135639861994892],[116.27337867365075,-3.1340078082536618],[116.27357042104595,-3.128491891938079],[116.27270980925677,-3.125834272149091],[116.27171096954237,-3.122739658301004],[116.27009677823538,-3.120773248369792],[116.26871001049886,-3.119078756299786],[116.26356421325475,-3.116978511424018],[116.25928798090891,-3.1152305223798726],[116.25308981167167,-3.1108918468302558],[116.2461915481159,-3.105870873966373],[116.24573672755426,-3.104212093364862],[116.24525072557276,-3.102428472955527],[116.2419286198229,-3.099712887239102],[116.24134005521267,-3.09923128817294],[116.23560122839277,-3.097189036378063],[116.2301298421994,-3.0970195744844773],[116.22497512275868,-3.0968634955695835],[116.22324949869675,-3.0968100409450146],[116.22108684124956,-3.0935593153533927],[116.2151607056161,-3.0846678662131937],[116.20883325642491,-3.0835129360352544],[116.20416011960901,-3.0826612571445344],[116.19674455124046,-3.079606765104007],[116.1959017872516,-3.079259017147474],[116.1901183659322,-3.0700910680725086],[116.18470059565944,-3.068347581462202],[116.17956809453649,-3.0667021871083397],[116.17784242393793,-3.0648694529153078],[116.176121248482,-3.0630412553276507],[116.16797890130054,-3.043059993827759],[116.16486651911106,-3.0401348099831154],[116.16384091909363,-3.039171656212602],[116.15650122472994,-3.0373701590540763],[116.15589027996187,-3.030463029463625],[116.15982321636926,-3.033183106055598],[116.16871917485881,-3.039341110262737],[116.17292855995515,-3.0371606398328366],[116.17583144008802,-3.019988601964543],[116.17875213435782,-3.0121495114393855],[116.17863621226793,-3.0107538420516766],[116.17824824245388,-3.005929041028645],[116.17552820008794,-3.002553540588397],[116.17271005156782,-2.9990620740105087],[116.15506089998887,-2.9941080056195974],[116.14149185284596,-2.9822200641553134],[116.14148743524909,-2.9822200387625215],[116.13988212947488,-2.982228946512359],[116.13940051770578,-2.9838475756693343],[116.13899030852406,-2.9852299048437274],[116.13931586140434,-2.9880971567338883],[116.13972156226944,-2.991668900111811],[116.1392400403476,-2.994915114614446],[116.13862914357665,-2.9990486481811165],[116.13622566144298,-2.9995748362604626],[116.13428150982344,-2.999998461068874],[116.13427700194187,-2.9999984385597416],[116.13188700187821,-2.998968418726261],[116.12917141343604,-2.997800122419101],[116.12698197141432,-2.9968726387079117],[116.12698197141432,-2.9968681504040378],[116.12032003228184,-2.9980097176524274],[116.11780962135825,-3.000328455722907],[116.11164263023392,-2.9980721040719804],[116.1116382121123,-2.998072148118067],[116.09939791493824,-3.0034899590163797],[116.09318646997035,-3.0074318048153383],[116.09256211596242,-3.007828631594998],[116.08726027487342,-3.013299941243171],[116.08450903768914,-3.009643471920708],[116.0837687865745,-3.0086580530534177],[116.08883877358407,-3.005068462732301],[116.09092124064459,-3.0035880432632123],[116.09099698607108,-3.002892394531371],[116.09138941915614,-2.999329571030505],[116.08821900773894,-2.9993697305695814],[116.08400955553805,-3.0020808610486114],[116.08295729429125,-3.002196781494485],[116.08276999872622,-3.002219124085834],[116.08333630362266,-2.999325125934742],[116.08393822662923,-2.9962216268690214],[116.08495937334399,-2.9926320094427235],[116.08586013242977,-2.9894705412795672],[116.08705070938115,-2.990861754063742],[116.08799158855172,-2.9905764183979784],[116.0907383694501,-2.98975144986456],[116.0936323717675,-2.9870715437162247],[116.09599117469658,-2.9848910234911807],[116.103371049696,-2.9812880883860036],[116.11227135520193,-2.9769404362474385],[116.1138810751241,-2.9761512069685776],[116.11223123154153,-2.970840438409083],[116.10155170924298,-2.9640491881675954],[116.09853732985069,-2.963420473539481],[116.0967715162206,-2.9630503589941255],[116.09355211851917,-2.9599022392780787],[116.09585294200323,-2.959206628838567],[116.09723084716398,-2.9587918815759267],[116.10786132096679,-2.96078066767121],[116.11301161304965,-2.966519509579155],[116.1163380579243,-2.9674737491516514],[116.11851857627411,-2.9680980816260356],[116.1246989231413,-2.968980959022497],[116.12607225282412,-2.9670234251260608],[116.12696853753638,-2.965739202692683],[116.12371787861329,-2.958631359532533],[116.10511896393744,-2.9481480340300186],[116.10419149338374,-2.9458604884166015],[116.10664848041168,-2.9353013447753056],[116.10751796442243,-2.9315601820146306],[116.10638978963061,-2.9275113352124027],[116.10424947166419,-2.919841646272784],[116.10507883913951,-2.91908807886955],[116.10629168723646,-2.917991119119406],[116.11018004741459,-2.917741413556125],[116.1249218913711,-2.8973811394587656],[116.12861846482039,-2.890179758509816],[116.13215900989881,-2.883281473834806],[116.1344018702319,-2.8789115886618823],[116.13368845222621,-2.8754602512178145],[116.12955927916069,-2.8734090269423525],[116.11009979942182,-2.8705418545217576],[116.1006911314879,-2.865997987875625],[116.1009853549122,-2.865088373672648],[116.10135991895976,-2.8639200672514256],[116.11187895454535,-2.8631620649754495],[116.12539893272232,-2.8672197898626397],[116.13590903009745,-2.8653202522557413],[116.13592688119193,-2.8652890453976423],[116.13952989123149,-2.8586181780774003],[116.1390883981653,-2.8533118771462247],[116.13903042791324,-2.8526296223634655],[116.13462041212925,-2.842297930828339],[116.11784081794113,-2.830441147982663],[116.1307364867352,-2.827270762120724],[116.13131169988642,-2.827128041126837],[116.13515098850944,-2.81973929246819],[116.1394495624509,-2.815008190226748],[116.14083191710023,-2.8134920916779884],[116.14188871500781,-2.8012786232696314],[116.14484956456175,-2.7987280558295535],[116.14484956456175,-2.7987324541555667],[116.14542483548217,-2.7989197679228495],[116.1462185467079,-2.7991784083631757],[116.14183967074018,-2.8282205301408765],[116.14229450186109,-2.8299149871333067],[116.14300798552703,-2.8325815402248593],[116.14761871424581,-2.836929125536464],[116.14699882261117,-2.8477513787423376],[116.14700333026384,-2.847746934446152],[116.15247015163561,-2.8451918475361087],[116.15321038107108,-2.8434884781855234],[116.15518134055591,-2.8389491115386827],[116.15745987402025,-2.837789758522978],[116.15819567136366,-2.8413480809731957],[116.15840968503305,-2.84237817129568],[116.15342890655019,-2.8523085918261777],[116.15667954062796,-2.8585111858869268],[116.15744211461133,-2.863612385955242],[116.15836064400622,-2.8697793644895624],[116.16088894879432,-2.8744078829921724],[116.16137051916792,-2.875290779451955],[116.16099153724461,-2.8872589992699016],[116.16162473602495,-2.889738243279259],[116.16264142056662,-2.893689061158053],[116.16668134392201,-2.900801329390694],[116.1698116422522,-2.9063083154793556],[116.17257177099583,-2.9085913672719816],[116.17456944003267,-2.9090952337311413],[116.17967067528846,-2.910388362503404],[116.1819671028939,-2.9105221236037933],[116.18332713761635,-2.9105979423581325],[116.18333164461188,-2.910597967740057],[116.19245940457272,-2.9059292368896266],[116.1934716364381,-2.9060585692646215],[116.19588844722102,-2.90637074096394],[116.19792621869534,-2.907944792403338],[116.20003094283504,-2.909567864219867],[116.20167191399301,-2.9155386425617977],[116.19934871889575,-2.9205417248902736],[116.19535781988047,-2.929170111822313],[116.19628972944847,-2.93192139411973],[116.20035199934746,-2.934173218716447],[116.20571183292168,-2.9371518678999147],[116.20688011807606,-2.9383825810348774],[116.20984992777002,-2.9415084114235936],[116.2101263571004,-2.9481168029202673],[116.21039836974859,-2.9546181942420864],[116.20861027316039,-2.9617705795525415],[116.21203927202653,-2.995820275418351],[116.21545497437923,-3.0008367735122934],[116.21828200955176,-3.0049881897321407],[116.22063197418133,-3.0130279926782713],[116.24357850371068,-3.013380216132109],[116.24358300960516,-3.0133802375410297],[116.25242981300296,-3.0135095275141306],[116.26047853909847,-3.0148116167710524],[116.26616830336248,-3.015730202857876],[116.26899538433565,-3.014102571654692],[116.2698203264017,-3.0136299351381486],[116.2754076021296,-3.005197802337467],[116.29066218355334,-2.9821887840621897],[116.30440959588847,-2.967866155408748],[116.31200784975451,-2.959951299054749],[116.31767091015881,-2.950248266271057],[116.32586233281764,-2.9415128892548834],[116.33098140257061,-2.9360594093327186],[116.33288093674679,-2.9340305413557113],[116.34550021507214,-2.9058712690098165],[116.34839861154475,-2.9020899976298433],[116.35206848822601,-2.897300889467568],[116.36180269840573,-2.888908887813354],[116.36389843775672,-2.8870984779316484],[116.36490617315563,-2.8845166739422576],[116.36883916482998,-2.8743989832185095],[116.37006088755709,-2.850921772978628],[116.37323577014723,-2.833486747484763],[116.37530033535364,-2.822169539286777],[116.37593360800835,-2.8186869598532134],[116.3764418641638,-2.815891094512003],[116.3762234483518,-2.807071004350435],[116.3761297771793,-2.803231693368243],[116.37426589332645,-2.800248583404467],[116.36780910828013,-2.789930244963061],[116.36428196858765,-2.776829360102252],[116.36344365838514,-2.7673359675938576],[116.36055859498721,-2.7344991396361027],[116.36107138760227,-2.7094122386976567],[116.36380926539918,-2.69916970522662],[116.36754150541803,-2.68519036069442],[116.36642677549122,-2.678350130676168],[116.3656285550487,-2.6734718866762925],[116.36912901379891,-2.6501998483748923],[116.3738065401811,-2.635738957673717],[116.37652220510489,-2.6273603073846235],[116.37802489995516,-2.6146384878999394],[116.37888990892161,-2.6073211133756518],[116.38709022506133,-2.592757669715167],[116.39176784877618,-2.584450355620629],[116.39311445991588,-2.582845091668233],[116.3958479165382,-2.5795810700429436],[116.39855009086357,-2.5735790937822367],[116.39896931958982,-2.5678313282321144],[116.39780988692688,-2.5655304133203987],[116.3948401320043,-2.5655482383697255],[116.38550724958215,-2.5713584718386233],[116.3802678462225,-2.574618055247478],[116.37547425807803,-2.574890068838682],[116.37546984471165,-2.574890098821802],[116.37423914278519,-2.5736682538564053],[116.37340077749961,-2.5728299622977873],[116.37011889311044,-2.5611114547589757],[116.36878566252686,-2.5598985624962296],[116.36735874987461,-2.558600981855364],[116.35867243105842,-2.5600278682074604],[116.35866792730633,-2.5600278995666454],[116.35362024876895,-2.5566211312956963],[116.3524296087628,-2.550409590860337],[116.3487598276938,-2.5490495658750723],[116.34625823705179,-2.55021786162641],[116.34613338653766,-2.550445296132807],[116.34105895983761,-2.5596889724311795],[116.33475820515883,-2.574626969070143],[116.33161010806477,-2.582078123484779],[116.33151641942935,-2.583442638967794],[116.3313113853268,-2.5864078971430846],[116.33130688106074,-2.5864079293582773],[116.3208502703367,-2.579389313168345],[116.3219160236362,-2.5674210486806546],[116.3221211558309,-2.56511122961809],[116.32072540662392,-2.5624892830010144],[116.31772000943472,-2.5568485647067467],[116.32039991382757,-2.54809085363559],[116.31145053667147,-2.5389586496674754],[116.30497142996882,-2.5375986218494884],[116.30285778824172,-2.541959584217337],[116.30069070067708,-2.5406218835991674],[116.30055690695767,-2.5383968068942218],[116.30016894980166,-2.531882044968328],[116.29970972521164,-2.531311289700767],[116.29831844147189,-2.5295900648154346],[116.2980598611107,-2.523378540923615],[116.30651871932288,-2.524011754503242],[116.32097071961451,-2.5301296328072103],[116.3296614670182,-2.5302990736041377],[116.3353602359703,-2.527512119570755],[116.34230298441092,-2.5199583980988725],[116.34558047633638,-2.516391127447376],[116.34694049982373,-2.5169083940523396],[116.34855021429907,-2.5175192572234186],[116.35431140816172,-2.5239314481043684],[116.35552428763512,-2.524372881981204],[116.35866792730633,-2.5255100012989957],[116.35867243105842,-2.5255099712226254],[116.36688154918077,-2.523619321164009],[116.37795797961783,-2.524854509025958],[116.38633665583465,-2.5257909354800367],[116.38634106899951,-2.5257909072372504],[116.39212458619217,-2.5238021410828746],[116.39318137598715,-2.523440954540498],[116.39954002783728,-2.517407813221835],[116.40366913356448,-2.5118651536340453],[116.4037405495564,-2.5117715083266456],[116.40385645415326,-2.5114370615291453],[116.40922970015643,-2.496409911087799],[116.41504877036589,-2.49585698904817],[116.41973980004359,-2.4954110480858778],[116.42849745401315,-2.4973730541540116],[116.45065024465036,-2.5023404607390765],[116.45571584384692,-2.5048509554197267],[116.46120054156927,-2.507571048706334],[116.4653518850187,-2.511909707493586],[116.47020784053491,-2.5206317361624455],[116.47114876872014,-2.5340803727951027],[116.47199155841604,-2.546160063411078],[116.47597795476885,-2.56041136945323],[116.47450199310829,-2.565418925175919],[116.47285217131247,-2.5710106239637356],[116.47471158491429,-2.5744619969373455],[116.47928663543432,-2.5748900931604495],[116.47929104685718,-2.574890062715835],[116.48425852610158,-2.572473206444516],[116.48795059898202,-2.570680685495805],[116.48795510026652,-2.570680653156582],[116.48960499522394,-2.570671760682362],[116.49183004374473,-2.570658405454887],[116.49597255997323,-2.572054072638463],[116.5005387307348,-2.573587975570322],[116.50364667862075,-2.5738823083131437],[116.50741018799778,-2.5742390370705004],[116.50948365680694,-2.5725624332656785],[116.51285919265786,-2.5698289869971433],[116.51622135713438,-2.55991194191754],[116.52281187151496,-2.5531920826519867],[116.52471148037536,-2.5435515334731273],[116.52567910113697,-2.5386598710790063],[116.52261123431873,-2.524881274031269],[116.52699010828898,-2.5015779929161774],[116.52768120813684,-2.497908165094695],[116.53083829659067,-2.4920444039250995],[116.5421198429296,-2.47110892754696],[116.54262368828965,-2.4621238383241897],[116.54332824190297,-2.449468898266421],[116.55320067595424,-2.4234901832426643],[116.55532323304136,-2.4178984719362937],[116.55531873306828,-2.4178984988553136],[116.54813513367327,-2.415035740552603],[116.54469270086734,-2.4135419263984406],[116.54074195794651,-2.4111920375474045],[116.53678673692357,-2.4089624795538516],[116.53025863768461,-2.4054977379751508],[116.52761883101485,-2.4041109243277075],[116.5238330572371,-2.4023852803799555],[116.50930974323026,-2.396182647494153],[116.50347276066674,-2.393966488127151],[116.49425582291731,-2.3896322750435144],[116.48223857889437,-2.384357167228748],[116.47264257783722,-2.3812357597253797],[116.46812997029546,-2.3800362748568125],[116.46356829653965,-2.3789526906693155],[116.45836006834499,-2.3773518656168346],[116.44848756242256,-2.374119026547034],[116.44385455262636,-2.372763483911783],[116.43484272944828,-2.3707078207729877],[116.43204687084705,-2.370172706809288],[116.42914400169272,-2.3697580595298486],[116.42492574138744,-2.3691827957623683],[116.41556603813302,-2.3667392105439653],[116.41157519432741,-2.3659366156755417],[116.40684401740091,-2.3653702579468603],[116.402175336626,-2.3645230508382253],[116.39440765693561,-2.36279294462479],[116.38967208443982,-2.3614195050246405],[116.38578816185122,-2.36050984760929],[116.37731147234872,-2.3598186732388178],[116.37343644501274,-2.359243470862924],[116.36574006467735,-2.3578031956805074],[116.36225748090135,-2.357392971303726],[116.35810162483888,-2.3570495787052472],[116.35401262361509,-2.357045114672455],[116.35043195410746,-2.35737510768846],[116.3455492185857,-2.3580172495771246],[116.34129974800821,-2.3591052625934203],[116.33705020217542,-2.3602468022320915],[116.33227448556183,-2.3614061485939994],[116.32753002426641,-2.362552120690061],[116.32316014726389,-2.3631853187077896],[116.31537007985558,-2.3631184436347605],[116.3117849607127,-2.362592274857684],[116.30898910021774,-2.3619055967850717],[116.30419111451533,-2.3604652723894683],[116.29823374967667,-2.3578032055207796],[116.29526393206329,-2.3571476955293797],[116.29231200792515,-2.356911350923303],[116.28663564955893,-2.3582491322861254],[116.28385760940891,-2.359024997587061],[116.27652680795737,-2.3589491472529094],[116.27300409900366,-2.359007149224084],[116.26863864446028,-2.359680461684243],[116.26512041702581,-2.3605856915174988],[116.26092441119786,-2.361330325004663],[116.25228716150002,-2.3619055628698917],[116.24830514143828,-2.3620214890564863],[116.24386390690255,-2.3619055459189537],[116.24016733759073,-2.3612768616703037],[116.23335829112601,-2.3589046052926332],[116.23049997638374,-2.357397426873681],[116.22544782645974,-2.354093190617061],[116.22154161735138,-2.3512928984107995],[116.21945924783805,-2.348456917272236],[116.21703347469656,-2.3456253646440928],[116.21104496189753,-2.341014696356851],[116.20835159790023,-2.338994693979776],[116.2054308920553,-2.337487501261932],[116.20262164608664,-2.3363816707354834],[116.19806448513631,-2.335467562897407],[116.19476923412091,-2.3355210724832256],[116.19187081192449,-2.335668200789213],[116.18931569069242,-2.3361542249482654],[116.18433489978972,-2.337429579670081],[116.18144095278576,-2.338093973293998],[116.17893935833438,-2.3384150408790574],[116.17626836104293,-2.3386201125139565],[116.16937912706068,-2.3375098119358406],[116.16555767216099,-2.3372199577230135],[116.16146860002857,-2.3372779583589285],[116.15754912179204,-2.337447411972568],[116.15402191738632,-2.3374875533444346],[116.15032085045456,-2.337135244779513],[116.14672683069797,-2.3367874241147297],[116.13676525010122,-2.335833218922314],[116.13164618843263,-2.335552249588117],[116.11171845961552,-2.3335902548007224],[116.10738424639813,-2.332622632303182],[116.09882271909001,-2.3306204801312123],[116.09625871290415,-2.3300229868148694],[116.0927806941438,-2.3293853169179615],[116.08941850080484,-2.329037519066436],[116.08651561322897,-2.3291847083205672],[116.08255150208831,-2.3296395150695117],[116.07857398274838,-2.330031913765836],[116.0710068931917,-2.3306650766752046],[116.06794787175164,-2.330803343207121],[116.06101400789059,-2.3307854956649035],[116.05720597050941,-2.331057508562105],[116.04982610740848,-2.332078666537789],[116.0468742467937,-2.3324665983268327],[116.04421213173336,-2.3327876349623105],[116.04074296202702,-2.3329437153041117],[116.0384063755659,-2.332796556412873],[116.03507097354884,-2.3323550957217005],[116.03296622335151,-2.3318780117420936],[116.03019717340881,-2.3312447867528654],[116.02661209282579,-2.3309638408343716],[116.02274157833989,-2.3307854691518592],[116.01653891052656,-2.330286097155975],[116.0135111692779,-2.3295235658069657],[116.01082678943644,-2.3287610708111757],[116.00649257551025,-2.327450094755848],[116.00328647320435,-2.3262996683212958],[116.00041932187285,-2.3246764965834346],[115.99604939192783,-2.3206098498153676],[115.99414088458367,-2.318460508588086],[115.99122013839245,-2.3128956138465813],[115.98902184426407,-2.3102914393511766],[115.98614569432556,-2.3077542182058424],[115.98315368151876,-2.305279415909956],[115.98061197260043,-2.3024568245746213],[115.9763892076546,-2.2969587359901795],[115.97409272507976,-2.295166200881038],[115.97190781815242,-2.2939979283027054],[115.96933938558062,-2.292999072767236],[115.96700278458499,-2.292517470352993],[115.9643318164743,-2.2924327881882505],[115.9611122918801,-2.294189648499956],[115.9599975472607,-2.295977730847695],[115.95906116170794,-2.2982206816938118],[115.95853491137186,-2.300976418283883],[115.95839669492382,-2.303263956021399],[115.95854384311109,-2.3056049479082485],[115.95931079868976,-2.3082313976023965],[115.96015362622924,-2.310790914174376],[115.96086256640342,-2.3131230304273567],[115.96129516511762,-2.3153480843728227],[115.96109893951242,-2.3176356230289774],[115.95998419483593,-2.319544077307335],[115.95744244007366,-2.3206678103152636],[115.95375927414909,-2.3215150217299945],[115.95170808621008,-2.32172011244814],[115.94637501247429,-2.3221258969092364],[115.94393137999671,-2.3223845298209156],[115.93683701149715,-2.3236242064482386],[115.93417484820603,-2.32456953108848],[115.93058086236941,-2.32743224815405],[115.92902458411082,-2.329969481839579],[115.9278117129027,-2.3325557661349627],[115.92658999349902,-2.3348566755045117],[115.92469929483411,-2.3376881655167345],[115.92061025382537,-2.3424282011911117],[115.91807750152907,-2.344403605746724],[115.91455927336807,-2.345139321080741],[115.91267309031608,-2.3443055194407187],[115.90911030341027,-2.3417861146093193],[115.90658646439066,-2.340047047658454],[115.90388420005995,-2.3381876276724474],[115.90189542919886,-2.3374162086688752],[115.89954992550433,-2.336988132431384],[115.89598714213204,-2.338294634523173],[115.89487239195188,-2.3400827481044377],[115.89398946821667,-2.3422097488282043],[115.89290593340051,-2.346057952200246],[115.8916306288126,-2.3527688384572993],[115.89073876023224,-2.3576382111439322],[115.8899985873479,-2.3618788118176997],[115.88972659450079,-2.3667972236330828],[115.89030622590208,-2.371372223000278],[115.89077891829722,-2.3770263833084218],[115.88842005031954,-2.379068665705007],[115.88499988461278,-2.3787654362463373],[115.88213270152843,-2.3773117384879776],[115.87979171577284,-2.3764333155733883],[115.87739719270155,-2.375715422799887],[115.87359802141917,-2.3765046720890757],[115.87037856102128,-2.3784979080613535],[115.8685815016417,-2.380232489093981],[115.86651692609593,-2.38288560581493],[115.86399755549502,-2.3860649991367207],[115.86098321440518,-2.389489536773835],[115.85710826634025,-2.393489409770095],[115.85446849685728,-2.395808111893197],[115.85231021683254,-2.39682029316717],[115.85010742288239,-2.3968961388376986],[115.84712875740225,-2.3951035680588992],[115.84551458522104,-2.393409147094368],[115.84326272476876,-2.3910904052554764],[115.84124723540246,-2.389632272273266],[115.83787610829408,-2.388245474300964],[115.83567779902867,-2.3865866821599715],[115.83476814232534,-2.3828856546577146],[115.83490633307879,-2.380473230410011],[115.83476371949796,-2.3781857473946464],[115.83392536673993,-2.3749350452113407],[115.83280169193377,-2.37214815124318],[115.83174932004725,-2.3699319234874316],[115.828195469724,-2.3647192892117253],[115.82531034634793,-2.361776222990714],[115.82411983918861,-2.3581956185642095],[115.82504280088042,-2.3546863036889825],[115.82621109885329,-2.3526172484006405],[115.82714750276092,-2.3505482295236315],[115.82813300703579,-2.3476632233039885],[115.82867251448715,-2.345710132164786],[115.82851202535002,-2.342339023764429],[115.82802595389768,-2.3403502444961983],[115.82726349241466,-2.338468537143885],[115.82597929911796,-2.33614088804589],[115.82464599543961,-2.3343304534526808],[115.823250311602,-2.332680594576018],[115.81958044640422,-2.329728680318505],[115.81772545568026,-2.3280743412531475],[115.8162540011639,-2.3244268156516066],[115.81665975548073,-2.320819420646515],[115.81903640738186,-2.3163290795716103],[115.82065507144354,-2.3137784891140956],[115.82363827307913,-2.311343848568407],[115.82731701914075,-2.310090833027098],[115.83111612578227,-2.3091276321257967],[115.83310046045482,-2.308298249577295],[115.83563320985547,-2.3059170867529386],[115.8366766306723,-2.3033843520814306],[115.83635557160203,-2.3012172189064053],[115.83461650248795,-2.298898461121672],[115.83187866660383,-2.2984169007697726],[115.82881079863873,-2.2989697868353165],[115.82614872596906,-2.299473702039572],[115.82340186758292,-2.29864429388565],[115.82116787504425,-2.2973600675832673],[115.81786365518589,-2.2936277907649805],[115.81505442715711,-2.288116366894461],[115.81294087472845,-2.2831667546770165],[115.80924423951764,-2.2748059517891512],[115.80796005067423,-2.2731159194364885],[115.80582414567893,-2.2701239040624093],[115.80452649007452,-2.2678364023437925],[115.80380413328005,-2.2648086249542416],[115.80450419291165,-2.261763099325709],[115.80567248955394,-2.2596895949575613],[115.80700579673909,-2.25749568286002],[115.80839705109149,-2.255310761645262],[115.80938695688029,-2.25295189260321],[115.80986854843621,-2.250771372559621],[115.80971689458053,-2.2477347516750155],[115.80916398917753,-2.2450592785328705],[115.80828105332189,-2.2429500937443625],[115.80583308255504,-2.2388655888776614],[115.80274289178186,-2.2377062097965617],[115.80023240174994,-2.237576914341242],[115.79776206044812,-2.2356639856016134],[115.79630837164528,-2.233733151320185],[115.79548795437705,-2.2318514357814982],[115.79499739999588,-2.229175991794984],[115.79405212790773,-2.2258450142373976],[115.7925271012514,-2.2234772273879133],[115.79057397491337,-2.222014634016614],[115.78849607138724,-2.220565457425961],[115.78664556199838,-2.2178409263379293],[115.78547727362518,-2.21563368901682],[115.78458983693923,-2.2135691110154485],[115.78370700157649,-2.2111834808148654],[115.78275275254121,-2.2079327887047575],[115.78220430609755,-2.2053108476759617],[115.78182973685367,-2.20291629998943],[115.78150861260573,-2.200289883098856],[115.78129455965636,-2.197605522936587],[115.78113404240369,-2.194631283834348],[115.78137933222793,-2.1914832040694745],[115.78236482271853,-2.1890083657163224],[115.7843758766943,-2.1863997745986414],[115.78601235230977,-2.184607233966718],[115.78762651951666,-2.1825872532704125],[115.78919165671249,-2.1803354079045953],[115.79007014096648,-2.1779230592582],[115.79048929548722,-2.1755730797262047],[115.7904268240813,-2.171448437415874],[115.79011473766606,-2.169388315822689],[115.78979362321019,-2.166989310770368],[115.78965098579843,-2.164541293763703],[115.78961081258983,-2.1619639480780317],[115.7896866451584,-2.1591056412959437],[115.78987839313017,-2.156755709006226],[115.7902886105584,-2.1534916737545045],[115.79070334119243,-2.1503969999941424],[115.79117593834522,-2.147525368891161],[115.79216590709596,-2.1411042633076542],[115.79241118695849,-2.138183524361361],[115.79248692846858,-2.135262869154875],[115.7921613932944,-2.132524961490292],[115.792000882463,-2.129269788982697],[115.79196973721191,-2.1266924495480435],[115.7919830980737,-2.1236513376634387],[115.79212131073352,-2.1213638360574034],[115.7922595233229,-2.1188399784088845],[115.79187603060888,-2.1127934586890658],[115.79155943204879,-2.110104556339465],[115.7912963669819,-2.1078795178191103],[115.79187603060888,-2.104325561999212],[115.79393170049451,-2.1008564200870237],[115.79788248615948,-2.0986313113477584],[115.80055350384106,-2.097908948972703],[115.80310849518376,-2.0972534525496727],[115.80537378090195,-2.09670501483977],[115.80780839574747,-2.0958711390296583],[115.81213377750021,-2.092094266225226],[115.81378804890115,-2.088406634888052],[115.81392634069265,-2.0858961330816492],[115.81447029975419,-2.079871848107698],[115.81711452455464,-2.0737718182532414],[115.81799300841467,-2.071359464497161],[115.81851917663113,-2.068322787334657],[115.8183764640975,-2.0661958281818786],[115.8169719015453,-2.063301894024172],[115.81375681588882,-2.0622138695523256],[115.81086738554299,-2.0628202562407663],[115.80814284891035,-2.063368763413727],[115.80591775718501,-2.062824715782212],[115.80334482818166,-2.0615984649690797],[115.80058464810568,-2.059578508169051],[115.79891251198325,-2.057995543980783],[115.79747218994439,-2.0564749862690097],[115.79417246499209,-2.053313453091745],[115.79210794987854,-2.051917802550791],[115.7888483329908,-2.0509902897342993],[115.7859588174053,-2.051538767615213],[115.78410386707644,-2.0531083601643925],[115.78219536844266,-2.055074821361562],[115.78004607960786,-2.0557971633358205],[115.77876184276117,-2.053688039592976],[115.77849425127671,-2.0511731151182766],[115.77632272401209,-2.0501296668438833],[115.7737051859259,-2.050334820997156],[115.77059720485164,-2.0519757531470826],[115.76690062490178,-2.051565489819982],[115.76451051518248,-2.0517126516760977],[115.76186180533749,-2.0535810491773434],[115.76046615957233,-2.055712458597346],[115.75845510979366,-2.0578617248978346],[115.7548743861493,-2.058762501154637],[115.75152565974751,-2.0579866416144688],[115.74887691448087,-2.0572419754782394],[115.7430667584117,-2.056466085123315],[115.74053838249105,-2.0568004785120984],[115.73545058973076,-2.057478299503388],[115.73298471859006,-2.0560825824471864],[115.73043855184301,-2.0528586396723933],[115.7293149008683,-2.0497818492610183],[115.72710316239011,-2.0460362393123677],[115.72509213907468,-2.044341738612916],[115.72233640560535,-2.043244855553171],[115.71698098627743,-2.043026300991761],[115.71345381338352,-2.0428390466371096],[115.71036366230804,-2.0417956492186926],[115.70846413238178,-2.039824715443142],[115.70658237935254,-2.0356687904065365],[115.70648873385623,-2.033211856383687],[115.70747422243443,-2.0305720266086618],[115.70936481912652,-2.0277449908075202],[115.71202243296838,-2.025818637608596],[115.71382838574938,-2.0245299650815634],[115.71562990197002,-2.023366181600193],[115.71748928917619,-2.0220864244839354],[115.72103880481531,-2.0194064374207925],[115.72277778714133,-2.0180687262597945],[115.72480670639631,-2.0164277740072842],[115.72603746904599,-2.014809111276295],[115.7274241698724,-2.012847109619071],[115.72870846695236,-2.0107691896327107],[115.72974290732505,-2.0076166313148684],[115.72992575798192,-2.0045264726417216],[115.72938623532399,-2.0021274646557554],[115.72763826495019,-2.0000896389745613],[115.72573867324823,-1.9983238587352963],[115.72022276701085,-1.9941278408736753],[115.71730200553797,-1.9919205447910386],[115.71203588803296,-1.9893164554299156],[115.70872718667388,-1.9888883835575297],[115.70661804951878,-1.9889106858324368],[115.70399605429681,-1.9891069053210746],[115.70115115916033,-1.9882864172594774],[115.70008103106485,-1.9865964060452306],[115.70079002525455,-1.9831406138406125],[115.70162833562281,-1.9812454525705632],[115.70276094913866,-1.9788286676355984],[115.70381770173144,-1.9766436763348505],[115.7051108681102,-1.9745746510470283],[115.7066358394481,-1.972617128200927],[115.70804051782116,-1.9706016422235493],[115.7090527306886,-1.9686396305452165],[115.71202243296838,-1.961799314482408],[115.71599553157282,-1.95323337803471],[115.71785049159129,-1.9497240669986922],[115.7216630445653,-1.9421882226930678],[115.72323713742931,-1.9390088721424164],[115.72469527831069,-1.9353925238657568],[115.72529720615343,-1.9326368259224183],[115.72544881663448,-1.9304563566001203],[115.72445002800575,-1.9272546909985495],[115.7229517028308,-1.9250385426652967],[115.72213567068381,-1.922866932828986],[115.72232746599657,-1.9189696660771027],[115.72374100417414,-1.915977630824467],[115.72519462748406,-1.913440405290403],[115.72631838556134,-1.91137139019093],[115.72749108024566,-1.908722657860357],[115.72815548763167,-1.9063192081431484],[115.72848543329721,-1.9039603475038505],[115.72906513983119,-1.898631706361117],[115.72949766151268,-1.8962728488984888],[115.730505461484,-1.8939050570419436],[115.73145077287882,-1.8917290555792874],[115.73205720075475,-1.887653426756946],[115.73078194892376,-1.8848531183919446],[115.72870846695236,-1.8824630514700673],[115.7282847931503,-1.8803494208494473],[115.7298499991319,-1.8760374833179232],[115.73113419460337,-1.8729383587145692],[115.73196356389924,-1.8693220676356261],[115.73222217129924,-1.8661649848279374],[115.73139280278257,-1.862040314359894],[115.72914098919397,-1.8593069334434416],[115.7256940660509,-1.8558377282101584],[115.7236785175239,-1.853050776015411],[115.72269308672949,-1.8509951686320862],[115.72203760579727,-1.8475036865516463],[115.7223587094765,-1.8454346384856464],[115.72325050164874,-1.8432585698046198],[115.72431178114347,-1.8407169047615903],[115.72583673681868,-1.8383491559616998],[115.72735734978033,-1.8358742995380581],[115.7281331842295,-1.8335243561811414],[115.72840073463917,-1.8313439118650878],[115.72826248975863,-1.8286505861840057],[115.72760702206855,-1.824989656612453],[115.72678206423623,-1.8210968896554884],[115.72624253542148,-1.8176054142516431],[115.72603746904599,-1.8137081396403234],[115.72628714253007,-1.8102746591018473],[115.72711210184407,-1.8067117967827584],[115.72811982024677,-1.8034923399394607],[115.72866828478895,-1.8007990208168199],[115.72881095401672,-1.7975795401995103],[115.72849437270628,-1.7938027066479245],[115.72778535927876,-1.7903647601893227],[115.72672409315733,-1.7869357267245682],[115.72527490251994,-1.7840283885111499],[115.72359381738868,-1.7807731873878316],[115.72215354991354,-1.7783207282272455],[115.72053493313516,-1.7758681990103609],[115.71834551873378,-1.7728449667538109],[115.71604014033787,-1.7698841081975287],[115.71414055910049,-1.7674404745730312],[115.71257986942452,-1.7649211468487385],[115.71124212840546,-1.761728403152183],[115.70990889607383,-1.7588166342027884],[115.70777294768472,-1.7557353871115906],[115.70244433798078,-1.7517043512370523],[115.70082118086134,-1.748801491409559],[115.70022371504948,-1.745943159079795],[115.70025487071992,-1.7429020532631794],[115.70056705937499,-1.7395755999980418],[115.70160603007977,-1.7342960224918966],[115.7011333688789,-1.7306796473688062],[115.69883687779242,-1.7300688057312066],[115.69491735665407,-1.7310765112038224],[115.6927011889328,-1.7318434825130125],[115.69036904616037,-1.7323206477815776],[115.6868195891881,-1.7314288171985643],[115.68493787004876,-1.7300063612199374],[115.68388998647872,-1.7282940806166696],[115.6824407523976,-1.7254447007482072],[115.68099160108909,-1.7223054578037216],[115.6788021454908,-1.7190547835143215],[115.67684911455143,-1.7168252740411403],[115.67478001575785,-1.7152957809163418],[115.67048597719615,-1.712169919858771],[115.66910359793229,-1.710578061504414],[115.66741359251154,-1.7064667738196497],[115.6670524148463,-1.704406653445296],[115.66587973575969,-1.692902142731395],[115.6663657334424,-1.6899725473289506],[115.66725309926805,-1.6868734971149084],[115.67021837092491,-1.6809473244756534],[115.67150708739666,-1.6782450833655764],[115.67229635443387,-1.6761716029305396],[115.67344678910622,-1.670838526175695],[115.67476664920332,-1.6653271024987781],[115.67659939654575,-1.658366409435782],[115.67639871883995,-1.6552718125193127],[115.6755202328725,-1.652756913720217],[115.66851057987874,-1.6389470797692895],[115.66604465534303,-1.6371366601721908],[115.66320867525536,-1.6380730603924565],[115.66036824078859,-1.640213467101718],[115.65713542660772,-1.641898997162966],[115.65349676126885,-1.642844301380004],[115.65062506717574,-1.641145416317579],[115.64911794440495,-1.6372570814791318],[115.64851594206833,-1.6325081239443426],[115.64803885542912,-1.6302741068786335],[115.6463488132983,-1.6259933565381615],[115.64364658543742,-1.6228630428494601],[115.64157317676467,-1.6211061773007893],[115.63624005199388,-1.6167852948517591],[115.63434489547022,-1.6148545386381015],[115.63307849999428,-1.6132626137048776],[115.63018907367578,-1.6083576224612919],[115.62914116606561,-1.6061191618443325],[115.6287220380638,-1.6036621864637586],[115.6288691845819,-1.6012007766328893],[115.62907423208812,-1.598271106104849],[115.6288691845819,-1.592835501310707],[115.62849458859885,-1.589745362079678],[115.62795947642638,-1.587163543809328],[115.62809777104351,-1.583096838682287],[115.63119678117643,-1.5791237800854336],[115.63215552715448,-1.577054696743946],[115.63259253502751,-1.574758321150914],[115.63346203234879,-1.5696392715418201],[115.63434489547022,-1.5667675803564338],[115.63558012238063,-1.5637175389240077],[115.63808614855063,-1.5568861866115562],[115.63856325207325,-1.5537871371754401],[115.6383804317353,-1.5510893504283965],[115.63784976432107,-1.5485789358150364],[115.63583430295397,-1.546068408207667],[115.62984573328671,-1.5459435525552212],[115.62682240485732,-1.5455690457356694],[115.62441898470524,-1.5441510189897385],[115.62055289231839,-1.539651814251955],[115.61865781116275,-1.5374891258225643],[115.61641484395042,-1.5355583041013816],[115.61316869783481,-1.5350143526452646],[115.60965936744525,-1.5377299007821228],[115.60910199708417,-1.5396829748732281],[115.60871843169053,-1.54197943812283],[115.60692589346719,-1.5452568583877568],[115.60477660325957,-1.5465411091328505],[115.60272097696452,-1.5473036163511589],[115.59889957739472,-1.5462423192012158],[115.59734330513177,-1.5441331534541949],[115.59567111827106,-1.5416896284429447],[115.59353520371391,-1.538429989666199],[115.59197456574516,-1.5358704683092017],[115.58844735692945,-1.5294805799157636],[115.58716765674887,-1.5268452488698572],[115.58573183805517,-1.5251998678402832],[115.58406852706632,-1.5240092775995775],[115.58173196123485,-1.523563326311213],[115.57807994906281,-1.523991426583086],[115.57575236887801,-1.5250482338220812],[115.5735495388683,-1.5268363545278676],[115.57129772349263,-1.5302341990005195],[115.56773936013622,-1.5347289668580792],[115.5651932307509,-1.5372126541935507],[115.56202718431959,-1.5399282843351647],[115.55896825987287,-1.5414978390275516],[115.55538760719882,-1.5431923465508781],[115.55282808632364,-1.5438433461579664],[115.54833332896725,-1.5437630855121902],[115.54638021187435,-1.5433171805362587],[115.54318305639686,-1.5420819685859204],[115.54129243149782,-1.5406060450546302],[115.53962027892555,-1.5386663545704071],[115.53822903987935,-1.5363877566571904],[115.53747545302845,-1.5343856091160069],[115.5369403509554,-1.5315852688978018],[115.53668165468046,-1.5279733908330249],[115.53717221057043,-1.520000534891857],[115.5374620800066,-1.5180028439820186],[115.53888006866285,-1.5114033782153122],[115.54085537407416,-1.5013614742937031],[115.54111406660893,-1.498721678608714],[115.54138161390087,-1.4963672678160462],[115.54181858017043,-1.4944186370326116],[115.54345060176966,-1.4909093522867478],[115.54554189265828,-1.4888893582478309],[115.54854737953103,-1.4872573478868767],[115.5509330070199,-1.4862094565938506],[115.5558246425688,-1.4850143964664633],[115.55872304576869,-1.4846576774659899],[115.56146095687741,-1.4845685461631857],[115.56460008533655,-1.4846130825908235],[115.56772598852118,-1.4844704091507748],[115.56983065498275,-1.4839398025315036],[115.57226534493265,-1.4813936321352261],[115.57309915914097,-1.4792710893376642],[115.57392854392711,-1.4764038838180267],[115.57459295349109,-1.4737016694697354],[115.57531536387957,-1.4715791363460151],[115.57615811346281,-1.469282687656974],[115.57698748938013,-1.4673831509828585],[115.57811120859864,-1.4651982104406995],[115.58080900207413,-1.460302112193343],[115.58266395181636,-1.4575998527732992],[115.58413095448022,-1.4556378788158466],[115.58593691673545,-1.4530917414701843],[115.58789888888602,-1.4490071600519163],[115.58860789497939,-1.4459705271188394],[115.59017749521325,-1.443433311829902],[115.59216184275296,-1.4414177729325022],[115.59471685617912,-1.4399641339860823],[115.59772679554659,-1.438902827171063],[115.60187378901047,-1.4373912162324658],[115.60414785691489,-1.4362809280715623],[115.6122500863838,-1.430542028239684],[115.61440383665214,-1.4289724512418782],[115.61638810528929,-1.427068414691684],[115.61863549901102,-1.4246470952481227],[115.62027647629544,-1.4225691736474644],[115.625127989905,-1.4169685269667376],[115.62811999211871,-1.4138516572481856],[115.63100510385266,-1.4106856345528442],[115.6330963849343,-1.4081484608188957],[115.63511638225062,-1.40538382612282],[115.63703375395825,-1.4021554271898686],[115.6391161383513,-1.3985791773275753],[115.64102020498746,-1.3955871209735606],[115.64508247182496,-1.3897055743568594],[115.64745464448418,-1.3876856200279895],[115.65228392254728,-1.3852955217653813],[115.65569508582672,-1.3847024740756622],[115.65905725436956,-1.3845642577859931],[115.66293221081813,-1.3851038188498268],[115.66602234694943,-1.3862186067769544],[115.66864876421627,-1.3874002519300592],[115.67146247147969,-1.3892106197082645],[115.67359842792791,-1.3918905725512016],[115.67464625986918,-1.3942895679333511],[115.67483357228409,-1.3965770770660306],[115.67427172497696,-1.3986014853889095],[115.67326399151307,-1.400790931969326],[115.67033433668443,-1.404474171284805],[115.66750282563126,-1.407020259514063],[115.66535354590222,-1.4087548937934808],[115.65912418121033,-1.4134993782870786],[115.65664047118221,-1.4156932281685162],[115.65500837657117,-1.4181680385244513],[115.6542369443734,-1.4216684303071319],[115.65454909422216,-1.4255746249336232],[115.65589126235636,-1.4292310668050976],[115.65745642460446,-1.4322008239479596],[115.65959239768955,-1.4351661359225436],[115.6626914219025,-1.438291949114186],[115.66585742735292,-1.4407310638746509],[115.66842586291123,-1.4423676075733018],[115.67123505663423,-1.443665172474808],[115.6741959509167,-1.4436428704400588],[115.67651468203228,-1.4411591517556743],[115.67774087243302,-1.4382874985646583],[115.67891810768376,-1.4362095732708315],[115.68055015302556,-1.43396665543315],[115.68179420750951,-1.4323524265985792],[115.6855844979491,-1.4285934445048971],[115.68852302352101,-1.4264040256722808],[115.69135901714851,-1.4245980309221866],[115.69357519557586,-1.423197889899382],[115.69606778817379,-1.4219181484326162],[115.70186466590206,-1.4194656500966305],[115.70436169927316,-1.418132336146229],[115.70792456778368,-1.41483711618928],[115.70950307346962,-1.4128215790151781],[115.71135807705286,-1.4102308229816825],[115.71282061516358,-1.407693600777428],[115.71444821701623,-1.4046480182972565],[115.7158528557172,-1.4018744659490463],[115.71880478609903,-1.3937767719810175],[115.71957621990882,-1.390106927669448],[115.72027622446882,-1.3864905871911855],[115.72094064923938,-1.3829901692118736],[115.72204654541544,-1.3794273982385161],[115.72452578834046,-1.3759135807062852],[115.72736177435448,-1.374054129177164],[115.73105834578963,-1.3732203063659627],[115.73304711283376,-1.372970564173007],[115.73833558303977,-1.370870376141777],[115.74126524103436,-1.367347648796266],[115.74261638017563,-1.3651627236459338],[115.74396299806796,-1.362750325582338],[115.74519376528637,-1.3600481063462828],[115.74619256887007,-1.357172015208505],[115.74679453994777,-1.3542913950587783],[115.74695507738416,-1.3520574053947756],[115.74704870913017,-1.349649511959307],[115.74607212032122,-1.342327647151565],[115.74553705363948,-1.3396298661684414],[115.74499304704183,-1.3364282704607757],[115.7451402223772,-1.333101746158009],[115.7460230921486,-1.3298912075073714],[115.74714676509987,-1.3272960463731052],[115.74826158497147,-1.324830159301708],[115.74955029917537,-1.3223018573814918],[115.75083891702972,-1.3198270106047483],[115.75236399637456,-1.3175216733840298],[115.7552356297405,-1.3131294403619191],[115.7563548407989,-1.3111808251718282],[115.757585552353,-1.307448552813994],[115.75696572802714,-1.3039303388995458],[115.75317993877825,-1.306904554052021],[115.74883231103829,-1.3111228439069587],[115.745385454233,-1.314534062999557],[115.73989188308964,-1.3182975223574658],[115.73687751440202,-1.320103483894256],[115.73478619995309,-1.3214367725975142],[115.73257450543144,-1.3229439269041174],[115.73081310114893,-1.3242727336223592],[115.72719680089826,-1.3274030219582675],[115.72516789923293,-1.3294809763791453],[115.72346450966937,-1.3314429563170422],[115.72155152491032,-1.333752773290485],[115.71963419249013,-1.3360581263027278],[115.71517062932598,-1.341422458526341],[115.70738057723973,-1.3498546181648379],[115.70239972702416,-1.3544162935273472],[115.6999740180282,-1.3565566387551695],[115.69531868521752,-1.359802867171609],[115.69209476505978,-1.3616623002434898],[115.68641833866502,-1.3647480099549865],[115.68346190914647,-1.366036688943312],[115.6805724602583,-1.3669062411211013],[115.6768134405643,-1.3675706273905204],[115.67276897430729,-1.3677177618214236],[115.66688740554015,-1.3671871192009495],[115.66021659479189,-1.3658672398479101],[115.6579915709819,-1.3653098492283102],[115.65547217420747,-1.3646900195631415],[115.65102194329947,-1.3642173632394152],[115.64857392944633,-1.364239681537777],[115.64578248297371,-1.364658829555178],[115.64055647381588,-1.36659852970522],[115.63805932161522,-1.3681012471410503],[115.63601712494454,-1.3693765240406537],[115.62344241723468,-1.3780673638472953],[115.61975923434518,-1.3808008039337671],[115.6160180094395,-1.3832889502230499],[115.61187555872473,-1.3859599381406227],[115.60751452441228,-1.3882876023479522],[115.60450017184849,-1.389513859128093],[115.60057617185359,-1.3909719776711962],[115.5918274000796,-1.3939595943689114],[115.58813522444639,-1.3952036649029391],[115.58455014833844,-1.3963184274944485],[115.57824049294318,-1.398543504510112],[115.57518156089249,-1.3998233142807648],[115.5729074426207,-1.4008176512036425],[115.56109530725585,-1.4065208953787232],[115.55820578246366,-1.408143981249694],[115.55577115388444,-1.4095976546908235],[115.55293063746038,-1.4114571008644756],[115.54981821676911,-1.413494890298322],[115.54256321037143,-1.4185292032293642],[115.53910740883317,-1.4206250251969423],[115.53501842094873,-1.4230596846636931],[115.53161620302734,-1.42469169983797],[115.52786162675223,-1.425980408831171],[115.5205932374151,-1.4280404820756367],[115.51779737648828,-1.4284596211581553],[115.51495251064983,-1.428709349242063],[115.51119347137535,-1.4288565045522676],[115.50776892422435,-1.4281475048723082],[115.50348818361077,-1.4272021592314181],[115.50034893384122,-1.4258689145677266],[115.4985429778406,-1.4247808742669903],[115.49667908288211,-1.4240094419211695],[115.49244743232035,-1.422265968204082],[115.48850112005708,-1.4216371884484664],[115.48489365947282,-1.4215747948860333],[115.48042125759056,-1.421650567119015],[115.47714827327027,-1.4218914067994668],[115.47453971069149,-1.4222213741084804],[115.47075836994954,-1.4230953278927527],[115.46326260538324,-1.4260918939483762],[115.46012789549475,-1.4274831100281002],[115.45716253028122,-1.4289144520113901],[115.4546966874005,-1.43013179298475],[115.44932340681787,-1.4319154275768142],[115.44629122782436,-1.4323791804571866],[115.44388784210484,-1.432619979383447],[115.43753807361807,-1.4332085586730694],[115.43512566823854,-1.4333869395064611],[115.43209795375193,-1.432927682467302],[115.42963208272604,-1.4325842901595658],[115.42534685997646,-1.4324237567895588],[115.42110623015047,-1.4323078507114142],[115.41703955102582,-1.4309255065262232],[115.41370412400381,-1.4292667201868394],[115.41003427952356,-1.4287004136600623],[115.40792068823923,-1.4287628657774356],[115.40529424931093,-1.4298509024377704],[115.40387181878233,-1.431407119071759],[115.4026723072814,-1.4346845838170132],[115.40227545223978,-1.4361694483137872],[115.40086195697481,-1.4414757348818212],[115.39996120733916,-1.4456138252610047],[115.39917643921277,-1.45062581862019],[115.39845404572247,-1.455731477962934],[115.39766475358253,-1.4606320431494146],[115.39641621952659,-1.4652873766304337],[115.39551545651341,-1.4695458255597809],[115.39326362753438,-1.4805820563593481],[115.3926527767944,-1.4856565665961912],[115.39140422185407,-1.4907711283865221],[115.39038754660302,-1.4947932518368472],[115.38888476662173,-1.5004562627157179],[115.38880900815835,-1.500723869410686],[115.38740439938896,-1.5094726173136177],[115.38690048523759,-1.5123486859434638],[115.38537544818347,-1.5202770078133594],[115.38350713389173,-1.5252310273490812],[115.38197321982807,-1.5292085686694823],[115.38049272812984,-1.533516050264933],[115.37919512215207,-1.5378369314010234],[115.37800455266935,-1.5421399846644464],[115.37750071316694,-1.5473838824089148],[115.37599795915237,-1.557158198707726],[115.37413853703882,-1.5674007985079021],[115.37342060373919,-1.5750481620251133],[115.37224791238484,-1.5852862506766112],[115.37152102408004,-1.590637174157602],[115.3690863875394,-1.599604395355554],[115.36807415736139,-1.6023690544780065],[115.36505977798376,-1.6105380910638956],[115.36147911800236,-1.6205532862104555],[115.35983822416816,-1.6254984245175434],[115.35853618950522,-1.6314825452346793],[115.35834442349316,-1.641256859970325],[115.35835328397165,-1.643789619015501],[115.35751497306235,-1.649590930470864],[115.35537913225924,-1.6611533568564596],[115.35344833656497,-1.6689300755161396],[115.3495465637041,-1.6836540158292692],[115.34812857138185,-1.6880194513973084],[115.34659465843168,-1.6922778960366855],[115.34523913043684,-1.6970580768284693],[115.3442224804684,-1.701423488254572],[115.3413329119309,-1.7089906246165925],[115.33814918283468,-1.7200625568798529],[115.33696749375409,-1.7245528860694603],[115.33566988191744,-1.7301312310825485],[115.33352059559527,-1.7389379454808456],[115.33193317017707,-1.745434874408443],[115.33108592504107,-1.7488237348533213],[115.33046608732613,-1.7510667173142116],[115.32932903674553,-1.754464514385467],[115.3279645704509,-1.7573406685165955],[115.32676502863802,-1.759525609252103],[115.32540950273577,-1.762174332269801],[115.32341630539142,-1.7662588763401874],[115.32267609822814,-1.7690234707584407],[115.32211420510356,-1.7717257034630944],[115.32070069661884,-1.7780531528797086],[115.3201387998611,-1.7800686946559152],[115.31922026733943,-1.7824810267688993],[115.31831502452542,-1.7846169647241774],[115.31547458286964,-1.7904807106529046],[115.3123532496154,-1.7997422313879987],[115.31179142795283,-1.802502411336159],[115.31115816788866,-1.8073985004262603],[115.3107836187668,-1.8122856996563945],[115.31085053486757,-1.8156121897814967],[115.31109577320919,-1.8195272436101497],[115.31196531878517,-1.8235538057463774],[115.31312467890412,-1.8266038651184797],[115.31427960375241,-1.8291277319548473],[115.31623262130873,-1.8326281151201458],[115.3178468942114,-1.8360215105763367],[115.32597129937271,-1.8538400662456922],[115.32839262832744,-1.8610236725103093],[115.33104134740356,-1.8652865316131013],[115.33345820548382,-1.8681448528548017],[115.33529527244005,-1.87021833227192],[115.33673113730325,-1.8719395518226474],[115.34311658494875,-1.8818877910317573],[115.3450161621386,-1.8852811769449245],[115.34732594663392,-1.8913232574205274],[115.34871717959712,-1.8964913647660704],[115.34976066794327,-1.9009816559703487],[115.35102702632695,-1.9066135387399277],[115.35127223233677,-1.910238750518563],[115.35190549944734,-1.9210610215438162],[115.35206598597635,-1.9262737072018927],[115.3517315409954,-1.9293816607713923],[115.35048751815782,-1.934210897064569],[115.34939502699748,-1.9360970954011354],[115.34780759407045,-1.9387547260112579],[115.34562701893523,-1.9416531121306149],[115.34175652052787,-1.9455548272511813],[115.33901865133903,-1.946941641461821],[115.33581699490254,-1.9484309491002025],[115.3306266755991,-1.951561230188588],[115.32764348143812,-1.9536614625883317],[115.31907757716073,-1.959547516806478],[115.31580906767543,-1.961683434062895],[115.30758645895966,-1.9679573363521239],[115.30273495215991,-1.971297254886995],[115.29765159402884,-1.9753862397964328],[115.2943028238763,-1.9786547439989073],[115.2901157021378,-1.9832610195280398],[115.28748932831556,-1.9864313942122869],[115.2828161145702,-1.992263947921788],[115.28098343581385,-1.9946316828711046],[115.27980622902284,-1.9967364294577636],[115.27873166329618,-1.999946957374205],[115.27917308399012,-2.002622385284574],[115.28027450771674,-2.0049188662723965],[115.28262439146934,-2.0072108180363997],[115.28640574590044,-2.0095607838322094],[115.28938436752586,-2.0111036545607495],[115.29168082652923,-2.0130566803284604],[115.2934645178478,-2.0162717209513983],[115.29535065798483,-2.02329034469841],[115.29591250973989,-2.0264117304285394],[115.29782106175509,-2.031660064717452],[115.29914985188417,-2.0347101084339534],[115.30214634568058,-2.0397131876724743],[115.30398351036321,-2.0423574622762692],[115.30554422358234,-2.0446538951996547],[115.3087101166736,-2.0501742754454555],[115.31279914339628,-2.0574782724598317],[115.31395850035817,-2.059667720222481],[115.31614789254385,-2.063814641331935],[115.31757932626367,-2.0658881423598867],[115.31907757716073,-2.067787715614797],[115.32074527576704,-2.0704319927597488],[115.32201166447007,-2.0725054408312364],[115.32449984753015,-2.078141761554545],[115.32478965348388,-2.0803401216152886],[115.32504826324455,-2.085472547221532],[115.32495910619795,-2.091015206013605],[115.32263142893808,-2.094885649637317],[115.32070069661884,-2.097494231538721],[115.32122687483132,-2.100147419351041],[115.32351884555325,-2.1011729895739877],[115.32580636835719,-2.1023769779221917],[115.32605159470326,-2.104673399189296],[115.32526238472673,-2.1082005349092245],[115.32413417622438,-2.1107466806570527],[115.32163260743805,-2.1138725575744677],[115.31390496802202,-2.123557688340433],[115.30929427960726,-2.129283193688362],[115.30039390314944,-2.1433382934992995],[115.29994799133564,-2.146062782399733],[115.30059013669737,-2.1493981934325626],[115.30226227655896,-2.1526845713041194],[115.30301591663088,-2.155043386314754],[115.3039389287751,-2.1585526987082932],[115.30395674332527,-2.162253773919202],[115.30623536949827,-2.1655579672010385],[115.3038943471805,-2.1682200497092543],[115.30187433296426,-2.1692188630904266],[115.29952441520686,-2.170413905952886],[115.2981197551776,-2.1730136064518546],[115.29767384006438,-2.1752119146072975],[115.29734837859502,-2.1789530823787158],[115.29725026080189,-2.181387767590254],[115.29569845817825,-2.1944975366690596],[115.29497608957804,-2.197904310022419],[115.29452573874124,-2.2009052914301463],[115.29408434002244,-2.20395975864012],[115.29376773710959,-2.210318431433102],[115.29205539894595,-2.2225586512681126],[115.28972774322385,-2.225911929259571],[115.28566101817223,-2.2245920245132003],[115.27295705205451,-2.2198832174191048],[115.26992048143191,-2.2195442954901794],[115.26803427640009,-2.220534252523642],[115.26628182101831,-2.2226835028908596],[115.26290177989125,-2.2210871848811533],[115.26168896082558,-2.218384967213572],[115.25903132396114,-2.213261448752365],[115.25591882560235,-2.208895994701402],[115.2528821787254,-2.2059619020846934],[115.25076858265469,-2.2059797081942185],[115.24735291813512,-2.208169170493412],[115.2278666806493,-2.2228083838915387],[115.22482107757389,-2.2251359940102056],[115.2154747783157,-2.2322883848168042],[115.21255406497976,-2.2345268812289834],[115.20547301593585,-2.239940263732909],[115.18930878484188,-2.2513109654453256],[115.18491209849034,-2.2544055480335303],[115.1795255725597,-2.2580887844099484],[115.16552839251872,-2.267662452959137],[115.14930621661482,-2.2797733875627455],[115.13824315976001,-2.287933538706563],[115.12529845547148,-2.297333310546961],[115.12197192022596,-2.2996832938234393],[115.09672451526501,-2.3177203377222417],[115.08915741245379,-2.3231916284813354],[115.06783847481765,-2.3391998105620857],[115.03991557036125,-2.359025002240871],[115.03594250090251,-2.361896637416707],[115.02141028496449,-2.3723933732248805],[115.0043051275708,-2.384401756649575],[115.00000215758138,-2.387491911121968],[114.98205425068124,-2.4003697584558306],[114.9694750912428,-2.4091586522552584],[114.96593461450192,-2.411646832722809],[114.9453291210277,-2.426575908704362],[114.94188670827636,-2.4290284120921837],[114.9389659940344,-2.4311152710608326],[114.92482169510318,-2.441219613741008],[114.91712973476854,-2.4470788760258984],[114.91490911987533,-2.4487643952312066],[114.91189030273502,-2.4509672116541394],[114.90904094885524,-2.4525992144187927],[114.90636549894097,-2.4539993831708276],[114.90032334200342,-2.4561040742990157],[114.89535591678067,-2.4564875641368515],[114.89180208544434,-2.456273537748162],[114.88877881006955,-2.456340415292493],[114.88312460751278,-2.4572946836707814],[114.88124287102276,-2.458110647180343],[114.8789687830904,-2.4600280580492426],[114.87600787379981,-2.4625162610930094],[114.86890457660247,-2.470056572372334],[114.8641199763249,-2.4755680625354652],[114.86316121923907,-2.4783416085576615],[114.8626573907894,-2.480593485132931],[114.86240321250094,-2.486760426403573],[114.86350902705892,-2.4907334510970753],[114.86570742523124,-2.4967219965352143],[114.86766938291053,-2.501787537562397],[114.8688198218643,-2.5047662603111562],[114.86931476751131,-2.5069690656027],[114.8694173604378,-2.509394798937538],[114.86908739684878,-2.5116466161341697],[114.8680127492682,-2.514946358128025],[114.86546212314934,-2.5204399718241137],[114.86465504276516,-2.52146112380211],[114.86210439204586,-2.5246939888472792],[114.85983923411254,-2.527494249487303],[114.85756509673031,-2.5301563951871495],[114.85529538164619,-2.5327604832648416],[114.85160766309549,-2.5374737568093724],[114.84990876758232,-2.5398415455621963],[114.8480314698403,-2.542503613766305],[114.84621220830797,-2.5455134932846235],[114.84503054352605,-2.5480061370532776],[114.84355900352861,-2.551078475236414],[114.8423684552314,-2.553156417189669],[114.8409058692188,-2.5556446029878925],[114.83931839820876,-2.5579098313361532],[114.83738761446217,-2.560402481068681],[114.83352601512243,-2.5653253186942764],[114.82817954714969,-2.5692448234482783],[114.82009077492845,-2.5749346807723015],[114.81587243716943,-2.5772712005778846],[114.81404866224838,-2.578145191576471],[114.80938005265999,-2.58059326071951],[114.80754736883867,-2.581819509536832],[114.80476481574739,-2.5836789801830333],[114.79976623631671,-2.588445752177412],[114.79851322944657,-2.590523650396323],[114.79760800055621,-2.592383089668291],[114.79508412510454,-2.5982468148454574],[114.79215447982668,-2.6080568794881094],[114.79175769385184,-2.616573716316696],[114.79167735845002,-2.625777355564445],[114.79164167394777,-2.6297593404803243],[114.79169520069979,-2.6389896410122122],[114.7920073946413,-2.645103079691117],[114.7914053772425,-2.660638567682583],[114.7910441844288,-2.6679158483056304],[114.7907722027378,-2.6707919578355974],[114.79027723718963,-2.6734495479412277],[114.78977339506625,-2.676116101044627],[114.78930514639995,-2.6784214678626532],[114.78774896237054,-2.682996481832008],[114.78662081074464,-2.6851904057205402],[114.78520273647933,-2.68693391269676],[114.78372234317312,-2.6883251666145016],[114.78104240357548,-2.6901310957292037],[114.77756431214958,-2.6919503623128267],[114.77483985452612,-2.6937474308103364],[114.77341294780152,-2.6954240085266647],[114.77171403919321,-2.697800699586886],[114.76730392217112,-2.707878331065785],[114.7642583827315,-2.715333919180149],[114.76340668862217,-2.7195254998133267],[114.75916159335212,-2.723672428126002],[114.7569409756262,-2.725188516205913],[114.7526647352737,-2.7262497936283023],[114.74792467055,-2.728006670671064],[114.74325601282118,-2.7303432603572957],[114.7365584068813,-2.7347533070075496],[114.72945956492349,-2.7388467802201446],[114.72244981263519,-2.74142410277214],[114.71680464544616,-2.743479733255931],[114.71211810378426,-2.744023755793984],[114.70743603153264,-2.7441709229455498],[114.70326230186402,-2.7433861062528266],[114.69764836478586,-2.741343849602077],[114.69248912716405,-2.7394620929462894],[114.68952386221805,-2.7389002526823925],[114.68546163421912,-2.7395512937939643],[114.68044953744587,-2.7414374884002894],[114.67562926085422,-2.7446659027561457],[114.67196832726135,-2.7484694636824387],[114.67004199193498,-2.7523355368988094],[114.66937318104118,-2.754712253969637],[114.66979229784391,-2.7590375497125916],[114.67170531630822,-2.763706223848736],[114.67279776636619,-2.766002648610173],[114.6761376102543,-2.7709433480364427],[114.67740843539536,-2.7724951494829457],[114.67879522162546,-2.7746221490527714],[114.6796647802303,-2.7789965042075915],[114.67929024877982,-2.7828848219707307],[114.67855894195907,-2.785136695135259],[114.67748426620054,-2.7875044962608753],[114.67618671472181,-2.7899882133378573],[114.67197285724514,-2.794982353796012],[114.66441468342684,-2.8017824926522827],[114.65934014800808,-2.8044623977710743],[114.65146541617558,-2.8069818181382056],[114.64821468729274,-2.807610577121032],[114.63942141344246,-2.809296063178705],[114.63694210936603,-2.809563630325582],[114.63136377373098,-2.8101522639247483],[114.62879978643434,-2.8107898757195016],[114.62302968630318,-2.8122212834022053],[114.61711252338111,-2.8134564149372685],[114.61367012019905,-2.814178799169214],[114.60813185369682,-2.815989195377505],[114.60550101500391,-2.8179155103841858],[114.5930690513085,-2.820171841121534],[114.5911248210639,-2.8209343215086387],[114.58218440566132,-2.8379592064125263],[114.57180803029328,-2.8598355732295486],[114.55711971429004,-2.8877762751107223],[114.54772001022631,-2.9053050074140687],[114.54464765829938,-2.911494231839769],[114.53945279028993,-2.925023114199713],[114.5356536833605,-2.929522377511091],[114.52672647832587,-2.947367668303717],[114.52811327289889,-2.9489818765248152],[114.5159221631976,-2.966666672807296],[114.50436415292182,-2.985974579216748],[114.49763537338924,-3.0005692626095333],[114.49655175680311,-3.0097282132001477],[114.49546822786631,-3.0152263099214838],[114.49460758433847,-3.0208314161366445],[114.49283734480186,-3.03416411384106],[114.492208649517,-3.0389754835141414],[114.4919589295854,-3.0420834717892253],[114.49081293513875,-3.0512068000830266],[114.48986762090409,-3.0576903084682447],[114.4874730986925,-3.0732481279240313],[114.48541294769986,-3.086304360597428],[114.48324582546276,-3.0994587218415783],[114.48262155644417,-3.1038687367614943],[114.48152910594479,-3.1115428976651964],[114.481011795314,-3.11521714616367],[114.48072644477566,-3.118182494715804],[114.48027158761413,-3.121442066783119],[114.47946901453238,-3.1239569928833846],[114.47833186702316,-3.1268331502887636],[114.47666869791418,-3.1296869650349386],[114.47460858114817,-3.1327771013779784],[114.47255733704814,-3.1355194493330627],[114.47021637311342,-3.1388459260949815],[114.46815622275555,-3.1422170535233134],[114.46610059410847,-3.1461633131303945],[114.4632422581718,-3.1506804060202263],[114.46101273822701,-3.1539444909716248],[114.45815889818174,-3.157725767136169],[114.45015929831072,-3.169961542051727],[114.44375603989234,-3.1816978970111167],[114.43524358598728,-3.1953650702426337],[114.43328161648839,-3.2005064256368057],[114.43152025976123,-3.201581031000772],[114.4281536345554,-3.2065306740507244],[114.422668937749,-3.214592674294009],[114.41816528210552,-3.2216469943863735],[114.41648862599058,-3.224268957624278],[114.41106632647944,-3.2321615582955627],[114.40951457207531,-3.234680961468585],[114.40780678313753,-3.237548177217178],[114.40298645855884,-3.2463816543116724],[114.40100221034274,-3.2500692846545314],[114.39957526097137,-3.2529275925354],[114.39768909438915,-3.2568114604519787],[114.39665897029626,-3.2603653627980913],[114.39528558833038,-3.2648913364600562],[114.39373830678825,-3.269863264866923],[114.38925246263867,-3.2836106666565894],[114.38762482801191,-3.2886360519291884],[114.38635849258922,-3.29361686482707],[114.38522144388024,-3.2979020772005003],[114.38373650300024,-3.3027179375040756],[114.38105211729624,-3.3109538919994277],[114.37955392374857,-3.315243527522889],[114.37825184003971,-3.318904438611443],[114.37618278686506,-3.32549500764305],[114.37480942664612,-3.3316619648449444],[114.36845964986071,-3.3551257383725477],[114.36582875056996,-3.363080804712278],[114.36440185966266,-3.3668487108939016],[114.36313545243299,-3.3707994808316224],[114.36223027761058,-3.373898533167499],[114.36130723842786,-3.3774435668738874],[114.35844453439533,-3.3877931411846047],[114.35598757278704,-3.396604300942039],[114.35490393717292,-3.4002117255463564],[114.35398097225462,-3.40306551276489],[114.35226415590314,-3.4093038104214117],[114.35192086431547,-3.4114753880618256],[114.35169345388319,-3.4143960796025827]]]}]},"id":"0000000000000000018e","properties":{"ADM0_CODE":116,"ADM0_NAME":"Indonesia","ADM1_CODE":1523,"ADM1_NAME":"Kalimantan Selatan","DISP_AREA":"NO","EXP1_YEAR":3000,"STATUS":"Member State","STR1_YEAR":1000,"Shape_Area":3.04093346459,"Shape_Leng":16.1085423149}},{"type":"Feature","geometry":{"type":"MultiPolygon","coordinates":[[[[114.24235185249101,-3.409433116989128],[114.24476866378676,-3.417388176601871],[114.24681532872202,-3.4169600697739217],[114.24710075090886,-3.4169021494396468],[114.24706066302498,-3.4126704054422983],[114.24446990757409,-3.4108912387325403],[114.24235185249101,-3.409428663104284],[114.24235185249101,-3.409433116989128]]],[[[114.21413020053828,-3.392350324504894],[114.21508884462445,-3.3946913446365174],[114.21747896033965,-3.3934561943627526],[114.21881219855896,-3.3927694852208616],[114.22344072287517,-3.3889703434904845],[114.22526898996844,-3.385188988738522],[114.22396243782184,-3.3842258157174943],[114.22339174404054,-3.383802177026385],[114.22338729966454,-3.383802224176806],[114.22014098827404,-3.3857107022153765],[114.21968176263671,-3.3868210542580623],[114.21877210804837,-3.389019364341401],[114.21668077508062,-3.3905176472247516],[114.21413020053828,-3.392350324504894]]],[[[113.36854190866148,-3.298419351702055],[113.36887633247133,-3.2995430396167342],[113.36922865380869,-3.300720238642233],[113.3692331055211,-3.3007202700016305],[113.3782716534459,-3.298352439733299],[113.39233117128371,-3.294669246859801],[113.414657943197,-3.2642180439070176],[113.42173007850494,-3.2575204734935617],[113.42469094193726,-3.252218616270856],[113.42399971471332,-3.2496813707316594],[113.42105229289443,-3.250399309565148],[113.41826983037072,-3.251081556635426],[113.41301701180494,-3.25406469859254],[113.40891016771721,-3.2564012583559387],[113.40351464214058,-3.2567133934409784],[113.40043784919068,-3.2568917661627212],[113.39481049898993,-3.2592639728458925],[113.38834029732303,-3.261988514364833],[113.38261926515911,-3.266148853705046],[113.38216892463919,-3.266750777724996],[113.37441896615076,-3.276988917564252],[113.37403103422591,-3.2784024718107063],[113.36854190866148,-3.298419351702055]]],[[[110.73286538741273,-3.025656103708082],[110.73326225959285,-3.0256517015419564],[110.73369923747168,-3.0256516656967865],[110.73266913398447,-3.031800811018714],[110.7351796887422,-3.034329054689369],[110.73518414492229,-3.0343291090612934],[110.74226958222845,-3.033637905182522],[110.74581909111893,-3.0317338962886407],[110.75554887069349,-3.026507855744595],[110.76649147115693,-3.0231055241816613],[110.77477201148541,-3.0205281675939193],[110.78104597673575,-3.020929484374239],[110.78917936686543,-3.021451232701385],[110.80953966082532,-3.031359330345487],[110.81067223220221,-3.0323670815018264],[110.8371102573333,-3.0558219182762647],[110.84432056561755,-3.062211840578359],[110.85806798255453,-3.07187918866108],[110.86765950094137,-3.0760306213052178],[110.86874309599146,-3.0762178691539614],[110.87704152864177,-3.077640335166579],[110.90977130627759,-3.095828991229651],[110.93035894888747,-3.0969884041783264],[110.9340912044987,-3.0961589526843074],[110.95138808481326,-3.092310809974951],[110.985281733607,-3.084788296628131],[110.99488211310731,-3.080409408464498],[111.00480363032524,-3.0777027333922344],[111.03789020813163,-3.068668587223063],[111.06076987668357,-3.0571596910034144],[111.07054865786544,-3.053271335326436],[111.07815138752714,-3.0502480698183425],[111.09301809346412,-3.046341914382077],[111.10449131822361,-3.039729066718225],[111.12137789161477,-3.029990405021921],[111.14539017578396,-3.0136388557129545],[111.15385806950339,-3.009028109397858],[111.15860248292638,-3.003824381141057],[111.16392217540309,-2.9979784798779767],[111.16646840924024,-2.9966139836314274],[111.16735123646454,-2.996141338880129],[111.17565856071434,-2.9958514668226464],[111.1808489355289,-2.9956687062475207],[111.18483983147028,-2.9936130332863597],[111.1902219837682,-2.9908395070317946],[111.2034789224417,-2.980472094284094],[111.2119601124262,-2.9793215916470763],[111.2126022543918,-2.978938140831341],[111.22932829079133,-2.9689586615911554],[111.2446364031162,-2.961449513853555],[111.25609186389842,-2.955831083681021],[111.29336099822218,-2.932567959840896],[111.3033003365232,-2.9279706007224737],[111.3102922499744,-2.9247288666411455],[111.31742227106633,-2.9230834670084938],[111.32127944030495,-2.9221916028571484],[111.33339034097877,-2.9210411731005044],[111.34288821268753,-2.9230968019688697],[111.3567292827911,-2.926088891955258],[111.361076920556,-2.928175701750089],[111.3663297346114,-2.9306906785934195],[111.37118127686723,-2.931002797174865],[111.37342865351923,-2.931149959411234],[111.37890882218717,-2.928621632927502],[111.38898192425779,-2.9276896488907362],[111.39428826265002,-2.916381401610359],[111.39492152302381,-2.9150302696026684],[111.40108846991045,-2.909501033493612],[111.40515513475468,-2.9077619905146426],[111.40864212368892,-2.9062681382376185],[111.41251265686759,-2.9032002853684955],[111.41381020403875,-2.902170282428759],[111.41756929905105,-2.9075479474672643],[111.41093855236122,-2.9267622181551425],[111.41093855236122,-2.9302090448350877],[111.41228968220183,-2.9312525028049463],[111.41392173688907,-2.932509962945381],[111.4384021604764,-2.9359479446477907],[111.43928059928493,-2.936755050768872],[111.44871163399013,-2.945387822030936],[111.48144143475315,-2.9647002480248172],[111.4976012419462,-2.979499960154229],[111.49953198575639,-2.9812702197537364],[111.50596203973407,-2.985229941326776],[111.51074218911305,-2.988168478308538],[111.52173834264576,-2.998058722461817],[111.5264872951206,-3.0044664647989023],[111.5290690572694,-3.0079490273085723],[111.53922244113245,-3.0355642583152567],[111.54100162901086,-3.040397948725571],[111.54155457194031,-3.040099132555759],[111.54397140041512,-3.0387882077985218],[111.5472488482967,-3.0318052383927943],[111.54807826306991,-3.0300394179494003],[111.55275581027496,-3.0262714791205836],[111.5709400877429,-3.0116099864470045],[111.57528767580519,-3.0093001321590016],[111.575292133564,-3.00930018245971],[111.57674136009808,-3.0093492003255182],[111.58578888417624,-3.0096301522234605],[111.58969952319298,-3.009750516446619],[111.59573706093893,-3.0054742722159173],[111.60044145569461,-3.0021522228119224],[111.6074199468577,-2.995311929132466],[111.6166681681548,-2.9862510407357905],[111.629657454405,-2.9779348303764497],[111.6361009240443,-2.97381019755456],[111.65537310553712,-2.9639198778738254],[111.65773198918386,-2.962711494281051],[111.6578701797862,-2.962640124736437],[111.66215991054335,-2.9604283703826915],[111.66216436830409,-2.960428421540136],[111.68037531513043,-2.960802986157367],[111.68367059823596,-2.9608698855074764],[111.6840941760794,-2.9606691632180997],[111.68846859926394,-2.9585689556990666],[111.69034586002412,-2.956361715553635],[111.69257983189743,-2.9537308682551333],[111.69797980897127,-2.9385609801860064],[111.70102090578955,-2.9300084147497536],[111.70169875697792,-2.9240198650788107],[111.697578520243,-2.9265615586860814],[111.69050188144459,-2.935310275213109],[111.68478085251132,-2.935551074019943],[111.67998739926479,-2.9332056250396543],[111.67632193967444,-2.9314085693542546],[111.66966896200911,-2.9231280537585915],[111.66959318009759,-2.9229585521209813],[111.66714068445035,-2.9173802296591154],[111.66714068445035,-2.9118509812727846],[111.66761338894915,-2.9102635378212316],[111.66805034038633,-2.9088009008993074],[111.66888421437616,-2.906031847081147],[111.66941932747613,-2.904261542316587],[111.6808390128614,-2.8908887002147594],[111.70872180645843,-2.8694583053972744],[111.7139702139402,-2.862091841774934],[111.7139702139402,-2.8577219386093873],[111.69699883040876,-2.8266598445914055],[111.69624528817626,-2.823913018255185],[111.69447055642878,-2.8174518159455944],[111.69435902160961,-2.8117485666183764],[111.69426986653336,-2.806990746383176],[111.70002655417038,-2.804119062846352],[111.70003101192253,-2.8041190471363984],[111.70125725761001,-2.80842659229548],[111.70271093948752,-2.81352777192522],[111.70935053105313,-2.8201986145049704],[111.72192965601626,-2.8282517276594743],[111.72741877576975,-2.82823836957524],[111.73314879264657,-2.8321489713518893],[111.73796906395596,-2.8475685246969875],[111.7373002213157,-2.8556306068447808],[111.73212314851301,-2.8669834930635365],[111.7281679493836,-2.875660875683447],[111.7284043006841,-2.87819814794251],[111.72864065197939,-2.8807219811318157],[111.72986689481645,-2.882911370956777],[111.73161041738233,-2.8860193643061356],[111.73803147228487,-2.8929310167194173],[111.74422072077444,-2.8995884072513958],[111.75136865036221,-2.9144461458724056],[111.75404856525904,-2.9200200271282273],[111.76714936847456,-2.9472205602916963],[111.77064085636164,-2.951866926752188],[111.7790685822215,-2.9630904591311333],[111.80082902379209,-2.982639168057727],[111.80586777085541,-2.9902285412814553],[111.80596138250766,-2.990451504047188],[111.82056050659082,-3.0252013368874517],[111.8255502932923,-3.0428415153675386],[111.82745872700433,-3.049601525001155],[111.82815885582347,-3.060191903369285],[111.8258401336344,-3.0755089049295186],[111.82543876025015,-3.078148647340631],[111.82515783525315,-3.079776233045746],[111.82385137007921,-3.0873611387039763],[111.82432843322812,-3.1013895308566855],[111.82229954996725,-3.1141648501614814],[111.82205874398232,-3.1156719906208075],[111.82101091487371,-3.118472289170289],[111.81181178950729,-3.1430821006660636],[111.81182070489405,-3.157578662357927],[111.81133463434983,-3.161132558507854],[111.80964908003989,-3.1735199067218085],[111.8075845300933,-3.1870666680816906],[111.80614869678134,-3.196502128311476],[111.80663031004536,-3.21053938170928],[111.81194106261391,-3.2374678908109793],[111.81698880676996,-3.2510413812717696],[111.81832201965483,-3.252249823269103],[111.81927187110286,-3.2531103964891077],[111.81882146268275,-3.2551883312929877],[111.82200079407056,-3.2668444209539906],[111.82504193549312,-3.2779698742206467],[111.82862254556001,-3.3083497544813207],[111.83337151946597,-3.34864217835728],[111.83381301134831,-3.3534580365225435],[111.83420983546519,-3.35781009392286],[111.83537365256323,-3.370710321347368],[111.83662216520379,-3.3845513181775884],[111.83667129058581,-3.4163179689771224],[111.83655975777337,-3.4169690331224514],[111.83053998453235,-3.452708689009054],[111.82152818841,-3.47423723208345],[111.82118922232384,-3.4750488215158977],[111.8174881589401,-3.480729695658264],[111.81482164150731,-3.4848365558590544],[111.80725011187248,-3.496470350749395],[111.79880904793862,-3.5132900559690166],[111.791959829486,-3.5305601190163665],[111.7878663791598,-3.526979461772949],[111.78486097211312,-3.524348637970918],[111.78486097211312,-3.524353106202475],[111.7850884064008,-3.528040735128078],[111.78726886402401,-3.531951377439377],[111.79059986467801,-3.5379310153434917],[111.79632974595341,-3.542992122227896],[111.79955366620639,-3.5444100781498507],[111.82817222886528,-3.5569981893919804],[111.83137830097398,-3.55653885981751],[111.83434802340726,-3.5586079096873857],[111.84223173500078,-3.5605520748552646],[111.88083863129191,-3.5700677649399135],[111.88527542860139,-3.569902801482138],[111.88725079397872,-3.5698314269269282],[111.89595052350597,-3.5668304972152916],[111.90157794175514,-3.5678694260158013],[111.90213086731222,-3.5679720305615112],[111.93073151228732,-3.552980489625171],[111.93838780056068,-3.54686708783323],[111.94603961479352,-3.540758143225515],[111.9466103639769,-3.5402096632960087],[111.95378511161768,-3.5332132815714936],[112.00136816491263,-3.4868208402917875],[112.02126019191682,-3.4732116142923743],[112.03028096270428,-3.4655955256826547],[112.03383044291076,-3.462598979527137],[112.04018017937015,-3.4559415572586945],[112.0584401584061,-3.4367941618104414],[112.06285023919557,-3.432170067669571],[112.0659805004527,-3.429539209407691],[112.07793087440298,-3.419488372437398],[112.08830274888037,-3.4130137688009694],[112.09714963082655,-3.4074889294132724],[112.1341289680119,-3.3723200595575955],[112.13689809794305,-3.369680225391547],[112.1606516867148,-3.339492101920325],[112.1734582446042,-3.333490202728309],[112.23589899755811,-3.3103697234317107],[112.25107780754426,-3.3075203349290496],[112.28922095485714,-3.3063699340444734],[112.31646164841028,-3.309089959739439],[112.34623057579981,-3.3184808150943037],[112.35738280622624,-3.3232966523861522],[112.359518651692,-3.3242196925426564],[112.35968809669866,-3.3243267513298322],[112.37199077215574,-3.332139059476127],[112.38432909032828,-3.3399736832777838],[112.389541770951,-3.343277885953108],[112.41152071796077,-3.3489899976656154],[112.41464655980108,-3.3505507225357314],[112.4197790045024,-3.353119153029126],[112.45115770059608,-3.3783665966059737],[112.45461795501895,-3.3811490601513157],[112.45835022148297,-3.3864910349840587],[112.46473119258279,-3.3956322298217003],[112.48214842631931,-3.4114887633265445],[112.48929194165619,-3.4156981559879345],[112.49109782206855,-3.416759445631494],[112.53715140657964,-3.4355590217433054],[112.54329608453679,-3.4366514646089628],[112.54997136607314,-3.4378420469919178],[112.54997136607314,-3.437837609307021],[112.55591982271568,-3.4371286166842134],[112.56163189937698,-3.4320585859397554],[112.56206886138834,-3.4256107208838986],[112.56086937527618,-3.4194215458389974],[112.55951829232133,-3.412492052379912],[112.55523304760943,-3.4029540723607394],[112.55031912028845,-3.392020342438871],[112.54968154050405,-3.386611472371432],[112.54939171486554,-3.3841901238757446],[112.55035485966735,-3.381363089217895],[112.55167030451962,-3.377523768619309],[112.55858189099692,-3.3975317804484497],[112.56914098513577,-3.4106281309384543],[112.57863001230133,-3.4182487832245165],[112.58403888537076,-3.4202821301238275],[112.58770428996142,-3.4203445479428924],[112.5952490378819,-3.4204783217695556],[112.60737780291487,-3.418378060360077],[112.63093966617755,-3.410048510911406],[112.63757043145159,-3.4058881486108903],[112.65341357871556,-3.3894518766452975],[112.67181181790266,-3.3703713920745253],[112.675338993126,-3.36778068634425],[112.67684169898575,-3.366679289385621],[112.68214352581424,-3.36701815790675],[112.68525603052066,-3.3672188472919236],[112.6852604860423,-3.36721880949102],[112.70133997685639,-3.3558481313006934],[112.71477971902532,-3.3463413396037196],[112.7529585572835,-3.3257714955048234],[112.78448887500143,-3.306361018663926],[112.7895187420674,-3.301509509176354],[112.79176163498417,-3.300211868658689],[112.79223432474826,-3.299935423180635],[112.84527981632004,-3.2691586913711728],[112.87884790201807,-3.2460606040161952],[112.89244369490784,-3.2382927968784334],[112.89923933128486,-3.2344089337854984],[112.91403914922994,-3.2259500305121724],[112.91736116475508,-3.2237739641512055],[112.94328186425064,-3.206771468770324],[112.95693118820995,-3.196109754018086],[112.97136976700942,-3.18482823062768],[112.98837236605458,-3.1728465651250977],[113.00281984955943,-3.162662013023351],[113.00618196309496,-3.1602853223013705],[113.00676170539242,-3.15987950850227],[113.00855864936987,-3.1589342172939037],[113.02173978256904,-3.1520003302427115],[113.03208043936218,-3.1444421588409397],[113.0326646168042,-3.1400543982664786],[113.03348057390515,-3.1339721538548613],[113.03347612009235,-3.1339721863582426],[113.01130100598482,-3.149632541249111],[113.0003495216938,-3.15736906325455],[112.99165872941504,-3.15785064153772],[112.98051091062162,-3.1565976143901273],[112.97564156115857,-3.156049146453479],[112.97429495846113,-3.1556121796427408],[112.96716040029919,-3.1532979334851508],[112.96155975624235,-3.1496280307850566],[112.95607061244895,-3.1460295625848786],[112.95318108222894,-3.144129995411109],[112.93941143116686,-3.129200943182862],[112.93641930354663,-3.123907989270009],[112.93502809471865,-3.1177008823640904],[112.93570142771095,-3.1117078603443398],[112.93674928805798,-3.1098038160798014],[112.941159341543,-3.101799711650029],[112.94224737485193,-3.0978667838554195],[112.94275125679617,-3.096038553927833],[112.94464642474749,-3.0938313058265594],[112.94730845225007,-3.090727812358529],[112.94828502990707,-3.0867636428353156],[112.94866846109491,-3.0852119105048845],[112.94811113135239,-3.0825275006337773],[112.94728172656814,-3.078532125166369],[112.96167120226123,-3.069752208090118],[112.96172919781822,-3.0696764127112104],[112.97102197942377,-3.0577616435663644],[112.97414779012524,-3.050038495390038],[112.97655129394373,-3.044107871856318],[112.9784196608846,-3.0431670497096155],[112.98057781307313,-3.042078968009952],[112.98058226717636,-3.0420790094035484],[112.98293666642738,-3.0445449210376654],[112.98563002330611,-3.047358569810205],[112.98935334971213,-3.047884738984436],[112.99044132030285,-3.048040788272266],[112.99660824738471,-3.0459584272053855],[113.00316316972814,-3.0407635815291565],[113.01031114084697,-3.035100494555776],[113.01200554562182,-3.0314842077025275],[113.01258082982163,-3.030257931736422],[113.01475679837971,-3.0249159328849333],[113.01690167463038,-3.0196586305401514],[113.01986251615773,-3.0027898843304133],[113.02050014914256,-2.999160146189225],[113.02685881751212,-2.9807307056570815],[113.02660467535104,-2.976391987144433],[113.02636834851936,-2.9724501338260496],[113.02594468705138,-2.9711123759725404],[113.0254095880263,-2.9694402220622083],[113.02132066343064,-2.9567451978843726],[113.02059822550403,-2.9544978333843264],[113.02057150219633,-2.9441392978384546],[113.01973317158603,-2.9418071656928872],[113.01865851099855,-2.9388017948874046],[113.02200283402667,-2.938070488025205],[113.02694798539714,-2.9369914030973803],[113.03734220201224,-2.9657392021827795],[113.04725028018295,-2.9912720030824573],[113.06439997360208,-3.0099913173415715],[113.06468982357573,-3.0103034297014926],[113.06766848252667,-3.013549640573587],[113.07810724127238,-3.021116771711589],[113.08348939421928,-3.025018469695943],[113.09383005318377,-3.0417981037012383],[113.09984093884968,-3.0473585448607694],[113.10301132199582,-3.0502882340740203],[113.10709145645934,-3.052464216860463],[113.1133297216513,-3.0557907697719755],[113.12202498042987,-3.0586088935059177],[113.13165213935345,-3.061730276877101],[113.14333054507598,-3.0683698452641694],[113.16737847509327,-3.075669393530937],[113.17070051753316,-3.077515445955799],[113.17357215673994,-3.0791118107849185],[113.17473602208152,-3.0801820412901484],[113.17779939540908,-3.083009086123229],[113.18588375230473,-3.090460236852404],[113.18705650359644,-3.091539315962951],[113.18801969402337,-3.0924311465069656],[113.20043827323693,-3.111270849927719],[113.20108038831494,-3.1147623242844986],[113.20322964304563,-3.126449688118254],[113.2103552787787,-3.137133694638035],[113.21151017880081,-3.1388592988511075],[113.21461819449554,-3.142065419297861],[113.24914948309937,-3.177671330428583],[113.25335437053904,-3.180436004431036],[113.25367104227745,-3.180641106276347],[113.25408121601437,-3.1809131150494405],[113.25993157173953,-3.184770220938349],[113.2743879623508,-3.198089579219703],[113.28492486824541,-3.213147921197614],[113.28933043187683,-3.219448657611982],[113.3247089127228,-3.2605615975738353],[113.33287803971498,-3.2719991372814063],[113.33389917346003,-3.273430540866799],[113.33584776371868,-3.275700234160269],[113.34045405288776,-3.281077909605697],[113.3407884911701,-3.2814703082206376],[113.34469016763586,-3.283298550528725],[113.34559980439309,-3.2823710144687666],[113.3457291813119,-3.280805868553558],[113.34583166525746,-3.2796108419560137],[113.3416133655181,-3.2742242648383106],[113.33755112868859,-3.269038294562562],[113.3240757266524,-3.2473715611016267],[113.3228317036948,-3.24536940927091],[113.32877122893538,-3.2453604937905873],[113.34348179882878,-3.2611992536342798],[113.35127183156676,-3.2676203210098036],[113.35613667069802,-3.268155446429588],[113.35746103520421,-3.2682981372543276],[113.35768844004683,-3.2685165829101273],[113.36250871343556,-3.2731095035372877],[113.3661696841454,-3.2735687956992923],[113.36876485788734,-3.2696715424343292],[113.37185951962472,-3.2650295742097772],[113.38026044758467,-3.256316532780926],[113.38075984825724,-3.2557992751768947],[113.38324358177191,-3.254220713151519],[113.39057880195242,-3.2495520486140244],[113.39766874090613,-3.247148591854474],[113.39856503901812,-3.2468498568798045],[113.39951039322321,-3.246528808551532],[113.41134927677476,-3.2434831899951027],[113.42213142607793,-3.240709685877806],[113.42432974878236,-3.2395413705459366],[113.42647900849168,-3.238399815720662],[113.42555150013803,-3.235639648846504],[113.42989024697567,-3.235389915885957],[113.43326576582375,-3.2293344595019904],[113.43489783232896,-3.2264004128539643],[113.43805930171808,-3.2153418426207465],[113.44076155402544,-3.197599076027689],[113.44243811273952,-3.1936170637239085],[113.44348159927857,-3.1911512423946182],[113.44723166840342,-3.1871379966262476],[113.44779796483056,-3.1865315727290997],[113.44810118846544,-3.1863621228974686],[113.45535171341669,-3.182371253045377],[113.48303821320587,-3.1738409885048813],[113.48780946818808,-3.1723694752126974],[113.51623628583495,-3.167138944830301],[113.52600166533273,-3.165341914485028],[113.54041791647339,-3.1664478030167653],[113.56674894264697,-3.1707419192610033],[113.57589898809947,-3.1704788484178676],[113.57656787989987,-3.1707864824489485],[113.57820881850147,-3.171540064514876],[113.57888215779322,-3.171852250028312],[113.58965093813916,-3.175499728791285],[113.59590255746895,-3.1737651452325153],[113.5997106016651,-3.172708388737659],[113.60519090385051,-3.167847942859765],[113.61074244276948,-3.1590011066603707],[113.61315039336229,-3.1551707007874006],[113.61354280251726,-3.1600802239301875],[113.61386828123007,-3.1641513793761864],[113.60771920837821,-3.1734084672549585],[113.60754529698747,-3.174492021323414],[113.60660889902086,-3.1802888712290853],[113.61206234424347,-3.1931221509028367],[113.6174488979443,-3.2058082858000083],[113.62582313674459,-3.229851762495301],[113.63387178373965,-3.2529499180969452],[113.63961065353192,-3.294428443245008],[113.64020818421332,-3.2987404275870724],[113.6391201875201,-3.314400794496793],[113.63371122966434,-3.3388098878758568],[113.6303089799047,-3.345971189371308],[113.63028664022767,-3.3462877886831928],[113.62877952727776,-3.3671518947456374],[113.62514086262225,-3.3723868878455243],[113.62444968803254,-3.3733812828234293],[113.62106082247688,-3.3855992070210754],[113.60391112701929,-3.4125991046967785],[113.59556807754338,-3.425740077236814],[113.59155493886718,-3.4296819087607133],[113.58780932339087,-3.433360684524502],[113.58697987735361,-3.4360183117709773],[113.58600784462618,-3.4391218531427024],[113.58762196477757,-3.443719139862931],[113.59357935738934,-3.4471481765497995],[113.61397971042265,-3.4539884672797814],[113.6266212865327,-3.4611185803541553],[113.6318607679725,-3.4640705213186287],[113.65111064547874,-3.464931112688751],[113.65985496219955,-3.467285514857663],[113.66966056412419,-3.469929759176821],[113.67106068855999,-3.4699520313179444],[113.68709117282526,-3.470197263372306],[113.74404731151819,-3.471071280217331],[113.74405176036267,-3.4710713040378818],[113.74836367183401,-3.4704470163217294],[113.76533950656093,-3.4679989813865317],[113.76946857781081,-3.4686677898181046],[113.7715866661684,-3.4682575989951823],[113.79233930140968,-3.4642221332593395],[113.79578174315685,-3.4640749145296668],[113.79632127090544,-3.4640482101017427],[113.79703473943077,-3.464021423656641],[113.80402221240084,-3.463731605857706],[113.82047179983464,-3.4572213083003427],[113.82389635168924,-3.456668417021835],[113.82779810147294,-3.4560396187931],[113.83372869311947,-3.452387650447907],[113.84057786814435,-3.4481693623877185],[113.84720409899087,-3.446688885085069],[113.85316151443925,-3.445360081367515],[113.8588691442979,-3.441712570015226],[113.86365819141928,-3.438649162538313],[113.87073924206085,-3.433788750595167],[113.88624803570032,-3.418538579837119],[113.89659307457688,-3.411453106148129],[113.90246131518644,-3.407430985252101],[113.90380344998113,-3.4068647049605407],[113.90518134219572,-3.4062894924280647],[113.91713619474999,-3.4012729423906816],[113.92736985818232,-3.3969788223033475],[113.94036815491357,-3.388189937612315],[113.96218651862331,-3.3770510989056883],[113.97852913331948,-3.368708150734371],[113.98246650565214,-3.367245546015329],[113.99293200611889,-3.36336170541059],[114.00573850873053,-3.3626215104617816],[114.01760865180961,-3.3582114445091222],[114.01809467075668,-3.3581445295877486],[114.0201993556699,-3.3578502659565173],[114.02977313007239,-3.3565169884430275],[114.03638144824639,-3.3555984013051012],[114.03874030127687,-3.3531102287860794],[114.04162987089865,-3.3500601978456173],[114.04414921254103,-3.344927795664524],[114.04434992449582,-3.3445220143707957],[114.04928167672836,-3.3184897724078652],[114.05153793228217,-3.3141109510484834],[114.06273919914707,-3.3027580299619683],[114.0633991989036,-3.3020891807008708],[114.07229957624729,-3.296760556376963],[114.08501688874756,-3.29365259209301],[114.08853954862914,-3.2927919517274584],[114.09559830528657,-3.2846987158117193],[114.09688255338425,-3.279695555484848],[114.09808205870317,-3.2750224590220127],[114.10436051605397,-3.279151538530157],[114.1067906935964,-3.2807478920906847],[114.10500702838142,-3.285479005361699],[114.10226918843792,-3.29273844314215],[114.09270880187837,-3.306120202155708],[114.07813208175607,-3.3211384371564834],[114.07730261712497,-3.3235731669729462],[114.07632162945478,-3.326449237881813],[114.07842187685561,-3.3309306467983815],[114.07955002547742,-3.3333385670813116],[114.09205338069754,-3.3505283850883734],[114.09842092450717,-3.3592815883686926],[114.11429090177946,-3.375338841634792],[114.1221477966411,-3.3778091913971773],[114.14109902104059,-3.383762103662416],[114.14409108883682,-3.3839538230343895],[114.1477385685543,-3.384190145551064],[114.16884795076103,-3.3951595521179008],[114.17046662788978,-3.395293314025064],[114.17211205918801,-3.39543152138023],[114.17936697833167,-3.396037967136649],[114.1793715138661,-3.3960379881339535],[114.1824482282411,-3.3950301970960037],[114.18577917954275,-3.3939421821385354],[114.20291103254618,-3.3825893604640043],[114.21066993949172,-3.3800297985824823],[114.21570871043865,-3.3804712958790875],[114.2346999935097,-3.3725073342351757],[114.2378703716444,-3.3711784855771816],[114.24105868462745,-3.3684004653392985],[114.24582102046155,-3.3573285247321882],[114.24751097127917,-3.3555404210003266],[114.25082854496067,-3.3520221712838723],[114.26405867780139,-3.3413694184719724],[114.27030592675719,-3.3397418247172315],[114.27571927649699,-3.3383283318374635],[114.28029875872018,-3.332683050535343],[114.28298315972677,-3.339795310992935],[114.2839820064902,-3.3424395665299254],[114.27509051887323,-3.3505417794475325],[114.26343888157643,-3.356797903840023],[114.26209226823919,-3.368775033647315],[114.26124056576045,-3.37637779807259],[114.25099796464,-3.3913782395178305],[114.2505609923329,-3.393919928720376],[114.25304024649134,-3.400238489169864],[114.25426209196206,-3.403341976372037],[114.2616195740267,-3.4113683830487487],[114.26800053894604,-3.414694868591374],[114.29672167557433,-3.42965065887897],[114.31667166616221,-3.436468648492491],[114.33020051893735,-3.4437815474009574],[114.33501634829796,-3.4456142791524242],[114.35353948255862,-3.452673014950524],[114.3533388217541,-3.4491949417453385],[114.35271453299703,-3.438096226925931],[114.35192086431547,-3.4241793359648516],[114.35174695156392,-3.4174327636658504],[114.35169345388319,-3.4143960796025827],[114.35192086431547,-3.4114753880618256],[114.35226415590314,-3.4093038104214117],[114.35398097225462,-3.40306551276489],[114.35490393717292,-3.4002117255463564],[114.35598757278704,-3.396604300942039],[114.35844453439533,-3.3877931411846047],[114.36130723842786,-3.3774435668738874],[114.36223027761058,-3.373898533167499],[114.36313545243299,-3.3707994808316224],[114.36440185966266,-3.3668487108939016],[114.36582875056996,-3.363080804712278],[114.36845964986071,-3.3551257383725477],[114.37480942664612,-3.3316619648449444],[114.37618278686506,-3.32549500764305],[114.37825184003971,-3.318904438611443],[114.37955392374857,-3.315243527522889],[114.38105211729624,-3.3109538919994277],[114.38373650300024,-3.3027179375040756],[114.38522144388024,-3.2979020772005003],[114.38635849258922,-3.29361686482707],[114.38762482801191,-3.2886360519291884],[114.38925246263867,-3.2836106666565894],[114.39373830678825,-3.269863264866923],[114.39528558833038,-3.2648913364600562],[114.39665897029626,-3.2603653627980913],[114.39768909438915,-3.2568114604519787],[114.39957526097137,-3.2529275925354],[114.40100221034274,-3.2500692846545314],[114.40298645855884,-3.2463816543116724],[114.40780678313753,-3.237548177217178],[114.40951457207531,-3.234680961468585],[114.41106632647944,-3.2321615582955627],[114.41648862599058,-3.224268957624278],[114.41816528210552,-3.2216469943863735],[114.422668937749,-3.214592674294009],[114.4281536345554,-3.2065306740507244],[114.43152025976123,-3.201581031000772],[114.43328161648839,-3.2005064256368057],[114.43524358598728,-3.1953650702426337],[114.44375603989234,-3.1816978970111167],[114.45015929831072,-3.169961542051727],[114.45815889818174,-3.157725767136169],[114.46101273822701,-3.1539444909716248],[114.4632422581718,-3.1506804060202263],[114.46610059410847,-3.1461633131303945],[114.46815622275555,-3.1422170535233134],[114.47021637311342,-3.1388459260949815],[114.47255733704814,-3.1355194493330627],[114.47460858114817,-3.1327771013779784],[114.47666869791418,-3.1296869650349386],[114.47833186702316,-3.1268331502887636],[114.47946901453238,-3.1239569928833846],[114.48027158761413,-3.121442066783119],[114.48072644477566,-3.118182494715804],[114.481011795314,-3.11521714616367],[114.48152910594479,-3.1115428976651964],[114.48262155644417,-3.1038687367614943],[114.48324582546276,-3.0994587218415783],[114.48541294769986,-3.086304360597428],[114.4874730986925,-3.0732481279240313],[114.48986762090409,-3.0576903084682447],[114.49081293513875,-3.0512068000830266],[114.4919589295854,-3.0420834717892253],[114.492208649517,-3.0389754835141414],[114.49283734480186,-3.03416411384106],[114.49460758433847,-3.0208314161366445],[114.49546822786631,-3.0152263099214838],[114.49655175680311,-3.0097282132001477],[114.49763537338924,-3.0005692626095333],[114.50436415292182,-2.985974579216748],[114.5159221631976,-2.966666672807296],[114.52811327289889,-2.9489818765248152],[114.52672647832587,-2.947367668303717],[114.5356536833605,-2.929522377511091],[114.53945279028993,-2.925023114199713],[114.54464765829938,-2.911494231839769],[114.54772001022631,-2.9053050074140687],[114.55711971429004,-2.8877762751107223],[114.57180803029328,-2.8598355732295486],[114.58218440566132,-2.8379592064125263],[114.5911248210639,-2.8209343215086387],[114.5930690513085,-2.820171841121534],[114.60550101500391,-2.8179155103841858],[114.60813185369682,-2.815989195377505],[114.61367012019905,-2.814178799169214],[114.61711252338111,-2.8134564149372685],[114.62302968630318,-2.8122212834022053],[114.62879978643434,-2.8107898757195016],[114.63136377373098,-2.8101522639247483],[114.63694210936603,-2.809563630325582],[114.63942141344246,-2.809296063178705],[114.64821468729274,-2.807610577121032],[114.65146541617558,-2.8069818181382056],[114.65934014800808,-2.8044623977710743],[114.66441468342684,-2.8017824926522827],[114.67197285724514,-2.794982353796012],[114.67618671472181,-2.7899882133378573],[114.67748426620054,-2.7875044962608753],[114.67855894195907,-2.785136695135259],[114.67929024877982,-2.7828848219707307],[114.6796647802303,-2.7789965042075915],[114.67879522162546,-2.7746221490527714],[114.67740843539536,-2.7724951494829457],[114.6761376102543,-2.7709433480364427],[114.67279776636619,-2.766002648610173],[114.67170531630822,-2.763706223848736],[114.66979229784391,-2.7590375497125916],[114.66937318104118,-2.754712253969637],[114.67004199193498,-2.7523355368988094],[114.67196832726135,-2.7484694636824387],[114.67562926085422,-2.7446659027561457],[114.68044953744587,-2.7414374884002894],[114.68546163421912,-2.7395512937939643],[114.68952386221805,-2.7389002526823925],[114.69248912716405,-2.7394620929462894],[114.69764836478586,-2.741343849602077],[114.70326230186402,-2.7433861062528266],[114.70743603153264,-2.7441709229455498],[114.71211810378426,-2.744023755793984],[114.71680464544616,-2.743479733255931],[114.72244981263519,-2.74142410277214],[114.72945956492349,-2.7388467802201446],[114.7365584068813,-2.7347533070075496],[114.74325601282118,-2.7303432603572957],[114.74792467055,-2.728006670671064],[114.7526647352737,-2.7262497936283023],[114.7569409756262,-2.725188516205913],[114.75916159335212,-2.723672428126002],[114.76340668862217,-2.7195254998133267],[114.7642583827315,-2.715333919180149],[114.76730392217112,-2.707878331065785],[114.77171403919321,-2.697800699586886],[114.77341294780152,-2.6954240085266647],[114.77483985452612,-2.6937474308103364],[114.77756431214958,-2.6919503623128267],[114.78104240357548,-2.6901310957292037],[114.78372234317312,-2.6883251666145016],[114.78520273647933,-2.68693391269676],[114.78662081074464,-2.6851904057205402],[114.78774896237054,-2.682996481832008],[114.78930514639995,-2.6784214678626532],[114.78977339506625,-2.676116101044627],[114.79027723718963,-2.6734495479412277],[114.7907722027378,-2.6707919578355974],[114.7910441844288,-2.6679158483056304],[114.7914053772425,-2.660638567682583],[114.7920073946413,-2.645103079691117],[114.79169520069979,-2.6389896410122122],[114.79164167394777,-2.6297593404803243],[114.79167735845002,-2.625777355564445],[114.79175769385184,-2.616573716316696],[114.79215447982668,-2.6080568794881094],[114.79508412510454,-2.5982468148454574],[114.79760800055621,-2.592383089668291],[114.79851322944657,-2.590523650396323],[114.79976623631671,-2.588445752177412],[114.80476481574739,-2.5836789801830333],[114.80754736883867,-2.581819509536832],[114.80938005265999,-2.58059326071951],[114.81404866224838,-2.578145191576471],[114.81587243716943,-2.5772712005778846],[114.82009077492845,-2.5749346807723015],[114.82817954714969,-2.5692448234482783],[114.83352601512243,-2.5653253186942764],[114.83738761446217,-2.560402481068681],[114.83931839820876,-2.5579098313361532],[114.8409058692188,-2.5556446029878925],[114.8423684552314,-2.553156417189669],[114.84355900352861,-2.551078475236414],[114.84503054352605,-2.5480061370532776],[114.84621220830797,-2.5455134932846235],[114.8480314698403,-2.542503613766305],[114.84990876758232,-2.5398415455621963],[114.85160766309549,-2.5374737568093724],[114.85529538164619,-2.5327604832648416],[114.85756509673031,-2.5301563951871495],[114.85983923411254,-2.527494249487303],[114.86210439204586,-2.5246939888472792],[114.86465504276516,-2.52146112380211],[114.86546212314934,-2.5204399718241137],[114.8680127492682,-2.514946358128025],[114.86908739684878,-2.5116466161341697],[114.8694173604378,-2.509394798937538],[114.86931476751131,-2.5069690656027],[114.8688198218643,-2.5047662603111562],[114.86766938291053,-2.501787537562397],[114.86570742523124,-2.4967219965352143],[114.86350902705892,-2.4907334510970753],[114.86240321250094,-2.486760426403573],[114.8626573907894,-2.480593485132931],[114.86316121923907,-2.4783416085576615],[114.8641199763249,-2.4755680625354652],[114.86890457660247,-2.470056572372334],[114.87600787379981,-2.4625162610930094],[114.8789687830904,-2.4600280580492426],[114.88124287102276,-2.458110647180343],[114.88312460751278,-2.4572946836707814],[114.88877881006955,-2.456340415292493],[114.89180208544434,-2.456273537748162],[114.89535591678067,-2.4564875641368515],[114.90032334200342,-2.4561040742990157],[114.90636549894097,-2.4539993831708276],[114.90904094885524,-2.4525992144187927],[114.91189030273502,-2.4509672116541394],[114.91490911987533,-2.4487643952312066],[114.91712973476854,-2.4470788760258984],[114.92482169510318,-2.441219613741008],[114.9389659940344,-2.4311152710608326],[114.94188670827636,-2.4290284120921837],[114.9453291210277,-2.426575908704362],[114.96593461450192,-2.411646832722809],[114.9694750912428,-2.4091586522552584],[114.98205425068124,-2.4003697584558306],[115.00000215758138,-2.387491911121968],[115.0043051275708,-2.384401756649575],[115.02141028496449,-2.3723933732248805],[115.03594250090251,-2.361896637416707],[115.03991557036125,-2.359025002240871],[115.06783847481765,-2.3391998105620857],[115.08915741245379,-2.3231916284813354],[115.09672451526501,-2.3177203377222417],[115.12197192022596,-2.2996832938234393],[115.12529845547148,-2.297333310546961],[115.13824315976001,-2.287933538706563],[115.14930621661482,-2.2797733875627455],[115.16552839251872,-2.267662452959137],[115.1795255725597,-2.2580887844099484],[115.18491209849034,-2.2544055480335303],[115.18930878484188,-2.2513109654453256],[115.20547301593585,-2.239940263732909],[115.21255406497976,-2.2345268812289834],[115.2154747783157,-2.2322883848168042],[115.22482107757389,-2.2251359940102056],[115.2278666806493,-2.2228083838915387],[115.24735291813512,-2.208169170493412],[115.25076858265469,-2.2059797081942185],[115.2528821787254,-2.2059619020846934],[115.25591882560235,-2.208895994701402],[115.25903132396114,-2.213261448752365],[115.26168896082558,-2.218384967213572],[115.26290177989125,-2.2210871848811533],[115.26628182101831,-2.2226835028908596],[115.26803427640009,-2.220534252523642],[115.26992048143191,-2.2195442954901794],[115.27295705205451,-2.2198832174191048],[115.28566101817223,-2.2245920245132003],[115.28972774322385,-2.225911929259571],[115.29205539894595,-2.2225586512681126],[115.29376773710959,-2.210318431433102],[115.29408434002244,-2.20395975864012],[115.29452573874124,-2.2009052914301463],[115.29497608957804,-2.197904310022419],[115.29569845817825,-2.1944975366690596],[115.29725026080189,-2.181387767590254],[115.29734837859502,-2.1789530823787158],[115.29767384006438,-2.1752119146072975],[115.2981197551776,-2.1730136064518546],[115.29952441520686,-2.170413905952886],[115.30187433296426,-2.1692188630904266],[115.3038943471805,-2.1682200497092543],[115.30623536949827,-2.1655579672010385],[115.30395674332527,-2.162253773919202],[115.3039389287751,-2.1585526987082932],[115.30301591663088,-2.155043386314754],[115.30226227655896,-2.1526845713041194],[115.30059013669737,-2.1493981934325626],[115.29994799133564,-2.146062782399733],[115.30039390314944,-2.1433382934992995],[115.30929427960726,-2.129283193688362],[115.31390496802202,-2.123557688340433],[115.32163260743805,-2.1138725575744677],[115.32413417622438,-2.1107466806570527],[115.32526238472673,-2.1082005349092245],[115.32605159470326,-2.104673399189296],[115.32580636835719,-2.1023769779221917],[115.32351884555325,-2.1011729895739877],[115.32122687483132,-2.100147419351041],[115.32070069661884,-2.097494231538721],[115.32263142893808,-2.094885649637317],[115.32495910619795,-2.091015206013605],[115.32504826324455,-2.085472547221532],[115.32478965348388,-2.0803401216152886],[115.32449984753015,-2.078141761554545],[115.32201166447007,-2.0725054408312364],[115.32074527576704,-2.0704319927597488],[115.31907757716073,-2.067787715614797],[115.31757932626367,-2.0658881423598867],[115.31614789254385,-2.063814641331935],[115.31395850035817,-2.059667720222481],[115.31279914339628,-2.0574782724598317],[115.3087101166736,-2.0501742754454555],[115.30554422358234,-2.0446538951996547],[115.30398351036321,-2.0423574622762692],[115.30214634568058,-2.0397131876724743],[115.29914985188417,-2.0347101084339534],[115.29782106175509,-2.031660064717452],[115.29591250973989,-2.0264117304285394],[115.29535065798483,-2.02329034469841],[115.2934645178478,-2.0162717209513983],[115.29168082652923,-2.0130566803284604],[115.28938436752586,-2.0111036545607495],[115.28640574590044,-2.0095607838322094],[115.28262439146934,-2.0072108180363997],[115.28027450771674,-2.0049188662723965],[115.27917308399012,-2.002622385284574],[115.27873166329618,-1.999946957374205],[115.27980622902284,-1.9967364294577636],[115.28098343581385,-1.9946316828711046],[115.2828161145702,-1.992263947921788],[115.28748932831556,-1.9864313942122869],[115.2901157021378,-1.9832610195280398],[115.2943028238763,-1.9786547439989073],[115.29765159402884,-1.9753862397964328],[115.30273495215991,-1.971297254886995],[115.30758645895966,-1.9679573363521239],[115.31580906767543,-1.961683434062895],[115.31907757716073,-1.959547516806478],[115.32764348143812,-1.9536614625883317],[115.3306266755991,-1.951561230188588],[115.33581699490254,-1.9484309491002025],[115.33901865133903,-1.946941641461821],[115.34175652052787,-1.9455548272511813],[115.34562701893523,-1.9416531121306149],[115.34780759407045,-1.9387547260112579],[115.34939502699748,-1.9360970954011354],[115.35048751815782,-1.934210897064569],[115.3517315409954,-1.9293816607713923],[115.35206598597635,-1.9262737072018927],[115.35190549944734,-1.9210610215438162],[115.35127223233677,-1.910238750518563],[115.35102702632695,-1.9066135387399277],[115.34976066794327,-1.9009816559703487],[115.34871717959712,-1.8964913647660704],[115.34732594663392,-1.8913232574205274],[115.3450161621386,-1.8852811769449245],[115.34311658494875,-1.8818877910317573],[115.33673113730325,-1.8719395518226474],[115.33529527244005,-1.87021833227192],[115.33345820548382,-1.8681448528548017],[115.33104134740356,-1.8652865316131013],[115.32839262832744,-1.8610236725103093],[115.32597129937271,-1.8538400662456922],[115.3178468942114,-1.8360215105763367],[115.31623262130873,-1.8326281151201458],[115.31427960375241,-1.8291277319548473],[115.31312467890412,-1.8266038651184797],[115.31196531878517,-1.8235538057463774],[115.31109577320919,-1.8195272436101497],[115.31085053486757,-1.8156121897814967],[115.3107836187668,-1.8122856996563945],[115.31115816788866,-1.8073985004262603],[115.31179142795283,-1.802502411336159],[115.3123532496154,-1.7997422313879987],[115.31547458286964,-1.7904807106529046],[115.31831502452542,-1.7846169647241774],[115.31922026733943,-1.7824810267688993],[115.3201387998611,-1.7800686946559152],[115.32070069661884,-1.7780531528797086],[115.32211420510356,-1.7717257034630944],[115.32267609822814,-1.7690234707584407],[115.32341630539142,-1.7662588763401874],[115.32540950273577,-1.762174332269801],[115.32676502863802,-1.759525609252103],[115.3279645704509,-1.7573406685165955],[115.32932903674553,-1.754464514385467],[115.33046608732613,-1.7510667173142116],[115.33108592504107,-1.7488237348533213],[115.33193317017707,-1.745434874408443],[115.33352059559527,-1.7389379454808456],[115.33566988191744,-1.7301312310825485],[115.33696749375409,-1.7245528860694603],[115.33814918283468,-1.7200625568798529],[115.3413329119309,-1.7089906246165925],[115.3442224804684,-1.701423488254572],[115.34523913043684,-1.6970580768284693],[115.34659465843168,-1.6922778960366855],[115.34812857138185,-1.6880194513973084],[115.3495465637041,-1.6836540158292692],[115.35344833656497,-1.6689300755161396],[115.35537913225924,-1.6611533568564596],[115.35751497306235,-1.649590930470864],[115.35835328397165,-1.643789619015501],[115.35834442349316,-1.641256859970325],[115.35853618950522,-1.6314825452346793],[115.35983822416816,-1.6254984245175434],[115.36147911800236,-1.6205532862104555],[115.36505977798376,-1.6105380910638956],[115.36807415736139,-1.6023690544780065],[115.3690863875394,-1.599604395355554],[115.37152102408004,-1.590637174157602],[115.37224791238484,-1.5852862506766112],[115.37342060373919,-1.5750481620251133],[115.37413853703882,-1.5674007985079021],[115.37599795915237,-1.557158198707726],[115.37750071316694,-1.5473838824089148],[115.37800455266935,-1.5421399846644464],[115.37919512215207,-1.5378369314010234],[115.38049272812984,-1.533516050264933],[115.38197321982807,-1.5292085686694823],[115.38350713389173,-1.5252310273490812],[115.38537544818347,-1.5202770078133594],[115.38690048523759,-1.5123486859434638],[115.38740439938896,-1.5094726173136177],[115.38880900815835,-1.500723869410686],[115.38888476662173,-1.5004562627157179],[115.39038754660302,-1.4947932518368472],[115.39140422185407,-1.4907711283865221],[115.3926527767944,-1.4856565665961912],[115.39326362753438,-1.4805820563593481],[115.39551545651341,-1.4695458255597809],[115.39641621952659,-1.4652873766304337],[115.39766475358253,-1.4606320431494146],[115.39845404572247,-1.455731477962934],[115.39917643921277,-1.45062581862019],[115.39996120733916,-1.4456138252610047],[115.40086195697481,-1.4414757348818212],[115.40227545223978,-1.4361694483137872],[115.4026723072814,-1.4346845838170132],[115.40387181878233,-1.431407119071759],[115.40529424931093,-1.4298509024377704],[115.40792068823923,-1.4287628657774356],[115.41003427952356,-1.4287004136600623],[115.41370412400381,-1.4292667201868394],[115.41703955102582,-1.4309255065262232],[115.42110623015047,-1.4323078507114142],[115.42534685997646,-1.4324237567895588],[115.42963208272604,-1.4325842901595658],[115.43209795375193,-1.432927682467302],[115.43512566823854,-1.4333869395064611],[115.43753807361807,-1.4332085586730694],[115.44388784210484,-1.432619979383447],[115.44629122782436,-1.4323791804571866],[115.44932340681787,-1.4319154275768142],[115.4546966874005,-1.43013179298475],[115.45716253028122,-1.4289144520113901],[115.46012789549475,-1.4274831100281002],[115.46326260538324,-1.4260918939483762],[115.47075836994954,-1.4230953278927527],[115.47453971069149,-1.4222213741084804],[115.47714827327027,-1.4218914067994668],[115.48042125759056,-1.421650567119015],[115.48489365947282,-1.4215747948860333],[115.48850112005708,-1.4216371884484664],[115.49244743232035,-1.422265968204082],[115.49667908288211,-1.4240094419211695],[115.4985429778406,-1.4247808742669903],[115.50034893384122,-1.4258689145677266],[115.50348818361077,-1.4272021592314181],[115.50776892422435,-1.4281475048723082],[115.51119347137535,-1.4288565045522676],[115.51495251064983,-1.428709349242063],[115.51779737648828,-1.4284596211581553],[115.5205932374151,-1.4280404820756367],[115.52786162675223,-1.425980408831171],[115.53161620302734,-1.42469169983797],[115.53501842094873,-1.4230596846636931],[115.53910740883317,-1.4206250251969423],[115.54256321037143,-1.4185292032293642],[115.54981821676911,-1.413494890298322],[115.55293063746038,-1.4114571008644756],[115.55577115388444,-1.4095976546908235],[115.55820578246366,-1.408143981249694],[115.56109530725585,-1.4065208953787232],[115.5729074426207,-1.4008176512036425],[115.57518156089249,-1.3998233142807648],[115.57824049294318,-1.398543504510112],[115.58455014833844,-1.3963184274944485],[115.58813522444639,-1.3952036649029391],[115.5918274000796,-1.3939595943689114],[115.60057617185359,-1.3909719776711962],[115.60450017184849,-1.389513859128093],[115.60751452441228,-1.3882876023479522],[115.61187555872473,-1.3859599381406227],[115.6160180094395,-1.3832889502230499],[115.61975923434518,-1.3808008039337671],[115.62344241723468,-1.3780673638472953],[115.63601712494454,-1.3693765240406537],[115.63805932161522,-1.3681012471410503],[115.64055647381588,-1.36659852970522],[115.64578248297371,-1.364658829555178],[115.64857392944633,-1.364239681537777],[115.65102194329947,-1.3642173632394152],[115.65547217420747,-1.3646900195631415],[115.6579915709819,-1.3653098492283102],[115.66021659479189,-1.3658672398479101],[115.66688740554015,-1.3671871192009495],[115.67276897430729,-1.3677177618214236],[115.6768134405643,-1.3675706273905204],[115.6805724602583,-1.3669062411211013],[115.68346190914647,-1.366036688943312],[115.68641833866502,-1.3647480099549865],[115.69209476505978,-1.3616623002434898],[115.69531868521752,-1.359802867171609],[115.6999740180282,-1.3565566387551695],[115.70239972702416,-1.3544162935273472],[115.70738057723973,-1.3498546181648379],[115.71517062932598,-1.341422458526341],[115.71963419249013,-1.3360581263027278],[115.72155152491032,-1.333752773290485],[115.72346450966937,-1.3314429563170422],[115.72516789923293,-1.3294809763791453],[115.72719680089826,-1.3274030219582675],[115.73081310114893,-1.3242727336223592],[115.73257450543144,-1.3229439269041174],[115.73478619995309,-1.3214367725975142],[115.73687751440202,-1.320103483894256],[115.73989188308964,-1.3182975223574658],[115.745385454233,-1.314534062999557],[115.74883231103829,-1.3111228439069587],[115.75317993877825,-1.306904554052021],[115.75696572802714,-1.3039303388995458],[115.7566892669645,-1.301228128862708],[115.75602041422451,-1.2959574799438602],[115.75509739837013,-1.289491764901344],[115.7547852714985,-1.2861162009414668],[115.75462916278495,-1.2829591973290055],[115.7552356297405,-1.2799180467462228],[115.75634590229696,-1.2768100845303854],[115.75769254300853,-1.2739964008284659],[115.75885643611942,-1.2716330825774276],[115.7601941260933,-1.2685785498474162],[115.76120190359296,-1.2660547458557019],[115.76179499363123,-1.2630047160552174],[115.76244153163255,-1.259214469393421],[115.7632619582553,-1.255598142724589],[115.76507687367402,-1.248704370821451],[115.76854605336143,-1.2368654429870423],[115.76954486196706,-1.233538983101858],[115.77049464312933,-1.2312291361643266],[115.77160494394802,-1.2290442195513152],[115.77272869233512,-1.2272605613682646],[115.77486458695617,-1.2243041885708756],[115.78364452861061,-1.2130493923900665],[115.78550841962101,-1.211024978544509],[115.79667849746086,-1.1998058653775028],[115.80301045935704,-1.1945842782665814],[115.80921751949705,-1.1894830224865018],[115.81221845015575,-1.1868254067926556],[115.81861278373583,-1.182000654677393],[115.82522567780431,-1.1779830480399773],[115.82964907708782,-1.175423486897705],[115.83378717548177,-1.1733277000482256],[115.8372518643071,-1.171570854205307],[115.84121158285674,-1.169073718129022],[115.84381122769321,-1.1668664553367394],[115.8456662188974,-1.1646681315168634],[115.84667394885734,-1.1627685866127546],[115.84722244479775,-1.160815480005389],[115.84696376641787,-1.1572615661528232],[115.84562605403318,-1.1545816825859114],[115.84297290320472,-1.151165970639907],[115.84101978110563,-1.1492931583523194],[115.83953049225296,-1.147875154796946],[115.83458536215359,-1.1442588395236055],[115.83053645611103,-1.1431529654743746],[115.8273839049673,-1.140776286220541],[115.82577412730092,-1.1392378592658563],[115.82357580933319,-1.1366248782732928],[115.81639662455285,-1.1299228395811673],[115.8139887164057,-1.1278894820601557],[115.80905250525716,-1.1236310197850048],[115.80709940783603,-1.1215887517381016],[115.80536033042904,-1.119252234159812],[115.80184215121902,-1.114525561274986],[115.79960816086259,-1.1123717827218569],[115.7965224127578,-1.112108695036542],[115.79244233215887,-1.1132324436341934],[115.78677483987141,-1.1163181404569649],[115.78302918718533,-1.1184183234300547],[115.77951098918169,-1.1206255899941375],[115.77679534616729,-1.1225429972874033],[115.77442310871541,-1.1246209421865807],[115.77133301185138,-1.1289998253422706],[115.76857729157805,-1.1330977275504117],[115.76660187361684,-1.1353495587280797],[115.76051960919852,-1.1374140916528657],[115.75742953552457,-1.136120955061661],[115.75536492250707,-1.13442205367695],[115.75352330741747,-1.1323263069428762],[115.75138742650425,-1.129410058294089],[115.74912223328533,-1.124897399020158],[115.74795387455356,-1.1214728530261189],[115.74717800576059,-1.1171832050129866],[115.74663400241742,-1.1135757664538426],[115.74571989378902,-1.1071546808384143],[115.74541669509432,-1.1044702827070616],[115.74520712843912,-1.101139320392029],[115.74507331629894,-1.0987359049668566],[115.74504658997972,-1.096564290476626],[115.744279561567,-1.0930728444876467],[115.74335659646073,-1.0911910678410246],[115.74082822320914,-1.0890328703848484],[115.73740365883823,-1.0877932746493915],[115.73397020286433,-1.0875391005402828],[115.7317495624802,-1.0873339365667158],[115.72809751684173,-1.08644658803844],[115.72392376851504,-1.0839584342742818],[115.72139106294708,-1.081109073524828],[115.71659747839041,-1.075142793378352],[115.71418959295033,-1.0724138121533304],[115.71050191615201,-1.0683069559859362],[115.70590013009843,-1.0639370598400462],[115.70177544379511,-1.06030290277212],[115.69959048657796,-1.0585504724538228],[115.69609009416212,-1.0560533816714468],[115.69260311362027,-1.0549430667697894],[115.69055192283992,-1.0549609018689432],[115.68663237514029,-1.0553934454676588],[115.68287777218087,-1.056806954070346],[115.68010870426274,-1.0589428466306143],[115.67527051367738,-1.059794543304302],[115.67309456043542,-1.0579752025861522],[115.6717077686193,-1.055924025675899],[115.6697992139113,-1.0523344564651134],[115.66880040564267,-1.0501093589114272],[115.66577713513739,-1.0428455078092682],[115.66478725396111,-1.0402146114478008],[115.66402469986005,-1.0376997113190387],[115.66290990217635,-1.033989710601563],[115.66196462829676,-1.0318493824339874],[115.66063576616448,-1.0294236405969106],[115.65843748035587,-1.0257091460525263],[115.65738507167693,-1.0225075663856336],[115.65689905840497,-1.0162737075131407],[115.65709080839902,-1.014222524388398],[115.65801388001545,-1.0114266606162112],[115.65949873639244,-1.0088136341487262],[115.66061345733974,-1.0066687861767731],[115.66052431234212,-1.0036856662096179],[115.65933814829029,-1.000354738203526],[115.65526705562009,-0.9956191527538373],[115.6534209815827,-0.9937374127627597],[115.65158826305971,-0.9920340266244279],[115.64891724699515,-0.9896172074151164],[115.64735212744137,-0.9883552671165925],[115.64041818531116,-0.983031106375461],[115.63825108446794,-0.9814392540959103],[115.63378757376837,-0.9784471567856726],[115.63098721878002,-0.9767482412068121],[115.6288691845819,-0.9755621525047153],[115.62395522623288,-0.972850987911895],[115.61823866761333,-0.9697474462603876],[115.61177745516059,-0.966184660935382],[115.60915547577895,-0.9644857059852016],[115.60382679825886,-0.9609229209199879],[115.60108007874639,-0.9588895765829749],[115.59862304992744,-0.9571906376831565],[115.59171149238396,-0.9539711549659341],[115.58964691818025,-0.9527315090133524],[115.58759127292635,-0.9513759370791085],[115.58512979124525,-0.9496770264644918],[115.58238298173066,-0.9475233233839931],[115.57940883770091,-0.9449637568689715],[115.56582639970381,-0.9331114805531614],[115.56347640344836,-0.9305073596751825],[115.56066722465096,-0.9272656073187892],[115.55785350077306,-0.9236314529558315],[115.55554816378884,-0.919760959885118],[115.55341222072383,-0.9160643422753277],[115.55190955178041,-0.9131614526485592],[115.54862761456839,-0.9077615244564227],[115.54564444639023,-0.9032132146852163],[115.54367802869479,-0.9000829354822257],[115.54229566417537,-0.8971800339353247],[115.54108280304563,-0.8950084580432318],[115.53981644516992,-0.8929037788216547],[115.53700278861751,-0.8882974918793828],[115.5354465416781,-0.8859118743256585],[115.5336005036962,-0.8830714459374488],[115.53118807662547,-0.8802310276083432],[115.528900598632,-0.8783091059507108],[115.52236797160914,-0.87319899257795],[115.5199109920013,-0.8710452830384103],[115.51790445827719,-0.8691724366864398],[115.5132045697616,-0.8646330771274272],[115.51108647747893,-0.8624213749379048],[115.50929839037794,-0.8604950208567665],[115.506979653287,-0.8577794224853312],[115.50517364801938,-0.855728266870431],[115.50357728727606,-0.8543637812346292],[115.50201218556364,-0.8530617018716166],[115.49951951848799,-0.8513048355077113],[115.49765562976953,-0.8499938446274692],[115.49513183768869,-0.8483306039324225],[115.49226460917473,-0.8467297648768133],[115.48835842029189,-0.8448302224358908],[115.48485353314862,-0.8436307118146715],[115.48215583860292,-0.8428146983251982],[115.47516837793067,-0.8415705769864043],[115.4725286172014,-0.8412183230213958],[115.46948302975076,-0.8408838861016693],[115.46518003754201,-0.8405405243412603],[115.45990935120312,-0.8401971818376561],[115.44791438340278,-0.8387702890045446],[115.43987905251373,-0.8369911274737213],[115.43506772832728,-0.8359164687864163],[115.43104562229585,-0.8346590145917874],[115.42748274485969,-0.8334460934612887],[115.41893911326805,-0.8311541706083693],[115.41330728362483,-0.8301330314785924],[115.40268568643994,-0.8274397071541866],[115.39753095972526,-0.8252592100312197],[115.39253236031102,-0.8222760474661703],[115.3905881517472,-0.8202026148880188],[115.38885357728051,-0.8177902203744914],[115.38217826048266,-0.8064952831977736],[115.38068448006076,-0.8036726724943026],[115.37969904922392,-0.8016126233696892],[115.37664898471888,-0.7930020604976716],[115.37474056541923,-0.7841552089873636],[115.37346074512485,-0.7715226037298355],[115.37091012915793,-0.7625686936016708],[115.36918005211088,-0.7576949037046765],[115.36808753806115,-0.754065211664247],[115.36704854304244,-0.7494723344215838],[115.36675425690807,-0.7460789431531755],[115.36662939993916,-0.7417134593887401],[115.3665714467594,-0.7378118033419332],[115.36693706694605,-0.7252326650770188],[115.36733396867498,-0.722303022518258],[115.36849781895846,-0.7031824108406106],[115.36843977572748,-0.6994545975547721],[115.367614873524,-0.6903758942839515],[115.36633954351828,-0.6796383477476328],[115.3625716559626,-0.66127130940431],[115.36037328546466,-0.6529952157605838],[115.3579386494658,-0.6405988915786162],[115.35643145819598,-0.6326661833762233],[115.35577595875094,-0.627203785447739],[115.35532560720617,-0.6234313692000643],[115.35537913225922,-0.6210680331878866],[115.35588743896362,-0.618084886600085],[115.35702448053976,-0.6116459704247323],[115.35735448942128,-0.6052159543782799],[115.35548609192303,-0.589894502031554],[115.35467453565977,-0.5862781245206866],[115.35386749794067,-0.5831656755644135],[115.35157105428927,-0.5798347762258106],[115.34852549778454,-0.5774758929594009],[115.34162722276899,-0.5733646119318829],[115.33801979312243,-0.5709566852418754],[115.3352061183908,-0.5689411924505574],[115.32871371655146,-0.5629213754319786],[115.3261808990763,-0.5601611936943464],[115.3240584015518,-0.5574009830535133],[115.3225646058381,-0.5540210331827846],[115.32122687483132,-0.550337767868155],[115.31937190949056,-0.5403003333634633],[115.31930499525306,-0.535823393547349],[115.31860935758938,-0.5312305438616506],[115.31757480500534,-0.5271504734687069],[115.31624600429183,-0.523766028242082],[115.31411014511774,-0.5205465187548127],[115.31095307924225,-0.5152669540911633],[115.30957080712163,-0.5122213911076922],[115.30755526125796,-0.5086005810777307],[115.30531236426087,-0.5049307867245354],[115.3016648070474,-0.5006143399995465],[115.29962253227416,-0.49857206659674697],[115.29698276531374,-0.4960972799055972],[115.29163181194944,-0.49133050682879165],[115.27003633398462,-0.4706313413288429],[115.26462748392105,-0.4641300199960984],[115.26244251906051,-0.4611557561004894],[115.2595753341748,-0.4581146503988685],[115.25710498653855,-0.4559252492401009],[115.25428686335226,-0.45410150340330485],[115.25135719649855,-0.4526166083208881],[115.24648337161129,-0.45152408779309666],[115.24470420348953,-0.4481441391087121],[115.2447577478158,-0.4457272810784166],[115.24571195681834,-0.44193702286904457],[115.24726817046846,-0.4406706923824635],[115.25070174398098,-0.43871758916742004],[115.2534485393578,-0.43705429865337525],[115.2568820447026,-0.4341113521551405],[115.258193012758,-0.43193080749749857],[115.25893319400407,-0.4292286326630215],[115.2593300548747,-0.4268742041054157],[115.25955299495452,-0.4238910388769652],[115.25966451015553,-0.42044414739709207],[115.25949954361528,-0.4167119152888047],[115.25933900865783,-0.41304652192686364],[115.2595753341748,-0.4066611127151481],[115.25979827407859,-0.40194782869015594],[115.2600791871738,-0.39741740705957407],[115.26012377509502,-0.39316788525910135],[115.2598874499953,-0.39029176516330943],[115.2593166694206,-0.38783032502733766],[115.25821082994702,-0.38569887677270326],[115.25660112871738,-0.3839241109314597],[115.25430911250723,-0.38248831298496805],[115.25023794288394,-0.3823812999203435],[115.24800837769857,-0.3829565253993974],[115.24600183679497,-0.38324637629317776],[115.24346906357437,-0.38313042431393596],[115.23939341087687,-0.3815296301050023],[115.23807349978757,-0.37922427532774017],[115.23744036016588,-0.3772800783713734],[115.2372040178612,-0.37492122600418015],[115.23754736085202,-0.3721610504892102],[115.23811365888605,-0.3694097924156068],[115.23833661414734,-0.3663641698380647],[115.23832775020897,-0.36292623219805353],[115.2380914085754,-0.3595907954564668],[115.23774806618226,-0.35638027975737335],[115.23731997304411,-0.3542844848569431],[115.23571911839775,-0.34890678881790854],[115.23484962992337,-0.34569623779035785],[115.2339265928582,-0.3406396712217144],[115.23253086157602,-0.3339331284467713],[115.23045294616706,-0.3244531108291707],[115.22853104530141,-0.3140634327080466],[115.22713538042147,-0.30601917074913604],[115.22690798504925,-0.30332585782172855],[115.22730036407278,-0.30034277919932584],[115.22792013740793,-0.2972391992857901],[115.23055099463375,-0.2944255297064783],[115.23471133282368,-0.2945592792659675],[115.23669569588093,-0.2951568285538188],[115.23858634194083,-0.2958435131526889],[115.24122615420822,-0.29710100441219384],[115.24472654377543,-0.29877312590195393],[115.24770520407982,-0.29865273997661007],[115.2495334667685,-0.2978411939787011],[115.25222672941854,-0.2937076155604976],[115.25285549770564,-0.2910009350055347],[115.25347078857273,-0.28583729291636367],[115.2536982550486,-0.28325099851613283],[115.25369373285388,-0.28067367722700653],[115.25362246305643,-0.27791346059077904],[115.25309625990963,-0.2746940027951821],[115.25199935231157,-0.26889717887675557],[115.25119222555185,-0.26602104907862223],[115.25021569343798,-0.2633901776625],[115.2482447118215,-0.25627345897045006],[115.24795492437612,-0.2541999784790773],[115.24714778713715,-0.2509894300296288],[115.24587249880437,-0.24892038698379557],[115.24369201501182,-0.24691379383184214],[115.24156949277825,-0.2459372619985402],[115.23835895488891,-0.24439888173567695],[115.23800665839381,-0.24099657943317745],[115.23886284220221,-0.23773250725938658],[115.23983045551807,-0.23560551389266376],[115.24228737307297,-0.23243957774943094],[115.24503415216465,-0.23008070448014042],[115.24663504949763,-0.22790910636218994],[115.24754466303757,-0.22542984028472363],[115.24794153843267,-0.22175108631674573],[115.24884671633977,-0.21917371008551212],[115.25050547878047,-0.21618612297036874],[115.25753748420007,-0.205783074087499],[115.25913831723385,-0.20371402926900645],[115.26079711523697,-0.2016940556772298],[115.2626253914144,-0.19962505096219474],[115.26703093653755,-0.1938237445254977],[115.26868526081125,-0.1896901621464638],[115.26918909901593,-0.18544955743564007],[115.2687208939835,-0.1822211421760387],[115.26727168775435,-0.17338324021048335],[115.26634865634101,-0.16873683376951998],[115.26512246554441,-0.16258774095764916],[115.26482364976393,-0.15810189342134678],[115.26516705274123,-0.15598379982027846],[115.2659072173599,-0.15305415404404726],[115.26761508802068,-0.14971429661058674],[115.26962167027631,-0.1474803304177996],[115.27140087663734,-0.1458170892140501],[115.27323352175685,-0.1442608338693305],[115.27614534679728,-0.1427045881117583],[115.28004262936375,-0.1419644241077184],[115.28388189388218,-0.1412108249735555],[115.28715490310248,-0.13971702888943874],[115.28920603266945,-0.13695238762184914],[115.29205983014755,-0.13230151349795188],[115.29308994714538,-0.12965726788066007],[115.29451687640892,-0.12753477659083745],[115.29600619681506,-0.12603203729165302],[115.29840967652052,-0.12442226655663419],[115.30287321890464,-0.12241124186082934],[115.30871463806281,-0.117466102306901],[115.31266088112727,-0.11320316746810415],[115.31443115792679,-0.1102824753207884],[115.31636645111362,-0.10579662836618373],[115.31779336255555,-0.1020063656547042],[115.31910877368838,-0.09810021571013791],[115.31973306527088,-0.09573687631754844],[115.3200140141519,-0.09356531809061308],[115.31948783385111,-0.09062678860718681],[115.31804754741228,-0.08592690627688876],[115.31603196691718,-0.08075875335953663],[115.31470315950263,-0.0774322671229659],[115.31222393939328,-0.07283944352055902],[115.30791643097845,-0.06681520225289521],[115.3054416773986,-0.06372058110330642],[115.30417522016126,-0.06187000616462713],[115.30278848644649,-0.05831609618659572],[115.30243617279442,-0.05589929815995262],[115.30231581092794,-0.05308558761279995],[115.30212409996884,-0.04521971577299238],[115.30240497456911,-0.04216971834309834],[115.30251204324803,-0.03913306737635668],[115.30256548714388,-0.03666275489405309],[115.3015309708237,-0.03413890764420774],[115.29934608622654,-0.032872467154882005],[115.29688907853603,-0.03356812635731001],[115.29517232658391,-0.03494596401554526],[115.2926484559351,-0.03771509686789919],[115.2904724611275,-0.03977517742371766],[115.28778803176195,-0.042200952677631576],[115.28492533212402,-0.04426106912976008],[115.28177719098308,-0.045937641312346594],[115.27903037521766,-0.046967743069485236],[115.27243088168684,-0.04835450700996454],[115.27037077772276,-0.04859977290020589],[115.26785140723503,-0.048653228490814326],[115.26550150173317,-0.04865326826962208],[115.26217056180477,-0.048653250014233825],[115.2589019913845,-0.04924183251145425],[115.25546850834408,-0.051079003250501256],[115.24888687405172,-0.05429846499635097],[115.24595724685041,-0.0549985822880461],[115.24292059331559,-0.056545840628609935],[115.24041013568089,-0.059025142736271984],[115.23823404570207,-0.06207067592308137],[115.23635235195462,-0.0646569578727025],[115.23400682166563,-0.06764453613884498],[115.23155436154153,-0.07028436272092074],[115.22954771496184,-0.07184057682403946],[115.22741632292484,-0.07287061945390476],[115.22524466519646,-0.07339681420777015],[115.222894800444,-0.07368661659036445],[115.22049127917208,-0.07385165163026247],[115.21516270859462,-0.07472114479190467],[115.21315161533863,-0.07530083160436155],[115.20953979237127,-0.07679015083207269],[115.20512972832209,-0.07674557801116144],[115.19996607670572,-0.0758359635450492],[115.19595291045371,-0.07612576980457941],[115.19377678403296,-0.07698637048685615],[115.19200211182137,-0.07819927049286257],[115.19069113847709,-0.07986249007033074],[115.1892641868524,-0.08198951548698065],[115.18782836343783,-0.08440186226880035],[115.18548735664939,-0.08681869249138437],[115.18291447273279,-0.08836600536758699],[115.17992244330837,-0.08980182444027278],[115.1773539471121,-0.09108161305154615],[115.1750039973544,-0.0928607865044009],[115.17260942990147,-0.09550503667407091],[115.17020597857595,-0.09733771149253677],[115.16785606649866,-0.09855057054900547],[115.165617595154,-0.09935767335489032],[115.16338363158445,-0.09976344622968779],[115.15971379249669,-0.10022718684376904],[115.15685101007776,-0.10178343558186623],[115.15496928415054,-0.1039104475304116],[115.15382327063222,-0.10706749510227558],[115.15360477939117,-0.11131700166517076],[115.15154914496908,-0.1155576024662436],[115.14892722160295,-0.11814386947336646],[115.14726837804999,-0.1213098547605381],[115.14710344320389,-0.12412352625260932],[115.14791047411622,-0.12843105138947353],[115.14906094202357,-0.13112434485555732],[115.14930178339812,-0.13360356801789905],[115.14827617063848,-0.13709509287940388],[115.14587271715013,-0.1383614567560582],[115.14024975083775,-0.13963677150251347],[115.13755643913045,-0.14021644196387575],[115.13274510116085,-0.14073365695682838],[115.13062255957749,-0.1402833207522949],[115.12861599891765,-0.1382098282270006],[115.12665394201575,-0.1374161420806824],[115.12477222005698,-0.13816521965835996],[115.1232829040346,-0.1405731615855899],[115.121740016055,-0.1441360036040413],[115.11956845116238,-0.14592854910045858],[115.11733443854357,-0.14592856435569934],[115.11498450119375,-0.144207301687219],[115.11176951747096,-0.1427714977731285],[115.10935267127232,-0.1428338991208881],[115.1064898931692,-0.14393086049245804],[115.101807850981,-0.1469808759010115],[115.09836543055474,-0.14920600907195297],[115.09360309762704,-0.1518011989770577],[115.09131560748803,-0.15272423864233248],[115.087998044086,-0.15318795139739377],[115.08450208732908,-0.1534242902584766],[115.08123802637837,-0.15319686513128897],[115.07853580806628,-0.15492255112383443],[115.07710890181532,-0.15728587004129463],[115.07425507063249,-0.1618163311861344],[115.07265430441389,-0.16348402078324745],[115.06847158814665,-0.16549953874040568],[115.0652699913646,-0.1663690600207572],[115.06337931695715,-0.16745263468194396],[115.06160012556073,-0.16935219856162145],[115.06022672076712,-0.17136327181862315],[115.05874634035125,-0.17411896497739687],[115.05686015336978,-0.17694160199881231],[115.05514337172413,-0.17837298349944336],[115.05176335815187,-0.18090572500275837],[115.04914144357615,-0.1856724772478427],[115.04479380332022,-0.1898150023837843],[115.04302356181027,-0.19084507835751938],[115.03934475963342,-0.19159864582974265],[115.03596476521203,-0.19131775471578596],[115.03223248576809,-0.18919522489997997],[115.02906655884085,-0.1862209707433684],[115.02694850245209,-0.18524442172574854],[115.02362648813276,-0.18548075377360748],[115.01456553969248,-0.1858865307995897],[115.01095367241402,-0.18565469046131053],[115.00746223892878,-0.1859980170881194],[115.00430965326785,-0.18635919700561163],[115.00081815027887,-0.1869299828044157],[115.00000215758138,-0.1869433471400067],[114.9969699782525,-0.18699243358187514],[114.99181523750538,-0.18596231877617958],[114.98917547047293,-0.18424557630362814],[114.9903704874276,-0.18189564707691155],[114.99375049224467,-0.18119556214828592],[114.99426326951507,-0.1787921111600899],[114.99316186098753,-0.1766561805695986],[114.99173051328198,-0.1750553655268315],[114.9889747919317,-0.17344563179306527],[114.98702167745995,-0.17293282522672987],[114.98353017528682,-0.17409223657358414],[114.9819248976424,-0.17615235429530082],[114.97929410492002,-0.17845767367062565],[114.97677463293157,-0.17897494090653498],[114.97315837512113,-0.179157766132351],[114.97052751389802,-0.17915777233121807],[114.96829348807725,-0.1790418018391616],[114.96610851160838,-0.1791042370527071],[114.96238513864537,-0.17979093438990867],[114.95963832025905,-0.18140072069079247],[114.95580352787671,-0.1849144634970449],[114.95305674661604,-0.1880046416052164],[114.95059972458758,-0.1896812701651601],[114.94773702388699,-0.1904393055628489],[114.94464236133575,-0.189743697143018],[114.93643762133027,-0.1890658967982541],[114.93363283302389,-0.188896421323481],[114.93122048477883,-0.18792879774456514],[114.92955728901643,-0.1861451974227806],[114.92879472042019,-0.18218550752521045],[114.9293120323665,-0.18011646012862276],[114.93033760053005,-0.1770664519845871],[114.93182244177216,-0.17409223321000877],[114.93238881814484,-0.17195631338806683],[114.9332360270824,-0.16576263452545945],[114.93317355930144,-0.16363563794425043],[114.93253149848944,-0.1611652873662469],[114.93092172395774,-0.1586993772296989],[114.92988719469356,-0.1568622721636454],[114.92891069469262,-0.15507862515729706],[114.92701110176664,-0.15147121158103635],[114.92655181913466,-0.14905885022584786],[114.92551284041612,-0.14590176143840897],[114.92447829477068,-0.14325755681229996],[114.9233189879107,-0.14085406026298022],[114.92211051610064,-0.1391284048832622],[114.9207327371445,-0.13706387611186624],[114.92003705534893,-0.1337908504558281],[114.92048747416372,-0.13097717447862806],[114.9214550351494,-0.12816346670408862],[114.92265454622941,-0.12563963829470245],[114.92453632791198,-0.12139013909251285],[114.9253835563323,-0.11748395952289319],[114.92612377042514,-0.11380965472775881],[114.92640017334394,-0.11064370655387565],[114.9260568651321,-0.10795034845396378],[114.92547716960237,-0.1047309208544046],[114.92448282153711,-0.09927741335893363],[114.92379167414201,-0.09657076715957305],[114.92281506618697,-0.09365004901370044],[114.92154874003081,-0.09043947259134007],[114.92044727600613,-0.08866033719004025],[114.91912299757705,-0.08710406652215762],[114.91584998802249,-0.08303290203924386],[114.91458807247454,-0.08103523359379618],[114.91337513348775,-0.07838653907261028],[114.91251456620316,-0.07632199713379731],[114.90898744006111,-0.06491116129420417],[114.90553162349268,-0.056987286308633596],[114.90184842306185,-0.04981709959968739],[114.90010939189419,-0.04402022589669125],[114.89751418369165,-0.03535619881148455],[114.89727777729827,-0.0321902310427685],[114.89715744629122,-0.02938550611036869],[114.89743830911813,-0.02644690220073768],[114.89788875756481,-0.023463774795240394],[114.89896340294872,-0.01886647339238923],[114.89964110960014,-0.01512974024321765],[114.89940479520774,-0.01248996658768261],[114.89877163481263,-0.009859065538210986],[114.89802692515131,-0.007678573631034642],[114.89710393564931,-0.005154688688893104],[114.89428126015338,-2.2739749713438973E-4],[114.89419660216748,3.226861172867287E-8],[114.89343404555518,0.002122546053387333],[114.89267157780178,0.005333090188350681],[114.89051780781674,0.014416299155201031],[114.88955015978067,0.019174126817824856],[114.88955015978067,0.021586487415739212],[114.89029045106408,0.023940940079813292],[114.89115098336069,0.02613034810188892],[114.89338053433569,0.029800186127140756],[114.89510176246559,0.033300586816531],[114.89482089773574,0.038638102203672385],[114.8904642961453,0.04357435754084542],[114.88623259228454,0.0456433785947139],[114.88394957306714,0.04863098118511212],[114.88274558086198,0.05116370106207067],[114.88130978503052,0.052987490350102626],[114.8734216301545,0.05730837363685732],[114.86907399546698,0.058748648368232445],[114.86603739202627,0.05770524679806225],[114.86357150746878,0.05559160925585248],[114.86134194596609,0.05467752198674068],[114.85848366384147,0.05502082613620303],[114.85665096430333,0.05680000834748736],[114.85499664565549,0.05915000211437216],[114.85143823574339,0.06507613435280708],[114.84938708067197,0.06770700952055186],[114.8476703349533,0.06943268779968097],[114.83822590970898,0.07547473488010431],[114.83496635443893,0.07730743762608225],[114.83193860131486,0.07823047161004483],[114.82982049890606,0.0782304507678567],[114.82701131524553,0.07639331951336535],[114.82375174662899,0.07352613373806538],[114.81957348131917,0.0700346167985279],[114.81722808142476,0.06888416596635295],[114.81351360920578,0.0692364939555888],[114.81018707898333,0.07009706215412284],[114.80715050949037,0.07095319550497015],[114.80526872718956,0.07331653518053188],[114.80441260259786,0.07526071365611027],[114.80269581886668,0.07784696381755743],[114.79943176950141,0.08083901954909264],[114.79537394556642,0.08503506543783382],[114.79388462815733,0.08675181097359072],[114.79280105616182,0.08864245323647056],[114.79194046361624,0.09094785074956581],[114.79125820117784,0.09346274638353518],[114.79091485050371,0.1105767560756329],[114.79085688570413,0.11448296077924656],[114.79103078007458,0.11683291973520497],[114.79160155152094,0.12061424716425681],[114.79217685053614,0.12297754993374459],[114.79303744251035,0.12498411402849131],[114.79441083503264,0.12682130655642432],[114.79640851212048,0.12917121208286006],[114.7985399470226,0.1319224954987659],[114.80025666028155,0.1345623140604103],[114.8018575298067,0.13766580188103988],[114.80924175944482,0.15287135824279685],[114.81027184788553,0.15545763520534206],[114.81112795832111,0.15866817858003507],[114.81118591981179,0.16125450315494624],[114.80981259219071,0.16590534441114232],[114.8082741582546,0.1672252106202144],[114.80620518184989,0.16820173965641577],[114.80386413112927,0.16941019170168548],[114.80220086991497,0.1705606193100865],[114.80043064062417,0.17359724727008857],[114.80088990846953,0.17589818249812095],[114.80260661036918,0.1774989607417862],[114.80724415457061,0.18025916301836917],[114.81073563123152,0.18179305950970065],[114.8146818857918,0.18507054028284106],[114.82108958777229,0.1906355076706933],[114.82275285076021,0.19224520993949998],[114.82641379482499,0.19642340950140041],[114.82749735452477,0.19872875193791087],[114.82761327212226,0.20125262646643297],[114.82652971277906,0.20372292357857386],[114.82641379482499,0.20653667203382392],[114.82894206541833,0.21796088713349923],[114.82979378369315,0.22094399358152772],[114.83203223982042,0.2240385915874518],[114.83467203849136,0.22633507738169625],[114.83798067889869,0.2282792400521886],[114.84193595566256,0.22925573656553064],[114.84548087880815,0.2298265208837653],[114.84816531060898,0.23005392872490185],[114.85028783000111,0.23023675287169745],[114.85257532623811,0.23022781667182765],[114.85475133603768,0.23045524108944856],[114.85674903330542,0.23103494619466033],[114.86093165511103,0.23309506423349952],[114.86316121923907,0.23636359651834213],[114.86395942906714,0.2396900753748814],[114.86362502328923,0.24261967424490147],[114.86431167309466,0.24572321944770129],[114.86608194295266,0.24853694779947666],[114.8672859024137,0.25071741568180644],[114.8685968878283,0.25370055163148125],[114.86957346823962,0.25708499782098804],[114.87054995535821,0.26127208380903083],[114.8711787304781,0.2646654962362754],[114.87186536537288,0.26742118519068736],[114.87284193659978,0.269592816505724],[114.87502243774182,0.2717198119982538],[114.877479367384,0.272696332253423],[114.88045366505214,0.2733740885405765],[114.88262968156437,0.2740072796078599],[114.88623259228456,0.27687447241676766],[114.88737418678825,0.27872057104874765],[114.8885780723404,0.2815877727503555],[114.88874757213559,0.28365234890249336],[114.8885780723404,0.2861181931379716],[114.88823925359043,0.2884191285182923],[114.8870397130275,0.2926686095354843],[114.88697732738771,0.29484914178048865],[114.88790034396342,0.2973150077860691],[114.8900139285516,0.2999592745140174],[114.89184663305974,0.30172956227383196],[114.89826324048866,0.3079276687414732],[114.9019242061228,0.3113745961064709],[114.90352506279775,0.31274793999096123],[114.91290252342085,0.3189461240338105],[114.91537285447917,0.32020358609646765],[114.91794574624025,0.3211801137795116],[114.9216690624931,0.3227274469181374],[114.92533005009005,0.3243327435041469],[114.93042677628847,0.32668265711498834],[114.93946980137656,0.32995115648104617],[114.94358116731922,0.3307538407783742],[114.94673821430955,0.3296078534585718],[114.95056849229296,0.32806049358055983],[114.95314148056097,0.326968036133318],[114.95400203585734,0.32477864369140386],[114.95354278965137,0.32236625405370495],[114.95211136421096,0.31932515524338984],[114.95153614892122,0.31577121150855375],[114.95330642200416,0.31312256143931216],[114.95663293520286,0.3134123795315694],[114.96052574518924,0.31420610709703883],[114.96321009411278,0.31501317665932743],[114.96510522998548,0.3159362158293191],[114.96704941923002,0.3171937256635403],[114.96950632179204,0.31925822859763353],[114.9720926538508,0.321844523031343],[114.97397434256456,0.32356127593648537],[114.97729639773037,0.32522900958795775],[114.97930297594817,0.32545192242366966],[114.98290151638078,0.32459582236397505],[114.98542085193641,0.32303956295043235],[114.98783326638069,0.32132283076806384],[114.99022774096642,0.3202838225578803],[114.99503465160154,0.31959717927040826],[114.99726868068143,0.32004753975672934],[114.99989507819217,0.3209170513545557],[115.0000021575814,0.3209705234992329],[115.00264636495517,0.32228150852360227],[115.00722590917871,0.3248053679957261],[115.0099727004212,0.325786372271063],[115.01392345293051,0.3265801147437055],[115.01998783786289,0.32663803948484615],[115.0246832659107,0.32531820186461485],[115.02622163364549,0.3237619353987052],[115.0293741926897,0.3202080372019916],[115.03183561522602,0.31739433079269336],[115.0332625368306,0.3150354865047517],[115.03532262934124,0.31130771103143523],[115.03674962641884,0.30854301489126645],[115.03818539629731,0.30607269411359816],[115.03991104514927,0.3032679331767902],[115.04168139384817,0.30159575351401136],[115.0455072369252,0.30022234687034705],[115.04791070853959,0.30055679955968323],[115.05232075326907,0.30405715366689584],[115.05374767684916,0.3078474139176021],[115.05278004468855,0.31037126941600013],[115.05168760881567,0.3132473623039883],[115.05284249017198,0.3158871888357334],[115.05535740429481,0.31771543377403794],[115.0658853722218,0.3246091714427338],[115.06989409775318,0.32662026360082563],[115.07418819497738,0.32827455467240707],[115.07653815566985,0.3290816898426298],[115.07928491325545,0.33011170903458087],[115.08209417815426,0.3314316029265358],[115.08506838545907,0.33378602476949004],[115.08724000026874,0.3361938922132152],[115.08953195307033,0.3393465157949356],[115.09159205449781,0.3423965603605566],[115.09359866364532,0.34543761031542664],[115.09617606367884,0.34835836899802486],[115.09869544047616,0.3505923843035219],[115.10126384185322,0.3524384319061872],[115.10389918297032,0.35427558275083765],[115.10716328802998,0.3565096178356275],[115.11083309350488,0.35885059064693253],[115.12066536470415,0.36614568750798776],[115.12467413894599,0.3694186939248903],[115.12730503679018,0.3724597983299974],[115.12868286336246,0.3746491925934811],[115.12977531242043,0.37739604249563274],[115.13068942360573,0.38009379792510617],[115.13171952599346,0.3835406829834442],[115.13274953460618,0.387446853913544],[115.13343626550198,0.390710909641407],[115.13406943189867,0.3945011324971464],[115.1352154255256,0.4016267434441437],[115.13550531620803,0.40535458335523394],[115.13652644591205,0.4126541281887985],[115.13704813825159,0.4157487464644675],[115.13732907003997,0.4213181587991486],[115.13727559801802,0.4236591881290864],[115.13698570893193,0.4260225162591031],[115.13527785518906,0.4298216994805423],[115.13126912238613,0.4329653190088955],[115.12668515767909,0.43584146474959595],[115.12084822850643,0.4395782007508922],[115.1185607496104,0.4418166221461498],[115.11644707250218,0.4438901025897029],[115.11151978054903,0.4479746893476383],[115.10923675992501,0.44974940188935975],[115.10786328421472,0.45124317689699356],[115.10654346077719,0.4538294406092581],[115.10591919852578,0.45578255363267794],[115.10505858512275,0.45761527637292065],[115.10391257498013,0.45945238869042476],[115.10001529583448,0.4655301769655772],[115.09790167872774,0.4656014843859105],[115.09544473313233,0.46766161657848004],[115.0923456541887,0.4722054290461989],[115.09148952933302,0.4743903741961584],[115.09051295968439,0.47743147547050985],[115.0898886666372,0.4801872325538021],[115.08840380538574,0.48610446430446946],[115.087088336999,0.4896583571673356],[115.08565703403907,0.4931141468110817],[115.08399379365142,0.49678400741794365],[115.08061824022833,0.5035573807699678],[115.07827717724582,0.5074635439808455],[115.07604315226035,0.5111378546971369],[115.07048711746052,0.5195298934443688],[115.06865891561249,0.5219957602445169],[115.06694219565274,0.523770462875068],[115.06457433811433,0.5260668964250151],[115.06246076309122,0.5279129664787561],[115.06005287279517,0.5301558899729679],[115.05049254081801,0.5410049248028148],[115.04556968378664,0.5477247799557537],[115.04042836698109,0.554038876838262],[115.03847528276484,0.5573207680549508],[115.03698593516512,0.5606472428351233],[115.03538507812756,0.5660382847674179],[115.0344085225695,0.5692042455282291],[115.032700674738,0.5728740935923532],[115.02748801891148,0.5827509859511675],[115.0252540113998,0.5868310947581478],[115.02342130487004,0.5898766285959897],[115.02147717132567,0.5924539759387336],[115.01975151700192,0.5948128571587896],[115.01712065982707,0.5992407804294642],[115.01449421689365,0.6041769479402465],[115.01112311109287,0.6110663200313016],[115.00905408876577,0.6169790749905018],[115.00853680854955,0.6194404506666706],[115.00762271859087,0.6241537492292394],[115.00739082409666,0.6271993469450984],[115.00607992022287,0.6343739871273544],[115.00533970032194,0.6370138248899353],[115.00447909532147,0.6407371290185024],[115.00379236569718,0.64407702009589],[115.00327960303628,0.6482105834375784],[115.00309676426248,0.6514300847541223],[115.00269985895612,0.6557999777622089],[115.00241003179596,0.6578511941284958],[115.00173225886728,0.6626714514932964],[115.00047482713816,0.6704302792950012],[115.0000021575814,0.673172664594242],[114.99984158374227,0.6741046034045859],[114.99691639281885,0.6882845164282627],[114.9937148286242,0.7037843887612738],[114.99160116397229,0.7143479983359287],[114.98861805995686,0.7221648173621479],[114.98627254456616,0.7260620526646234],[114.98541198106975,0.7285324105506539],[114.98513100982393,0.7306549231262346],[114.98460934770257,0.734850926818793],[114.98358376285982,0.7384717294674804],[114.98261167209445,0.740424806758681],[114.98123821230725,0.7424849430984457],[114.97974444508537,0.7444915069058847],[114.9748216286105,0.7482282677824612],[114.9732207450121,0.7494410891425339],[114.97156644537603,0.751264915916864],[114.97013057007736,0.7529370219065683],[114.9674373142872,0.7548276963689513],[114.96400381651134,0.7563839299934446],[114.96217557265948,0.7580471788252664],[114.9608022106666,0.7600538028357421],[114.9594867797496,0.7617170381216648],[114.95782345072514,0.7637905221827476],[114.95438551003633,0.7648829600346525],[114.95140687471807,0.7651638950321928],[114.94940918369291,0.7662563975864652],[114.94815173766848,0.7679285288483492],[114.94592218117391,0.7723430624836457],[114.94396908924928,0.7749917628324102],[114.94161909939783,0.7763116825084427],[114.93955897474578,0.7770563125229036],[114.93525155747358,0.776837798846894],[114.93023058958916,0.7769983508510818],[114.92719841792406,0.778202344220047],[114.92474139033708,0.7798120528830741],[114.922226492641,0.78210847380619],[114.91941724187649,0.7857248369539849],[114.91775398869865,0.7879677149008841],[114.91626917690633,0.7898049288545103],[114.91448992932871,0.7913031576532468],[114.91152018050806,0.7931402724792361],[114.90905878511808,0.7932562484890118],[114.9077968446011,0.790897388824062],[114.91003534173085,0.787169600002775],[114.9107754984484,0.7841775259995513],[114.90974543526428,0.7810204396890565],[114.90568318797534,0.7714333925866123],[114.90299440240615,0.768628646741245],[114.90025208567626,0.7675940854874006],[114.89509732585496,0.7662742058447819],[114.8925154804077,0.7658773904724512],[114.8897687342067,0.7650702624062751],[114.88720024960764,0.7639197978323723],[114.88491270948863,0.7620826493952025],[114.88341444581597,0.7602499638729918],[114.88135433399742,0.7558800517063301],[114.87906684580042,0.7515190827907628],[114.87735902948697,0.7491690913387996],[114.87500903658899,0.7465917798956941],[114.87243618675535,0.7451514536261797],[114.87054551843298,0.744237328457389],[114.86677755240933,0.7418740017987847],[114.8651143172803,0.739006844703314],[114.86506080168877,0.7354528868885404],[114.86528826553369,0.7334373755948268],[114.86506080168877,0.7290228608157528],[114.86437415336054,0.7247733493053624],[114.86465504276516,0.7224189330667117],[114.86585900716221,0.7201225371627086],[114.86843190568366,0.7175362201859063],[114.8703761002856,0.7157124484208874],[114.87622192937408,0.7123725793765904],[114.87902229653947,0.710076171855867],[114.8806765914734,0.7082345477811134],[114.88153723823227,0.7056572115336486],[114.8813632981181,0.703646136565127],[114.87998988346767,0.7004890709098567],[114.8767302655597,0.6993966455706104],[114.87313178349811,0.6995214799506747],[114.86877527128854,0.7004891079278426],[114.86688014608421,0.7015280492315917],[114.86448562174905,0.7029014522312637],[114.86288476565262,0.704158965860743],[114.8607087160241,0.7055412544043134],[114.85652165444132,0.7081855269367573],[114.85366776997229,0.7096213171690298],[114.85023431213556,0.7113469886300542],[114.84788431737992,0.7131841593175239],[114.84565927408453,0.7153067128851227],[114.84393363555928,0.7187535973034256],[114.843077423743,0.7234044400065192],[114.8435902455189,0.727020721695977],[114.84319342675674,0.7298344446016096],[114.841360737654,0.7324742128767965],[114.83889929741909,0.7343113780797895],[114.83505999213794,0.7364963572675945],[114.83248711974925,0.7391940873471364],[114.83128313107821,0.7408573298729165],[114.82974026270116,0.7442462521577112],[114.82837135415703,0.7482639054200454],[114.82659210922452,0.7511400079876652],[114.82327457723287,0.7517732423465112],[114.8206392212465,0.7509036709660265],[114.81857910176925,0.7498691600629329],[114.81560491212925,0.7496997317029186],[114.81342884108008,0.7505023894905712],[114.81061517984489,0.7497309701056855],[114.8081047100393,0.7455082139526341],[114.80524644787062,0.7436175507739077],[114.79912411047123,0.7406968206405298],[114.79518221124356,0.7393100615385009],[114.79312212493801,0.7385163422291005],[114.79007653367167,0.7363804101271824],[114.78711125282203,0.7339724987281859],[114.78413263327586,0.7321442597251067],[114.7794416216566,0.7310517611812402],[114.7757717699081,0.7320283364041803],[114.77319882978546,0.7335711488183019],[114.76982337459383,0.736737130392684],[114.7681645740358,0.7404114094048921],[114.76502085693167,0.7424180577468519],[114.76243461541381,0.7419007990245045],[114.75729323556864,0.7396667911208369],[114.75551408835899,0.738525241774093],[114.75408719543955,0.7367995906878956],[114.75271826784848,0.7348999787654261],[114.74905285326726,0.7306014050809985],[114.7464754646318,0.7279527146684188],[114.7438981481892,0.7257186861723094],[114.74194945540793,0.7237165814492257],[114.73989830292915,0.7213576705064231],[114.7381191605967,0.7190612828365317],[114.73646483391157,0.7170590975921523],[114.73445821781215,0.7155608465819411],[114.73148396332307,0.713688020757599],[114.72747972353656,0.7117750758332401],[114.71884243071351,0.7069012769848123],[114.71444127133498,0.7052335650633303],[114.71225634376435,0.7050641270227807],[114.70859541256729,0.7055234524795484],[114.70573264608981,0.7060362321175453],[114.69892808438549,0.7080428280973068],[114.69623483383651,0.7089123437871727],[114.69594493384717,0.7112087618380268],[114.69715336232208,0.7133268797194512],[114.69926255375874,0.716095959958945],[114.7013315100188,0.7181560729155839],[114.70321773060974,0.7201581947052823],[114.7072844728557,0.7249249520147426],[114.70768126112971,0.727961627030307],[114.70573264608981,0.7288846896343355],[114.7036190528867,0.7288846558556306],[114.70132263195838,0.7282603588870388],[114.69886566577152,0.7267041849290891],[114.69503084144455,0.7237165884300627],[114.68782936260497,0.7172330479763118],[114.68645601857813,0.7155207510169441],[114.68466791861118,0.7128720517818996],[114.68255429480402,0.7109278623528096],[114.68061007635197,0.7097150156485155],[114.67883979584008,0.7086314257639574],[114.67643640449607,0.7074809990203339],[114.67443870038011,0.7071376076032141],[114.67231613925436,0.7070796712927495],[114.67025608002193,0.7072000300098481],[114.66765639176417,0.7074230348241326],[114.66499435152075,0.7075969380903738],[114.66287182687617,0.7075389321341672],[114.66059318209233,0.7066827908441449],[114.65761452379759,0.7041589482306615],[114.65647301254718,0.702147912768444],[114.65538051441227,0.6971001961829275],[114.65492124383704,0.6941705622167899],[114.65418100973798,0.6919276245358756],[114.65183997573374,0.6851631579731646],[114.65006076917598,0.6820061227782613],[114.64839752908664,0.6802224573105474],[114.64427731520395,0.6774622940811517],[114.64164645774552,0.6763252121375196],[114.63913155960587,0.6751747698459186],[114.6372453749025,0.6735115460086757],[114.63564450702512,0.6716744134600797],[114.6347259167405,0.6697837173674391],[114.63444502953968,0.6655341839236725],[114.63250083129242,0.6624841566887654],[114.6288889468337,0.6614585830663641],[114.62694481039436,0.6607629534998811],[114.62305650732536,0.6581321036873988],[114.62110790071907,0.6562414281783887],[114.61859295548969,0.6523352613080705],[114.61779030793073,0.6504446305267327],[114.61693410636308,0.6451070779450558],[114.6161938877765,0.6404027046796053],[114.61390644095904,0.6396001066467952],[114.61310378341926,0.6420124396094207],[114.61184633150096,0.6443534704505393],[114.60869819793552,0.6470066219347658],[114.6046314650107,0.6467702850917988],[114.60223248981745,0.6443624086449763],[114.59811231368168,0.6394797021222421],[114.5935818624652,0.6352346026663734],[114.5916420751808,0.6313997971506146],[114.59100891907254,0.6278904589551677],[114.58872141069283,0.6261157341420798],[114.58649632595689,0.6272037741492338],[114.58472605396528,0.62875997166733],[114.58117660438398,0.6303652712456828],[114.57859922727155,0.6314621970627483],[114.5759059261649,0.6314622046210594],[114.57344895200829,0.6313953553389593],[114.56973455201764,0.6306551333840459],[114.5659576752286,0.629045355452849],[114.56337584550315,0.6285370792131055],[114.56120426393669,0.6287644574291423],[114.55834154929171,0.6310520014893867],[114.55628141106688,0.6304232401276578],[114.55331615930507,0.6293397114622136],[114.55079677848329,0.6291033664337352],[114.5482729403448,0.6294466941148367],[114.54449603392634,0.6306506504847873],[114.54152625058066,0.6315246175168838],[114.53929228199442,0.630142339481486],[114.53677290025834,0.6252016149823844],[114.5356358287931,0.6226777669927029],[114.5349491070663,0.6187805561216662],[114.53460579106253,0.6160872097826913],[114.53449431299161,0.6140137455125305],[114.53483762909421,0.6105757784802558],[114.53546190532457,0.6073028372303784],[114.53683534574101,0.6044891479888115],[114.53871704364283,0.6019697140729884],[114.54043378364167,0.6001236817711794],[114.54129885747611,0.5967391702806201],[114.54009047250422,0.594326846242548],[114.5376870141121,0.5915755679940651],[114.53695126410669,0.5896314222440179],[114.5364294952396,0.5866928306120351],[114.53483762909421,0.5845212810009098],[114.53259918087842,0.5837141738930657],[114.52974087633946,0.5832637878295025],[114.52797061482683,0.5816540737751932],[114.52773877268939,0.5795894999862871],[114.52785469377541,0.5764235489841177],[114.52665514904163,0.5741270677409221],[114.52024298263352,0.5664396383843429],[114.5184103200655,0.5647183897792315],[114.5162342259987,0.5642011562478023],[114.50726252484124,0.5637507659203452],[114.50481454086092,0.5636838681308369],[114.50264734439472,0.566163150121163],[114.50006998743842,0.568169765434053],[114.49400118981956,0.5715541863166758],[114.49148622880857,0.5727625888700161],[114.48862354438859,0.5726466573281569],[114.4866258529308,0.5724192658464211],[114.48313877431896,0.5713312613253194],[114.47953582014709,0.5693781714492467],[114.47701197412619,0.56731802823266],[114.47352499186103,0.5666268915298839],[114.46740710747814,0.5682901628339111],[114.46276961367995,0.570015795983626],[114.46018782627328,0.5708764252801602],[114.45727605468998,0.5695029883368642],[114.4551624438093,0.566577837403118],[114.4543597292394,0.5644553268911996],[114.45367304666026,0.5608924928066907],[114.45241562127426,0.5584845603196292],[114.44738125678296,0.5550466307362419],[114.43896696828827,0.5497090689245275],[114.43524802810306,0.5480458291977807],[114.43148009903338,0.5466679392517619],[114.42855053081858,0.5452365976521314],[114.42643685879096,0.5431765062208923],[114.42489404797799,0.5412768729749603],[114.42449270587132,0.5384097248230255],[114.42563426791305,0.5365636194108329],[114.42758285751538,0.5350742671948435],[114.429879287337,0.5327867622329355],[114.43102083408118,0.5296297129162062],[114.43141772751129,0.5270434192355008],[114.43199294125385,0.5217594033078107],[114.43227388459302,0.5190081560422783],[114.43267966107261,0.5149949716669058],[114.43267966107261,0.5115480781712791],[114.43238974306671,0.5067813229558799],[114.43141772751129,0.5048282021864936],[114.42987040298654,0.5031114846121714],[114.42707010032204,0.5015641720815848],[114.41853979539641,0.4987593527312447],[114.41465593697113,0.4970381424561625],[114.41105744171422,0.4955978981936699],[114.40905083968747,0.4952545430244959],[114.40693724680757,0.49514752859726396],[114.4036731370978,0.49583417525156365],[114.40069449959307,0.4969266663346252],[114.39823751971336,0.499450547512825],[114.39629332185402,0.5019743715700823],[114.39423324531309,0.5040969443239401],[114.39073729276852,0.505590722271724],[114.38708527367771,0.5059964921616508],[114.3833084640261,0.5058760714503165],[114.38056160548894,0.5056575881568094],[114.37683832061981,0.5067456193971439],[114.37512150903856,0.5080031187357351],[114.37192433063562,0.5113920277613574],[114.37037705126582,0.5134654840115146],[114.36917757706122,0.5152892622367482],[114.36660915452629,0.5188610121426732],[114.36367948121877,0.5222454552280839],[114.3619092089116,0.5238552201431831],[114.35990708014899,0.5255095433312591],[114.35768197748276,0.5273422094243869],[114.35423957310596,0.5298749928127082],[114.35217946645714,0.5310878860649625],[114.34995441279058,0.5318905187662583],[114.34795222601647,0.5321713980061072],[114.3377587046471,0.5344723402390568],[114.32930878324832,0.5372235442510581],[114.32529558630925,0.5388957366840876],[114.32272262950782,0.5397028138192389],[114.31551229927959,0.5412991994742911],[114.31099078310955,0.5407373249781401],[114.30882363733336,0.5386683248596188],[114.30699092225743,0.536831182906217],[114.30516273339101,0.5357386812838516],[114.30310256539364,0.5354577409926604],[114.29995897152786,0.5373439405687318],[114.2972032178941,0.5381510810564972],[114.29531703797039,0.5372369290352595],[114.29354674719151,0.5357966735700697],[114.29108976608032,0.5354087523194069],[114.28840097278771,0.5376427248123578],[114.28692049226734,0.5393060036377079],[114.28341565504176,0.5403360179193191],[114.28124854889793,0.5405099210202398],[114.27913049483952,0.5405055009855814],[114.27158567461055,0.5394843098971556],[114.26620356121127,0.5368980879830372],[114.2644287956621,0.5349494543111599],[114.26226168345889,0.531395515172772],[114.25917156830901,0.5299686282797365],[114.25568455078033,0.5310521743521339],[114.25235803582821,0.5335760238094045],[114.25007495308138,0.5347220018488485],[114.24607070877802,0.5355826392584522],[114.24366723730408,0.535074265058404],[114.2423562966718,0.5329473193694638],[114.24052356703724,0.5312840478456841],[114.23691613154622,0.5300801215364789],[114.23405339858105,0.5303164032207435],[114.23182835726335,0.5307757209934802],[114.2293089820752,0.5319217319574824],[114.22696791001847,0.5316318533567485],[114.22456442280277,0.5297991712921526],[114.22101499408912,0.5299150953299093],[114.21764394867785,0.53243894930592],[114.21495061279467,0.5339282770893422],[114.21249363446236,0.5327332321002752],[114.2101437640677,0.5326708633963736],[114.20791415555018,0.5339372085991868],[114.20351304666586,0.5366840234080468],[114.19996807226865,0.5392703350433699],[114.1972747178908,0.5403003654784664],[114.19424255411455,0.5411698738876006],[114.19270415020479,0.5433414637056025],[114.18789723817291,0.554881621229069],[114.18772779385823,0.5569417190443176],[114.18846806910106,0.5610217994089925],[114.18875788366145,0.5633182433918322],[114.18766094134563,0.5677862528569348],[114.18657742125299,0.5696323018512204],[114.18492306369771,0.5720893156044347],[114.18125765716657,0.5755985833062832],[114.1781675092587,0.5776720846868669],[114.17587995494631,0.5789161961504607],[114.17027486158564,0.5805259328802856],[114.16346583397043,0.5811679979407995],[114.16134774885312,0.5812215138659123],[114.15900232223647,0.58145784936277],[114.15643381415278,0.5817343386126069],[114.153976871791,0.582260489223528],[114.15157343853399,0.5829471732510405],[114.14870624744113,0.5846104742883536],[114.14750669543535,0.5875935860154998],[114.14767615514445,0.5938987705653687],[114.14824694722435,0.5960257131372717],[114.14910757910197,0.59797883152028],[114.15053446263553,0.5998159456091485],[114.15282641139676,0.6021123921952418],[114.16203445621544,0.6097374817800623],[114.16386270733194,0.6106515657868209],[114.16774660468272,0.6122613105725921],[114.17112656096414,0.6165064002369448],[114.17146101739152,0.6189098650339463],[114.17180436336581,0.6214961243968702],[114.17175084313901,0.6241938787538437],[114.17146101739152,0.6284433745224929],[114.1709526652929,0.6307309151688866],[114.1699850348707,0.6331388308998159],[114.16517814721794,0.6434126187605371],[114.16414809307702,0.6454281447197528],[114.16310914656853,0.647256331086007],[114.16036231739623,0.6508191615319413],[114.15865452131155,0.6522549861586068],[114.15670586951904,0.6540386476372635],[114.15544837179802,0.6559828116087871],[114.1544807982706,0.6597641132294446],[114.15407502637237,0.6635498870942304],[114.15355776418528,0.665966762564152],[114.15275510851784,0.6679733685715239],[114.1517785482194,0.6701538631894643],[114.14812656567511,0.6749205872742101],[114.14520138383716,0.6764768496858793],[114.14222719497391,0.6777209366356864],[114.14028300732383,0.6783006126239625],[114.13067806490984,0.682153252125304],[114.12804271400553,0.6838165076637381],[114.12626802340668,0.6850293874116761],[114.12426588603947,0.6869690780340146],[114.11929402581232,0.691847393045758],[114.11482154564592,0.6952808970013983],[114.1120836742696,0.696609716210021],[114.10977382623416,0.6975282665890663],[114.10681745759378,0.6981569725564615],[114.10447637301787,0.6983264163486237],[114.1002447167967,0.6974747422182095],[114.09818458037866,0.6964893050892581],[114.09480906476179,0.6955841113200095],[114.09246800910105,0.6955841048500385],[114.0895518115791,0.6956911250418552],[114.08485194202406,0.6966141582755188],[114.08097250134155,0.6967211401088936],[114.07839066536965,0.6950668122903566],[114.07542538306026,0.6928328229731381],[114.06981577364444,0.6917894228208655],[114.06644476707268,0.6917358742080985],[114.06375142824717,0.6913925510009007],[114.06163786668539,0.6896089150184717],[114.06009501689266,0.6873213865850283],[114.05901137143046,0.6856001404335657],[114.05654999965368,0.6827909516310708],[114.05043212707251,0.6772170714167512],[114.04579909490425,0.6744122966953668],[114.04191524271494,0.6732618385428304],[114.03693441324846,0.6718973352582153],[114.03327352593737,0.671317675409534],[114.02778436435644,0.6711526786802647],[114.02343667187144,0.6709698504901731],[114.0180590088159,0.6695429650280184],[114.01623525537492,0.6686823400508257],[114.0143446168579,0.6676389134689446],[114.01280179212762,0.6661584780921852],[114.01080406162353,0.6631173902415535],[114.01000142802017,0.66104832888974],[114.00931476458732,0.6588678806052156],[114.00862800941067,0.6561166063492664],[114.00703616369422,0.6533029224125809],[114.00444983400587,0.6520365260337901],[114.00125267865059,0.6534767871026663],[113.99738216071628,0.6576148283762988],[113.99396652853771,0.6600227438241595],[113.99127322639222,0.6618019625366741],[113.98721985913076,0.6644417195650346],[113.98522220228908,0.66559217848804],[113.98128485268627,0.6671929650768326],[113.97751690204153,0.6674159399101465],[113.97392289197442,0.666149536062826],[113.97216149684077,0.664530915741646],[113.96994089008399,0.6613025047340806],[113.96834446812706,0.6589392140895829],[113.96561553717045,0.6573116383846077],[113.96170044255777,0.6569682502713555],[113.95659479916836,0.6578154970716892],[113.95277329074129,0.6593627851717394],[113.95036990330748,0.6599335912314106],[113.94802885342992,0.6601030008939387],[113.94574578570762,0.6599781746146451],[113.94375703219137,0.6597507649466525],[113.93976615932327,0.658528933748994],[113.93794237949908,0.6576594483722432],[113.93451779351595,0.6554700186183358],[113.93183786325163,0.6539138228274567],[113.92881902143029,0.6530977902840117],[113.92584926227536,0.6532627565222076],[113.92340126900544,0.6535481496229395],[113.91893763416604,0.655438813058971],[113.91443847058716,0.6566427316920054],[113.91220888654819,0.6568033096058497],[113.90810203255485,0.6561611907266565],[113.9058769580142,0.6553540853050772],[113.90387932900168,0.6543150882544349],[113.90205550634843,0.6531557734422144],[113.89920612168883,0.6501637189577907],[113.89830091921998,0.6479653428470944],[113.89682053339256,0.6453166487795742],[113.89522414425483,0.643697984613081],[113.89220534998731,0.6420303175118237],[113.88901707521059,0.6411518547110424],[113.88575752733956,0.6414327942912803],[113.88415665499694,0.6429265835517673],[113.88358145795607,0.645865109228273],[113.88329163536703,0.6495527586543081],[113.88323363452173,0.651969649731498],[113.88317118602973,0.6547253537687019],[113.88254697298379,0.6578912947823276],[113.88014351399676,0.6604240947264995],[113.87745466513365,0.6610483509234216],[113.87471678615492,0.6614451815432715],[113.87123866067452,0.6616190914602302],[113.86867466455445,0.661726170275135],[113.86576291050059,0.6618331730551307],[113.85993926096472,0.6623370317513041],[113.85692052581024,0.6626268738354766],[113.85166765116242,0.6632422213877068],[113.84636134629147,0.6642098308341561],[113.84323995381611,0.6656457032040662],[113.84337820469537,0.6643748696173378],[113.84218759378668,0.6620025759353565],[113.83956117757627,0.6593449777349348],[113.83727815517902,0.6578556194472996],[113.83522696654967,0.6569861000140105],[113.83197623865682,0.6560006787230845],[113.82508255721946,0.6532137455239],[113.82285293881043,0.6521747308658954],[113.8210916414242,0.6510688692429666],[113.81943727637795,0.6498024785529465],[113.8178409143489,0.6484201561041154],[113.81630700411091,0.6470913556408283],[113.81476419280439,0.64536126578576],[113.81311870386311,0.6433992491548715],[113.81180773761801,0.6414907695002123],[113.81049231975187,0.6392388589501437],[113.80941765081674,0.6365901554499869],[113.80850802051725,0.6338834831050335],[113.8078837154387,0.6307220368960249],[113.8074423348321,0.6269139397952207],[113.80721937484263,0.6236275746971252],[113.8068224767725,0.6205151223418816],[113.80619826043358,0.6164306096651948],[113.80517705321977,0.6127384772352996],[113.8044413542814,0.6105490354953279],[113.80364319600388,0.608702970140482],[113.80204678496352,0.6059383490644941],[113.80011156685205,0.6046095147749849],[113.79800240054065,0.6046630271950142],[113.79588877722739,0.6050687939920475],[113.79378404213391,0.6045961207450053],[113.79076527931878,0.6022818529410245],[113.78689030311835,0.5989375364773847],[113.78324725626359,0.5957537221102722],[113.78142345362261,0.5939611531398447],[113.78000101205049,0.5922355035471535],[113.77863204001538,0.5900461162379277],[113.77738353874722,0.5873394135731251],[113.7765897874436,0.5848557033977975],[113.77607702146308,0.5818056482107558],[113.77574256122878,0.5788671257635628],[113.77568908751785,0.5760980267501025],[113.77580048351054,0.5734582188739049],[113.7758718423002,0.5710949246772008],[113.77576489489931,0.5687895240445201],[113.77468125684281,0.565668197331634],[113.77239821948545,0.5637061797704713],[113.77023110876343,0.564223454899266],[113.76714538910323,0.565824274188395],[113.76412211433822,0.5668007745248502],[113.76207099862447,0.5667383902280364],[113.75859283574154,0.5652891370212181],[113.75637219240863,0.563434181981834],[113.75334894657422,0.5606160506619937],[113.74674058066462,0.554319755648352],[113.7413316935697,0.5477961240377768],[113.73928938719276,0.5445677162844369],[113.73928938719276,0.5418119866190401],[113.7399805981028,0.5393862465752615],[113.73924035866901,0.5362202986326148],[113.73747905135264,0.5335626490900935],[113.7349150263653,0.53171661053961],[113.73120951633148,0.5315917099028529],[113.72932333901113,0.5323854569983721],[113.72538589743111,0.5339327527248685],[113.72316084787539,0.5339862955381814],[113.72054336568895,0.5334065804387041],[113.71591924912553,0.5310299175884802],[113.71153153152832,0.5275740536846947],[113.70851266227658,0.5264057673092513],[113.70537346706783,0.5262898430023991],[113.70189538854468,0.5257636559850553],[113.69961676056317,0.5238551790593938],[113.69876959338212,0.5201051184609469],[113.69751654624952,0.5158957056274552],[113.69626803626338,0.5138801497612673],[113.69444420771323,0.5119092872773336],[113.69204523641012,0.5100096536182437],[113.68971308474475,0.5085693609258974],[113.68663634359983,0.507352033966522],[113.6820746824195,0.507566103955099],[113.67904693221453,0.5081368715565138],[113.67567583445881,0.5077310790685028],[113.67301381032934,0.5057378829720715],[113.67157800453322,0.5032808775880107],[113.67049442814384,0.5003423442944552],[113.66982110779074,0.4978006900459778],[113.66919682149378,0.49514746914822294],[113.66886238535757,0.49289562127976994],[113.66863936728346,0.490309390195474],[113.66847446461026,0.4878434800780488],[113.6683050216137,0.48576107512266814],[113.66796159518728,0.4828849455844702],[113.66728382225608,0.4785596263462349],[113.66677994149065,0.47642822232060633],[113.66529953368327,0.4730258978875566],[113.66303428319517,0.46949873409093984],[113.66200426583475,0.46691247277469244],[113.66104108026859,0.46403634993991166],[113.66041687482854,0.46091495841597047],[113.66145134467587,0.4574592072171652],[113.66305662155618,0.4533790685594452],[113.66323051567701,0.4503246104514146],[113.66187495733942,0.44537498204414283],[113.65999771058158,0.44162046785864945],[113.65720185149354,0.4385035386005175],[113.65412946855655,0.4367109645484605],[113.65206939873593,0.4360688425558152],[113.65012964249068,0.4352617707302034],[113.64779758538408,0.4341603672227627],[113.64569290474915,0.4326576887443646],[113.64369074010423,0.43103897528663543],[113.6417020081153,0.4293579010142981],[113.63964634193253,0.4276857797913338],[113.63708685123024,0.4259467203283298],[113.63417945171447,0.42450193961037513],[113.63030453013171,0.4230527576090073],[113.62682198165874,0.42171501068183037],[113.61936188678054,0.41859362734874056],[113.6111972433499,0.415004045566662],[113.60236380286871,0.4122706516939012],[113.59039110612055,0.40688403461065065],[113.58845585998641,0.40596103140616613],[113.58635113956461,0.404565353221141],[113.58469233288533,0.40306708375039824],[113.58332786656939,0.40127447950460693],[113.58197229731297,0.39810853421264025],[113.58145953056524,0.3958567054110668],[113.58094676335968,0.39315448470753905],[113.58026897632094,0.3902025454707288],[113.57924779868068,0.3875538197452676],[113.57799484647624,0.3854803428766971],[113.57645199320231,0.383585239278952],[113.57474411483403,0.3818462277512342],[113.57303632222475,0.3806333013387829],[113.57019135229324,0.3797013580044946],[113.5668247788716,0.37992880590025174],[113.56294086153602,0.37951408808436243],[113.56100561398955,0.37823880555725126],[113.55895892011489,0.3758754426610084],[113.5573669714752,0.37310191416419847],[113.55645737540434,0.3702257790686703],[113.55606047682278,0.3678535708845517],[113.55543624653794,0.3654946566692521],[113.55412965672662,0.3634122598330875],[113.55214097526961,0.3611604429772385],[113.54934503897225,0.358395818228566],[113.54701293230525,0.35619746299923133],[113.53567351364298,0.347007250276866],[113.53350638527954,0.34527711018452534],[113.53100482257702,0.3434355023273692],[113.52866374191636,0.34216019566856015],[113.52666607295986,0.3411747201730718],[113.52444550439485,0.3402427714705559],[113.5217075667554,0.3389674905890402],[113.51930859108649,0.3371749197928523],[113.5154425249182,0.3337101776798071],[113.51453286397582,0.3309411042467602],[113.51534442874777,0.327949046896142],[113.51671786448954,0.325643714140704],[113.51603555225554,0.3228746103765209],[113.51375699430176,0.3205157545229165],[113.51068020965738,0.318660721649099],[113.5074919595034,0.31680576802813276],[113.50321126113369,0.31391179580959677],[113.49922927946061,0.3110267730732341],[113.49580462144291,0.3085385765039411],[113.48793881575232,0.30206399407270956],[113.48440718128742,0.2991164806413464],[113.4806526170039,0.29559824632813364],[113.47666176595611,0.2919507282981338],[113.46686506236544,0.2831707424484649],[113.46384626518481,0.2805086760587705],[113.46134023342915,0.27831922480066446],[113.45808958936738,0.27571513848620977],[113.4525692231875,0.27178223285492753],[113.4499427828469,0.2705069013161888],[113.44721386375916,0.2692315756442443],[113.44310697264349,0.2673231052817797],[113.43796564425952,0.26540571114447875],[113.43511185564897,0.26477249181014784],[113.42890033476331,0.263541799087361],[113.42667522947488,0.26318949523221413],[113.42314360570661,0.26295316877549785],[113.41989294258369,0.2631181445639002],[113.41623646009442,0.2633991085194252],[113.40727367277019,0.26423743355167184],[113.40481674207169,0.2650266752247998],[113.40271201379556,0.26588729209185885],[113.40076335329881,0.26703323484745495],[113.39847582716074,0.2685805504991418],[113.39636226558078,0.26973100377306347],[113.39385178315145,0.2707610718139196],[113.3891697441531,0.27184462161363854],[113.38688662782477,0.27201855897663463],[113.38443861218877,0.27200963377692655],[113.38197268981666,0.2718847902446729],[113.375243979378,0.27290591768446393],[113.37181936352457,0.2742168522368772],[113.36781954900547,0.2754743320828703],[113.3647918257083,0.2762680726942608],[113.35959698405495,0.27758347986990245],[113.35679662739025,0.2781498285178133],[113.35417024289453,0.27837719319320137],[113.35172219367607,0.2783147820062604],[113.34886838081616,0.27784214025030957],[113.34652733821054,0.2770930227686623],[113.34355757179561,0.2760451270993433],[113.34133689326468,0.27522911066906125],[113.33911184613063,0.2747697838300663],[113.3364319671591,0.27424364233909826],[113.33415329823205,0.2739448447983044],[113.33141543253609,0.273699653948221],[113.32827624025553,0.27352124907657716],[113.32565428410871,0.273458832672919],[113.32313489589201,0.27298615390134723],[113.32068682163134,0.27211663625899773],[113.3173737661008,0.2705559263035796],[113.30210127884732,0.2619900552445548],[113.29879712613618,0.2604248848822556],[113.29640257064003,0.25902914964099916],[113.29440934245663,0.2575933438759365],[113.28933933638172,0.25273739254519373],[113.28717671945188,0.2506015058348321],[113.2850095524519,0.24880890082884213],[113.28205323143266,0.24703865345194195],[113.27845022046215,0.24561622910855985],[113.27633663533095,0.24469765530404475],[113.27314839044534,0.2427222418012431],[113.27132455645875,0.24065323680966016],[113.27013404600984,0.23805800004490477],[113.27228326932294,0.2331173417881299],[113.2740535816457,0.23140059037685834],[113.27645703017242,0.22984437076363137],[113.28022942134724,0.22772629308645606],[113.28365396783424,0.22606307072158915],[113.28753789813214,0.22393603993144975],[113.29142171522324,0.22158613317582002],[113.30679230266416,0.2048689552407829],[113.30902181991061,0.20135962758663092],[113.31062267374992,0.19847460465383138],[113.31182655982201,0.19623166140184736],[113.31554550913943,0.19025644151691137],[113.31697244404953,0.1882364658167715],[113.31857318788137,0.1860024799963846],[113.3205173713817,0.18375954360796876],[113.32508797001387,0.1797463615396374],[113.3270945532221,0.17830606297554583],[113.33966034048554,0.1703822670985514],[113.34239817175764,0.16871900424963077],[113.34593869191393,0.16671240693318204],[113.35085263201832,0.16425098288395212],[113.35798725515815,0.1616156785986016],[113.36169276912565,0.16063909262145062],[113.3649434575108,0.15972946592638518],[113.36848394548419,0.15847197804866794],[113.37214043055381,0.15715653696742488],[113.37870864177003,0.15469959139234093],[113.38115667936682,0.15361158733059382],[113.38407294438406,0.15206427294801142],[113.39012837620739,0.1485103644797221],[113.39635336253406,0.14477808122368796],[113.40589136085866,0.1385799257545759],[113.40834828736799,0.1365733701284677],[113.41075178723008,0.13438393598589554],[113.41377947356712,0.13122687682749934],[113.41589306759923,0.1288189855173266],[113.41800674535085,0.1263530852074383],[113.41960751060726,0.12421720327088429],[113.42069109763553,0.12237999756008745],[113.42166766884333,0.11932554362086276],[113.42121726530745,0.1160927199745628],[113.42036560384197,0.11402367134925483],[113.41899667483895,0.11252096911027534],[113.416151702123,0.1098722246755958],[113.41450632324218,0.10807971329927632],[113.4132532996489,0.10618012372328965],[113.41228570899482,0.10392827019321392],[113.41166142100315,0.10185030811699278],[113.41121101027713,0.09937108247391689],[113.41201817005222,0.09506360152364234],[113.41293225339864,0.09281175473804651],[113.41505475306712,0.0874028589313313],[113.41546055630792,0.0835501563117174],[113.41529113098859,0.07979561457902389],[113.41461333840881,0.07588943342982231],[113.4139266422982,0.07329423167197048],[113.41284749498091,0.06914280264633563],[113.41228570899482,0.06689989382571174],[113.41076069007374,0.060206762079847174],[113.41036378664543,0.057972778571053526],[113.4101408519938,0.054048759472453134],[113.41049315048205,0.04984386069004352],[113.4111263424725,0.04777037365312424],[113.4125532478235,0.044145111837431576],[113.4138731346586,0.04179072190886404],[113.41564342658785,0.039204433628487814],[113.41690089678508,0.03736727329290086],[113.41839019899801,0.03558808460515558],[113.4215338559671,0.032484536290986014],[113.4278702684343,0.027258482404615328],[113.43261024909236,0.023468257821636196],[113.43826887272101,0.019044841127373195],[113.43976711710093,0.016980237181988496],[113.44022195841384,0.0143850658516527],[113.43904919932538,0.009997317946295669],[113.43754650197756,0.007139006140388535],[113.43537048220244,0.0036118972576173382],[113.43292238269986,3.263998959551388E-8],[113.43285997415933,-8.470091533977803E-5],[113.43084000526213,-0.0034602926781596476],[113.42947555053068,-0.0058191371538155985],[113.42827606335433,-0.00829839171148476],[113.42754477838461,-0.010715203117662473],[113.42749127191027,-0.013011649045574126],[113.42771865168379,-0.015361573807138524],[113.4285792057043,-0.018465111446043573],[113.42921247023304,-0.020761550023202176],[113.42950225826186,-0.02305798077247589],[113.42968067314415,-0.025238483980283995],[113.4288779874565,-0.027138062670393304],[113.42688925562499,-0.029670887549345253],[113.42529286950194,-0.031164665034420204],[113.42369657013668,-0.03243101035850791],[113.42095863287626,-0.0346739789788641],[113.41896097308688,-0.0368633853021053],[113.41788628580557,-0.03893239385088948],[113.41736456670807,-0.04100589646283133],[113.41720404465562,-0.04410499190973393],[113.41744042176666,-0.04658421109756322],[113.41835894857927,-0.04944254019286917],[113.4205840835072,-0.05191282402346214],[113.4228760714013,-0.052773467118513634],[113.42572991615182,-0.05317030895500466],[113.42852569931883,-0.052934009911555585],[113.43154902999092,-0.05292508473774365],[113.4341799089129,-0.05390163938052807],[113.43652535246149,-0.0553329580606636],[113.43811725850883,-0.05694271148703022],[113.44000793685908,-0.05987232683637526],[113.44115389606092,-0.06280199837188993],[113.44144376935209,-0.06606601634166664],[113.44122529701583,-0.06894215226599432],[113.44082841297754,-0.07118507767512065],[113.43998113873899,-0.07360195069957667],[113.43712735941207,-0.07699532707966487],[113.43388558096592,-0.08062057323043356],[113.43119674336577,-0.08320682038862827],[113.42692495692386,-0.08792898838298244],[113.42544448684254,-0.08959223726138275],[113.42424054058164,-0.0917816637015096],[113.42310345285725,-0.09408701610127226],[113.42253713388764,-0.09638795283274973],[113.4224836269838,-0.09863086784769227],[113.4230053418117,-0.10321478974507145],[113.42289832807964,-0.10689354497179697],[113.42261298831905,-0.10982763007078901],[113.42199761330099,-0.11230693564965422],[113.42091402853679,-0.11500914904373782],[113.41903673710794,-0.11713613806479857],[113.41641033654007,-0.11879939915038538],[113.41406935959643,-0.11960197586994481],[113.41150534890832,-0.120074677501863],[113.40910185192533,-0.12041799513031459],[113.40624811317811,-0.12054284603861441],[113.40419689814314,-0.1202530289982284],[113.40202530470525,-0.12027085711569087],[113.39848927253311,-0.12257174513412586],[113.39746805934884,-0.12469432527550395],[113.39684384754362,-0.12682127240187543],[113.39673682936127,-0.12889032199807846],[113.39719606260523,-0.13084784444404232],[113.40010789341804,-0.13343411811996655],[113.40541868870714,-0.13520438808734184],[113.40793802809299,-0.13565924426170903],[113.41159010750712,-0.1362746189608114],[113.4147872153045,-0.13684088997678523],[113.41690089678508,-0.13735812718828294],[113.41901448029215,-0.13809833255785395],[113.42073125063992,-0.13924879328439677],[113.42107454963771,-0.14292310133773975],[113.41800674535087,-0.14976781932619354],[113.41572364239673,-0.1541377227357068],[113.41407826239308,-0.1570138552244817],[113.41191115444329,-0.15949313946526042],[113.4095745213132,-0.16173603305413453],[113.40638183846713,-0.16318078248387557],[113.40170425273269,-0.16244057474209606],[113.39895740751663,-0.16164241079595904],[113.39643803232019,-0.1614729642724753],[113.39358423639963,-0.16182523518074163],[113.3909622722677,-0.1627482407066523],[113.38833584574348,-0.16424654616888862],[113.38588783567307,-0.1669531875132071],[113.38589673886635,-0.16948598862326336],[113.38681085994669,-0.17258949609098895],[113.38778739273513,-0.17516688157736962],[113.38824672329739,-0.17717346311233134],[113.38830468468578,-0.18067383190097738],[113.38711402225361,-0.18291678779071444],[113.38443861218877,-0.18700574938729914],[113.38141532808241,-0.18925762095114856],[113.37879340475139,-0.190127136113617],[113.37685366516321,-0.1910457574829043],[113.37496743062891,-0.19231211197726522],[113.37349147231346,-0.19404222466041007],[113.3720110589122,-0.1968648202225655],[113.37053064210063,-0.19956704655050608],[113.36842153058366,-0.20248778884947002],[113.36614288289172,-0.20508742533113733],[113.36374839079856,-0.20710293690867737],[113.36140285925815,-0.20882861217861556],[113.35969501403514,-0.2107816832216872],[113.35701958066944,-0.21492419877819363],[113.35576662585463,-0.21723399349042088],[113.35445561333117,-0.21959291104208886],[113.3525247950559,-0.22149249499367604],[113.3498983932873,-0.22264292031327748],[113.34709808566355,-0.22322707369336592],[113.34401684300722,-0.2237442865146385],[113.34127892765746,-0.22415011155210554],[113.33830922825273,-0.2247922341005946],[113.33608407997862,-0.22542537418657055],[113.33380104874519,-0.22663827953364254],[113.33174987542611,-0.22853785112986338],[113.3297566623402,-0.23101713890993833],[113.32804882517758,-0.2328631974431339],[113.32593521496986,-0.2345353058971565],[113.32365214854632,-0.2356724068698583],[113.32125759153651,-0.23603359646603075],[113.3144619269737,-0.23679610329714237],[113.31069399838165,-0.2371483509072982],[113.30726495585468,-0.2371483483380162],[113.30036229617534,-0.23756306052298778],[113.29749953870768,-0.2379153295311022],[113.29476161282642,-0.23861541926261123],[113.2917383692656,-0.23953396938424745],[113.28968715715412,-0.24080040202610728],[113.28757351624562,-0.2425929065754976],[113.28535292317615,-0.24471991310541036],[113.2817098590341,-0.2488713388269447],[113.27925736273194,-0.2525679477793926],[113.2773265074545,-0.2569735356975854],[113.27687173344795,-0.26002357006090654],[113.27642132061034,-0.26312266657980954],[113.27585060341077,-0.2657757671773285],[113.27466001000974,-0.26841558457173026],[113.27369684813627,-0.26912461730739096],[113.2699823925299,-0.2718713966293697],[113.26587110746479,-0.27194275244437416],[113.26250444398505,-0.2722860723435871],[113.2598780515328,-0.27321802713101356],[113.25748354049523,-0.2747118652922676],[113.25474563516036,-0.2772535533697756],[113.25235110626032,-0.2798933040636312],[113.24802581289501,-0.2845620020576563],[113.24460563161344,-0.2882496784563195],[113.2408376788883,-0.2916430564945486],[113.2387330649354,-0.2929718434413954],[113.2354109768712,-0.2956740672174371],[113.23393952641773,-0.2999280631767649],[113.23337767923573,-0.30285771032998654],[113.23303873514034,-0.30625109170660014],[113.23236093732554,-0.30906919001837097],[113.23110793196406,-0.31194533962227544],[113.22985047171723,-0.31396528113032524],[113.228713412387,-0.316208246686091],[113.2283790095471,-0.31855819230632354],[113.22878474558081,-0.3212113220108511],[113.22873122296855,-0.3236683374648675],[113.22850831805549,-0.3262010911105513],[113.22754063911617,-0.32838157579064453],[113.22514165466734,-0.33108823627502054],[113.22058001763116,-0.33379941331143853],[113.21756117341116,-0.33507468988713063],[113.2146539072448,-0.33628754049786963],[113.21135860339199,-0.33747367207669476],[113.20774668265373,-0.33922613438068405],[113.20655615421249,-0.34290930767861905],[113.20861179328112,-0.3449159574343808],[113.21250014353159,-0.34577653996537067],[113.2161565672393,-0.34668615668746605],[113.21969711085728,-0.34800165082710693],[113.22244396867784,-0.3496113754627834],[113.22466903558873,-0.3514930733165132],[113.22656414439193,-0.3539589618570596],[113.22770565986565,-0.35665671110111236],[113.22862426860209,-0.35906911544900255],[113.22902555185016,-0.36131205222446866],[113.2304613915864,-0.3643531698206525],[113.23223162952985,-0.365846938253077],[113.23686016125042,-0.3676083091814521],[113.24023576412857,-0.37059590216967464],[113.2411588089226,-0.37340515036848193],[113.2420728565009,-0.3755945602971854],[113.24984952707729,-0.38097669686731317],[113.25590500505315,-0.3844681453389232],[113.25830851736772,-0.38567212794778244],[113.26019462940118,-0.3870455147231638],[113.26231271694945,-0.38939994292581004],[113.26271852396708,-0.391415438870725],[113.26271852396708,-0.3938768850271433],[113.26209427527579,-0.39617326709126915],[113.26084123288297,-0.39847863626293195],[113.25947678614882,-0.40123880217223407],[113.25828616422396,-0.4037716171797302],[113.25749244541663,-0.4060145207970112],[113.25927161005345,-0.40940792041597174],[113.26104186520539,-0.4112940758105314],[113.26378428872266,-0.414732094007371],[113.26522005631952,-0.41685902933200364],[113.26602276185751,-0.41961922661201945],[113.26631253160126,-0.42162584446756957],[113.26643292821315,-0.4243280710463339],[113.26626800756583,-0.4269722712856125],[113.26598259934336,-0.42996436835961777],[113.26542077822506,-0.4330679120158137],[113.26428368648922,-0.4354178163544856],[113.26257141213601,-0.43795057923542013],[113.2597264866463,-0.4404833547780486],[113.2568191239927,-0.44259252326591175],[113.25663630030196,-0.44272628872143155],[113.25408121601437,-0.44480869408246493],[113.24764225983802,-0.450449453861829],[113.24587206113273,-0.4520592022121075],[113.24473493710853,-0.4559118962089436],[113.24439163687246,-0.4579853751791202],[113.24223342125093,-0.46183801897196486],[113.23647224029472,-0.46777310872278177],[113.23414016654385,-0.46967265202084085],[113.23139780721674,-0.4722143579184214],[113.22929307388765,-0.47422987748667284],[113.22758525651426,-0.47647281008226755],[113.22667564260209,-0.4785417868629169],[113.22622074433245,-0.4805528795711381],[113.22656859705104,-0.48325504394981006],[113.22709028493455,-0.4857253951901441],[113.22726421109954,-0.4883563035980741],[113.22704121484884,-0.4906616753660211],[113.22607362475296,-0.4933059022047852],[113.22305925681503,-0.4984873572307301],[113.2210081125195,-0.5009042135896891],[113.2190683707862,-0.5031560339451834],[113.21724902885134,-0.5047658046436174],[113.21524693853685,-0.505858240083194],[113.21257147837007,-0.5065538473342013],[113.20948580838643,-0.5062105282515971],[113.20684594870222,-0.5048460271141608],[113.20341693350792,-0.5027814553093496],[113.20072807022112,-0.5000881776907319],[113.19883743584334,-0.4968776573518944],[113.19797685703473,-0.493421849744049],[113.19762453740665,-0.49043868939997315],[113.19790552072998,-0.48797729520874017],[113.19886869655348,-0.48268431993010935],[113.19885970001205,-0.4796387616274024],[113.19702703854244,-0.47802903387408224],[113.19372729094403,-0.47901445802966525],[113.19201057285406,-0.477984400385721],[113.19063717724319,-0.47597336250340705],[113.18988800168664,-0.47356096320583374],[113.18884902366399,-0.4708097020911933],[113.18736420850013,-0.46730935562761244],[113.18319046106308,-0.46644874340757575],[113.18022071343047,-0.46685448910671645],[113.17668015558627,-0.4677864831849578],[113.17377281391047,-0.4687095042579101],[113.16761039604333,-0.4702746155112863],[113.16492594287412,-0.4704485441688826],[113.16178681318264,-0.4698331721699401],[113.15892848672026,-0.46886558937018546],[113.15709581482834,-0.4677686145141193],[113.15624409250056,-0.4658155412014011],[113.1559453714709,-0.461445634179289],[113.15559312223901,-0.45840895130457904],[113.15495987293616,-0.4542664880657703],[113.15438914835423,-0.45191650548647194],[113.15323424763483,-0.4498519474124093],[113.15146844927048,-0.4483581466910432],[113.14786549858782,-0.4464674731408696],[113.14603279908863,-0.4456113664976148],[113.14391918179805,-0.44613303629751083],[113.13204902330938,-0.45092657604358194],[113.12937352877059,-0.4536332928099463],[113.12561006169899,-0.458235047341112],[113.12322446272245,-0.4621546040415767],[113.12248421569426,-0.4648033441701411],[113.12162809114719,-0.4669303216456054],[113.12026365198965,-0.4687095120662126],[113.11809652161702,-0.47095243048015906],[113.11610324692835,-0.472798500424201],[113.11410560449353,-0.47464453371387916],[113.1125092135432,-0.47775253106515514],[113.11234871085583,-0.4800534318632606],[113.11258055815829,-0.48263973066151317],[113.11155501274963,-0.48614904043481055],[113.10807692746867,-0.4864388442208547],[113.10493319503226,-0.4855247897354587],[113.10259224650899,-0.48432079236150366],[113.09990783122592,-0.4835271016730649],[113.09727693872935,-0.4837589245675236],[113.09527479318501,-0.48456601966260215],[113.09265288253549,-0.48641210464040946],[113.09025391002581,-0.48842765546710265],[113.08672228525406,-0.4904431408578901],[113.08357855566412,-0.49154899805166646],[113.07952974312485,-0.492993769835967],[113.07325575496021,-0.49536597515965985],[113.07096824380037,-0.49628903863091867],[113.06857374827396,-0.4973815374423243],[113.06652253818933,-0.4985408703889098],[113.06332537365262,-0.49957986733202814],[113.05944151368794,-0.5002754368132185],[113.0569310052759,-0.5001684618693902],[113.05487094810118,-0.4994817318868695],[113.05264137207239,-0.49839373528025194],[113.0504697789324,-0.4971987114837491],[113.04857467454553,-0.4955354179646011],[113.04651459546825,-0.4932924869109202],[113.04445442011804,-0.4909425645823568],[113.04239433028812,-0.4898545761151769],[113.03954500770556,-0.48911432040192004],[113.03274487640684,-0.4873395942843779],[113.02999804826501,-0.48695168205746653],[113.02697925323623,-0.48672423585811186],[113.02309539651802,-0.48725042065311014],[113.0192649676954,-0.48823586618378245],[113.01601425629319,-0.4897921225369374],[113.0133878995073,-0.49129485760560515],[113.0111093049246,-0.4925032494657146],[113.00734135637856,-0.4935466636643854],[113.00385880848198,-0.4939613765700811],[113.00133494498569,-0.49356451296765763],[112.99928374338606,-0.49235166188830964],[112.99773202221964,-0.49092917582188333],[112.99562281838651,-0.48765623513285505],[112.99263970914585,-0.4874956495557338],[112.99109688347187,-0.4888155639257285],[112.98391765655926,-0.4954373732808428],[112.98266469416066,-0.49900905286784497],[112.98244617092423,-0.5020546714077332],[112.98227673356635,-0.5042975778923914],[112.98125556368966,-0.5064245743750307],[112.9797751650983,-0.5078648414095388],[112.97544094349269,-0.5106829897789581],[112.97270301200884,-0.5118958639021032],[112.96978681418493,-0.5127654246371249],[112.96687496943407,-0.5129437925260871],[112.96390521003298,-0.5124934147103738],[112.96053419764753,-0.5123195223772478],[112.95687773745418,-0.5127386831939147],[112.94991256592958,-0.5149459350181025],[112.94688484100173,-0.516038385395225],[112.94391510204366,-0.5171977612956921],[112.94083381305161,-0.5180628397942519],[112.93798004734668,-0.5186960333818014],[112.9315856976567,-0.519971346674832],[112.92890125833233,-0.5204439736246994],[112.92662270547315,-0.52102363332662],[112.92388034343512,-0.5220626110176673],[112.92211012579203,-0.5234360150412812],[112.92069207639207,-0.5249922667649211],[112.91967092302512,-0.5270077804079061],[112.91840904742848,-0.5292551433848831],[112.91642027830532,-0.5305170872816727],[112.9127593567007,-0.5297946992490247],[112.9104763068817,-0.5291615479772646],[112.90807279822526,-0.5286487025693538],[112.90481765570178,-0.528773595044045],[112.90207531577718,-0.5292908408567574],[112.8987666966161,-0.5304457458535347],[112.89094541514059,-0.5337365366337316],[112.88831903304659,-0.5348959375589156],[112.87890590312671,-0.5407195181536089],[112.87492390919087,-0.5433637729413373],[112.87314468374227,-0.5446479747215088],[112.87058070557656,-0.546663488892512],[112.86813263280469,-0.5490803005369097],[112.8658541045531,-0.5515015936438472],[112.8640303141411,-0.5536910549170786],[112.86037381284397,-0.5582303800555992],[112.85855010230881,-0.5605402104947562],[112.85627145903558,-0.5643349015288192],[112.85393489826038,-0.5671040347818695],[112.85217354149573,-0.5688876432074874],[112.8492573039804,-0.5706757633474162],[112.84612259057458,-0.5718886602268475],[112.83133619986766,-0.5750278267399148],[112.82311357723908,-0.5764726146869823],[112.82014378910968,-0.5769987646768954],[112.81700015834316,-0.5771236388995645],[112.81219327501174,-0.5755807439646675],[112.8096783136356,-0.5744303069093876],[112.8054510869039,-0.5716344669602403],[112.7993867406653,-0.5681340931613551],[112.79715713975872,-0.5669969783453768],[112.79492762456944,-0.5664797262644305],[112.79058886512624,-0.5661453287972358],[112.779222679225,-0.5655923639227354],[112.76471719513326,-0.5663147230068741],[112.76077090328734,-0.5667784957365078],[112.75756925182283,-0.5673581763711282],[112.75409118443083,-0.5685130646242714],[112.75123738342899,-0.5702521704510366],[112.74883837306383,-0.5722676452508103],[112.74633679510427,-0.5754425178717683],[112.74468243877462,-0.5782562012470259],[112.74348297189694,-0.5804456235961117],[112.74268920626126,-0.5826885666339168],[112.7421273871111,-0.5855647069792452],[112.7419044414734,-0.5885567554125388],[112.74282750155642,-0.5925743854952774],[112.7428898753651,-0.5964716739684329],[112.74278285790965,-0.5993477472822136],[112.74250199386216,-0.6026296811667246],[112.74320201712186,-0.6088902768102531],[112.74377283712917,-0.611360592374376],[112.7444060305252,-0.6139469025003214],[112.74482073379443,-0.6171663109657483],[112.74390213081612,-0.6200959827264375],[112.7419758168155,-0.6224013200540487],[112.737806488163,-0.6243097879464582],[112.73386463594312,-0.6244926290120424],[112.72797424185963,-0.6238148576664589],[112.72551725647888,-0.6234804036952054],[112.72299789013312,-0.623823794339436],[112.72071928939886,-0.624572940120136],[112.71894896042073,-0.6255048335224165],[112.71615761731044,-0.6263654536565606],[112.7136382279154,-0.6265438625916232],[112.71135515096982,-0.6262004460812843],[112.70969191772883,-0.6250633917156505],[112.70746684352818,-0.6234626025853158],[112.70301213440464,-0.6214604856878748],[112.699868494176,-0.6220936376000668],[112.69901231816407,-0.6243900821312389],[112.70084951316994,-0.6272662314053259],[112.70153619863729,-0.6291568526310102],[112.70085842408065,-0.6322692934729224],[112.69692106711021,-0.6344587094378709],[112.69412075364133,-0.6353817396640995],[112.69201603539967,-0.6383738052077577],[112.69218989054217,-0.6420035242464929],[112.69254214715988,-0.6446433075233421],[112.6926670827517,-0.6471760807042645],[112.69243521537517,-0.6493030481108756],[112.69141399809638,-0.6514880329074358],[112.68901948473642,-0.6524110664176933],[112.6844934995402,-0.6527009039776964],[112.68180917879567,-0.6524199841742024],[112.67833103607178,-0.6523753731069626],[112.67513385533486,-0.6525582275672183],[112.67141945417477,-0.6534901647123579],[112.66793691290003,-0.6546985651073038],[112.66428486532686,-0.6560853739149651],[112.66012004472692,-0.6565535696659578],[112.65612024875153,-0.6566739955654639],[112.65309249878548,-0.6563930817234211],[112.65096996802008,-0.655648355613121],[112.64828565450004,-0.6543998283573801],[112.6448610537659,-0.6561299953351584],[112.64195366747364,-0.6584888356915534],[112.63960823871824,-0.6585512349283981],[112.63692380650404,-0.6559739182825916],[112.63452035164008,-0.6546540361267839],[112.63143025268563,-0.6547744089271279],[112.627006782285,-0.6567364044971438],[112.6233280456383,-0.6596214230076731],[112.6214462519155,-0.661636985485311],[112.61802611512933,-0.6637728464938297],[112.61283128116038,-0.6648742604934814],[112.61056608710885,-0.6645576795908795],[112.60649045421246,-0.6651730351656211],[112.60455525323914,-0.6682854431397482],[112.60090763466036,-0.674670878165892],[112.60011394507467,-0.6770832965238703],[112.59949412477822,-0.6800262593005459],[112.59892340966718,-0.6828355004590464],[112.59784872579053,-0.6853682774420586],[112.59544973457933,-0.6876156636912933],[112.59218565808898,-0.6890604408523754],[112.58910444655005,-0.68993886770762],[112.58516705315478,-0.6908083874764814],[112.58202334898223,-0.691160681825511],[112.57866120394412,-0.691160672697887],[112.57129031385284,-0.690714765954899],[112.5678032795318,-0.6898541441883077],[112.56420037888324,-0.6889534286337786],[112.56088274332365,-0.6879857724223606],[112.55756964552594,-0.6868977385978274],[112.55390869455977,-0.6865009260257312],[112.55082747420461,-0.6869066631282142],[112.54826351311566,-0.687602291726191],[112.54626583136562,-0.6888151599239649],[112.54466946602977,-0.6910581121484931],[112.54357699947089,-0.6938807166191552],[112.54221252891577,-0.6964670134351628],[112.54038871575014,-0.698602932970825],[112.53811010496219,-0.6996418751769208],[112.5351403383112,-0.6994813261973727],[112.53188528175697,-0.6989730271451061],[112.5290225382216,-0.6984557572518875],[112.524621326541,-0.6970823827689063],[112.52153566735339,-0.6957713499716912],[112.51828048416594,-0.6952005814592526],[112.51525283063398,-0.6950936063275627],[112.51287159037416,-0.6952452042799107],[112.50868003638561,-0.6947680682565274],[112.50604923576316,-0.6937335393148097],[112.50341833874651,-0.6933902286884207],[112.49180682292435,-0.6923780297324437],[112.48826627103244,-0.6924983936471415],[112.4862061966733,-0.6938182940035181],[112.4850067284221,-0.695597479424763],[112.4847168878348,-0.6987634039342743],[112.4847703632916,-0.7025625917714097],[112.48516724569477,-0.7062457877508538],[112.48516278940815,-0.7108476063391819],[112.4848193824584,-0.7146467724533498],[112.48423970113578,-0.719025578863807],[112.48355306854802,-0.723114575078788],[112.48263443542999,-0.7258703325748389],[112.48131455285582,-0.7282336476522286],[112.47897353825299,-0.7304765706214107],[112.47571397243591,-0.731569063916355],[112.47205305595325,-0.7318499575061553],[112.46914124955332,-0.7312702990653966],[112.46600198095238,-0.7297764655390738],[112.4621181284848,-0.7273016494397255],[112.45864006785519,-0.7247020505609346],[112.45629901320692,-0.7218928098747165],[112.45430136943735,-0.7180401331872062],[112.45169274143502,-0.7030129823273723],[112.45146091771487,-0.6989908674757624],[112.45169719783411,-0.6961682406457157],[112.45169719783411,-0.694041261503507],[112.451643721044,-0.6898987140651527],[112.45130930916396,-0.6858677101377902],[112.45063148140393,-0.6823004052981966],[112.44936959130561,-0.6794153745551561],[112.44697504361908,-0.6768290827920478],[112.44451810180287,-0.6753264139335383],[112.44103999593148,-0.6741179932322925],[112.43870336737962,-0.6734936955162724],[112.43366903438422,-0.6725617577434355],[112.43132802782215,-0.6725617789548314],[112.42880421096028,-0.6732484785067544],[112.42262834360758,-0.6757187798946931],[112.42056825991702,-0.6769271805316773],[112.41908333524076,-0.678541422349749],[112.41839666959778,-0.6805569068974416],[112.41736657955693,-0.6831432209258467],[112.41564982178467,-0.6859657950686594],[112.41324639378328,-0.6886680420517065],[112.40872929145874,-0.6934972345581061],[112.40626346014182,-0.6957401602579778],[112.40386892941186,-0.6975773245836308],[112.40055134086965,-0.6991870581780778],[112.3957533432755,-0.7012025564931816],[112.39226629483616,-0.7023529768628349],[112.38208177379937,-0.7063127049902617],[112.37801951471525,-0.7080963583665817],[112.3737343213885,-0.7099334608523254],[112.36996636069671,-0.7112533582177293],[112.36573025861263,-0.7126446077555453],[112.35476081376227,-0.7158551938724653],[112.34921366778514,-0.7172330249631874],[112.3445895908026,-0.7179197474161596],[112.34212374427518,-0.7168227629780427],[112.33966680733327,-0.713839638715866],[112.33835579664351,-0.7096971485954298],[112.33733465553284,-0.7076816526714097],[112.33430697323966,-0.7045156780221254],[112.33213980474173,-0.7039360070270749],[112.32979436243575,-0.7041722957448114],[112.32756033610065,-0.7064687465999155],[112.32584356631612,-0.7083058902037342],[112.32189721720212,-0.7127917876642167],[112.31989957208457,-0.7153780677293593],[112.31818279408793,-0.7176209855571819],[112.31635459405267,-0.72003331150092],[112.31508822323372,-0.7223966867150976],[112.31411609217945,-0.7248090177181759],[112.31199801233136,-0.7297675837508801],[112.31016534849793,-0.7327061091986155],[112.30679425673519,-0.7344808331646175],[112.30479213619482,-0.73391009751693],[112.30268295796198,-0.7328131321090904],[112.30142103339749,-0.7301644312546152],[112.30034638662845,-0.7271723954686181],[112.29931639866807,-0.7246930956280165],[112.29675234073238,-0.7211302891745671],[112.2946922687594,-0.7193376938558529],[112.2926411079888,-0.7174381272510231],[112.29058994470452,-0.7149054070978896],[112.28842280897646,-0.7115164668792037],[112.28681751134746,-0.708747373545132],[112.28544406154393,-0.7057508381844345],[112.282831047477,-0.7008592273936258],[112.28060150514459,-0.6976397214934499],[112.27826044617383,-0.693894083071975],[112.27643675010098,-0.6909555275668041],[112.275290685741,-0.6883157366476294],[112.27438556722876,-0.6853192443038564],[112.27158971126235,-0.6778324212426741],[112.2699442854225,-0.6735695163610436],[112.26817397283597,-0.6700601708803121],[112.26635026610649,-0.6671305544823981],[112.26372385218906,-0.6637283058601312],[112.2622389601503,-0.6614229086918583],[112.25972842098737,-0.6570530278017331],[112.25744536534431,-0.653311846429947],[112.25453805798622,-0.649106895828],[112.2458116504293,-0.6371921527190428],[112.24398782970407,-0.6350562357776083],[112.23599268588356,-0.6274713459282246],[112.23079779745069,-0.6229721151646782],[112.228006421174,-0.6209030618470335],[112.22537112816195,-0.6189945466380198],[112.22162548005633,-0.6171484916807126],[112.21863343142512,-0.6158286432070588],[112.21606498118899,-0.6151954251396345],[112.21041077635573,-0.6142723507931016],[112.20772643080012,-0.6142634648316587],[112.19944142034126,-0.6150660796701656],[112.19702903417792,-0.6157572715631584],[112.19460327368944,-0.6172822657233806],[112.1915443261297,-0.6200781287081413],[112.19028687162876,-0.6222051142076126],[112.18959128718696,-0.6244480581770822],[112.18890452579417,-0.6273776944629138],[112.18821785512506,-0.6299728858545001],[112.18741520785262,-0.6319259709200137],[112.18501181218883,-0.6353728384322667],[112.18123488579158,-0.6372724506559561],[112.17832309463483,-0.6375622439962485],[112.17518835041736,-0.6376335917182278],[112.17318180958004,-0.6378966979892498],[112.1703725217412,-0.640375946842871],[112.16968584475558,-0.6424538878139048],[112.16882524687341,-0.6452140613880987],[112.16819651262553,-0.6472296047316225],[112.16573505985917,-0.6502172117727155],[112.16355904584557,-0.6518269512625141],[112.16155240269009,-0.6544131867843082],[112.16040645030425,-0.6568924606339351],[112.15949236225742,-0.6597017275579605],[112.15897505501256,-0.6628676578669164],[112.15885025359724,-0.6658641727276192],[112.1587387327927,-0.6688562395362219],[112.15861393136328,-0.6730522280533038],[112.15901071255843,-0.6759952471305111],[112.15958596329088,-0.6785815336017246],[112.159804456649,-0.6807129561523428],[112.15905983264614,-0.6842892170488389],[112.15694621242285,-0.6839458354244694],[112.1549529345236,-0.6815201086650777],[112.15357957013819,-0.6797364230752384],[112.14948166673683,-0.6791612043843969],[112.14758207434059,-0.6800798183157805],[112.14672146737426,-0.6847395634384862],[112.14739923745991,-0.6879590348843336],[112.15024412296997,-0.6971670641678067],[112.15469432583929,-0.708511007933126],[112.15725830719403,-0.7145530989111376],[112.15868524646672,-0.7172018414821073],[112.15993380616166,-0.7194447477735202],[112.161249222937,-0.7216876749318413],[112.16216331021316,-0.7236496489383553],[112.16233277425454,-0.7258926174109156],[112.16084343682579,-0.727555827790543],[112.15815902463221,-0.7287687364741613],[112.15546578555954,-0.7292235652517332],[112.14706485514414,-0.7296293390397829],[112.13952450191152,-0.7296293465422437],[112.13483348550209,-0.7292770442146381],[112.1293487949596,-0.7284699786590558],[112.12505918349201,-0.727257086788974],[112.12123766823734,-0.7251791516727736],[112.11781311712994,-0.7230521841022833],[112.11461597330079,-0.7211436520104235],[112.11090150637762,-0.7197167256411336],[112.10754379921745,-0.7184682062890171],[112.10341470055188,-0.7170011213662781],[112.09879501715419,-0.7150480679594496],[112.09353774548399,-0.7123324835630477],[112.0898277933811,-0.7104908976704788],[112.0864566841771,-0.7092244532229036],[112.08359398028784,-0.7084709153784317],[112.06753676037107,-0.7044933832650466],[112.0627342563514,-0.7033964543765283],[112.05919818706516,-0.7027632277547824],[112.05033797982509,-0.7017777753145671],[112.03759833222057,-0.7011980678754636],[112.03376794793783,-0.7011356857471837],[112.02942477124625,-0.7011356754734509],[112.02608496705469,-0.7018223792388604],[112.0230795583062,-0.7032091438720086],[112.02072957348761,-0.7058578937710517],[112.0162660251496,-0.7135631729746335],[112.01499965225065,-0.7164928311341017],[112.01459384152189,-0.7190791275307076],[112.01459384152189,-0.7213889127303339],[112.01493715685635,-0.7238013102640363],[112.01635963174415,-0.7290407074303278],[112.01823249073574,-0.7357784439737922],[112.0196013835863,-0.7399209592825232],[112.02718186129779,-0.7594384317468295],[112.02974588855822,-0.7660601936977536],[112.0312797917566,-0.7693956173785048],[112.03276911979233,-0.7725615507516377],[112.03379023508263,-0.7751567462082345],[112.03567645461561,-0.7799903894797956],[112.03612683652523,-0.7826926423169979],[112.0356675397639,-0.7860324647270236],[112.03417375588056,-0.7906877694138883],[112.03217164208974,-0.7934568981814123],[112.02919744199912,-0.7958692562599381],[112.02548293949464,-0.7970197097088585],[112.02096590929271,-0.7976529207181804],[112.01598957183644,-0.7978803514628752],[112.01062078680492,-0.7977599610600783],[112.00512718253434,-0.79833072072439],[111.99986990550448,-0.7997041177254182],[111.99574964276569,-0.8009259202793961],[111.99043885930236,-0.802647112369486],[111.98543581627568,-0.804707206177249],[111.97888982938245,-0.8076992389156366],[111.97867577779984,-0.8078196433905527],[111.97579967999073,-0.8094294137291305],[111.97277193289186,-0.8112665766549316],[111.96848224815204,-0.8139776667335834],[111.96454042723704,-0.8162116872944444],[111.96099095586567,-0.8177054856406907],[111.95709370142887,-0.8185081129276577],[111.95446729816273,-0.818628508403744],[111.9518988409998,-0.8176386190637546],[111.94863927922322,-0.8156854899139829],[111.94647217973153,-0.8135540537177863],[111.9438992590362,-0.8113646661342061],[111.94230736404269,-0.8100982913629887],[111.94030964806389,-0.8092376505919112],[111.9381336282815,-0.808657957594831],[111.93613600092266,-0.8077349585311616],[111.93442365704294,-0.8057729281703503],[111.93014738782495,-0.8003640636744924],[111.92820770458495,-0.7971980624777035],[111.9262634717686,-0.7928861523744122],[111.92518437298975,-0.7881639634328872],[111.92318673853556,-0.7841284372774073],[111.92044887048165,-0.7803917503198188],[111.91891491389912,-0.778313787042687],[111.91645796210426,-0.7755892774859099],[111.91468766040163,-0.7741177841832344],[111.91251162553822,-0.7733641754933996],[111.91034896225356,-0.7731323220024375],[111.9070492450339,-0.7746038228330382],[111.9062822641604,-0.7783048577729336],[111.90616636643276,-0.7815332822174942],[111.9061574512228,-0.7851496090494228],[111.9063804224373,-0.7908572549343087],[111.90659884506321,-0.7958068681091743],[111.90687530750334,-0.8049033925185373],[111.90692888972458,-0.8080693692340999],[111.90646957453096,-0.8110034579682113],[111.9059433952062,-0.8132464119846647],[111.90434256877847,-0.8191681034859312],[111.90330358232131,-0.8222269945997537],[111.90250539746292,-0.8263160013693973],[111.90216207057848,-0.8291921646211932],[111.9022155618915,-0.8322377038496532],[111.90271945366403,-0.8360368513244607],[111.90368711854956,-0.8394391687119466],[111.90442726331095,-0.8418514912705933],[111.90608158096579,-0.8462838772038159],[111.90716514273566,-0.8486472254015532],[111.91269893561082,-0.857797264914811],[111.91777786431533,-0.8648827767187458],[111.9193207365379,-0.8667288222162242],[111.9199984720739,-0.8686819136400452],[111.91919583304937,-0.871384135715923],[111.91697076722872,-0.8714465524333102],[111.91245367676696,-0.8708133749884674],[111.90593893760098,-0.8693151004487992],[111.9023449235333,-0.8680397936164236],[111.89720356834263,-0.8660198588855964],[111.89068434688794,-0.8635406241742235],[111.88754072157302,-0.8628539212105242],[111.88292107280243,-0.8621582731052333],[111.87909069329025,-0.8622653032372652],[111.87571517141133,-0.8627825367819537],[111.8699049557104,-0.8641738086966132],[111.86872777387741,-0.8707866154346968],[111.86837543801934,-0.8739526102620715],[111.86797415901137,-0.8779211780257504],[111.86797415901137,-0.8820101915110843],[111.86750592431402,-0.8859832294845016],[111.86664532573668,-0.8906385703572799],[111.8654993465994,-0.8940943617288724],[111.8635551751056,-0.8974966690859122],[111.86161100280187,-0.8996236401254464],[111.85977827101796,-0.9012333920466514],[111.85708502916717,-0.9030660703268057],[111.85405727950628,-0.9046757733978672],[111.84942431489377,-0.9063435071058862],[111.84725270505203,-0.9072620784689339],[111.84371213567765,-0.9092820459940535],[111.84073796088596,-0.9109452787384423],[111.83838804045253,-0.912158162555485],[111.83535136419005,-0.9134245272654539],[111.83209171134722,-0.9143921835610337],[111.82820789030994,-0.9144457184096122],[111.82392269302396,-0.9141023078317945],[111.8190087765503,-0.9132863155483358],[111.81300235741382,-0.9120020867454423],[111.80631818025957,-0.9108204148080771],[111.79123749889129,-0.9092552973575262],[111.78729115257676,-0.9092552718940968],[111.78288111083874,-0.9095897550016904],[111.77870741626218,-0.9105083203957206],[111.77528279789713,-0.9120021076465389],[111.77230858961123,-0.9143653919257275],[111.76944582319108,-0.9163274399784885],[111.7665876044022,-0.9176473320842251],[111.75943959662034,-0.9208043917154115],[111.75629598866419,-0.9220707406150163],[111.75252356660222,-0.9234441556844969],[111.74846575703585,-0.924367182819617],[111.7437212725065,-0.9248800186211116],[111.74006037957669,-0.9244207184524802],[111.73805821871143,-0.9240773275134855],[111.73582425502475,-0.9237875341147879],[111.73320228552566,-0.9236715511832608],[111.73045549860576,-0.9243047851492686],[111.72856923713513,-0.9262578308984237],[111.72713348025479,-0.9289600363716594],[111.72621036362503,-0.9323534661579673],[111.72569317446707,-0.93580920902457],[111.72495291617004,-0.9392516935474586],[111.72323613899584,-0.9415704107582101],[111.7210021721864,-0.9431176861357328],[111.71785846087346,-0.9451332116900782],[111.70956459398525,-0.9484061874652342],[111.70499403577583,-0.9501808925691309],[111.7014980671783,-0.9516167556528953],[111.6943456483482,-0.9553623841372602],[111.69080955750103,-0.9579665005543015],[111.68770605015354,-0.961404458488902],[111.68553894399027,-0.9631212377315269],[111.68272973865359,-0.9650207983436194],[111.6802727867117,-0.9659438583914962],[111.67672777761611,-0.9662247821334621],[111.67261645060164,-0.966866878696117],[111.6683268124661,-0.9687040231011014],[111.6645499980009,-0.9712368019726539],[111.66198150913834,-0.9735332571993095],[111.6591723009501,-0.976636768942847],[111.65648790983836,-0.9788797065844785],[111.65132873280439,-0.9804894296619769],[111.64870229204494,-0.9805518847697337],[111.64184425153309,-0.9800256653669566],[111.63915985938368,-0.9795129239039188],[111.63629706563069,-0.9797358776040065],[111.63230172694539,-0.980596462346559],[111.62800762701056,-0.9824336318343331],[111.62469450793283,-0.9845561334742633],[111.62188529808701,-0.9874322705591686],[111.61953532887972,-0.990781045483071],[111.61799694558115,-0.9933673474606628],[111.61587441333056,-0.9975633401473207],[111.61461696013923,-1.0002031337454327],[111.61426470585448,-1.0033066654135803],[111.61458575579526,-1.005371245083074],[111.61512969390894,-1.0073064466591986],[111.61613305458684,-1.0095047928856722],[111.61705162679065,-1.0119885338692176],[111.62265221537623,-1.028451510002334],[111.62384725992244,-1.032023299021926],[111.62470788122367,-1.035189232358672],[111.62493977590617,-1.038466636135252],[111.62476137438699,-1.041052950515344],[111.62407469684136,-1.044044995222606],[111.62316058237701,-1.0462879203219153],[111.622019030995,-1.048178621739308],[111.61915632800215,-1.049797231870203],[111.61613305458684,-1.0484773459499552],[111.6140194378924,-1.0473848703205348],[111.61127263690244,-1.0468052031901725],[111.60887809026221,-1.0471485439628976],[111.60704986155142,-1.0486379089422844],[111.60578795073093,-1.051915300949655],[111.60470435045035,-1.0552507376598186],[111.60367433431827,-1.0581268530552266],[111.60276022003548,-1.0602538298601767],[111.60059311059378,-1.063700742680151],[111.59876033342373,-1.0656627494509556],[111.59653527326621,-1.0678521507276773],[111.59414072730848,-1.069742832019701],[111.59156787104631,-1.0712945602227777],[111.58837065550304,-1.0723290944796002],[111.58236869026855,-1.073015754251897],[111.57859187604264,-1.0735865416170742],[111.57402130843866,-1.07467012926452],[111.5708240950625,-1.075945440004769],[111.56859457941033,-1.0781259133220453],[111.56579419820666,-1.0827856402344718],[111.56299390838888,-1.088707384243127],[111.55916806236579,-1.09704588179241],[111.55790606283536,-1.0994092271214961],[111.5565951190752,-1.1018751068802453],[111.55523059139568,-1.1055582949998395],[111.55379483074695,-1.1102537360241664],[111.55334441568232,-1.1139503500319163],[111.55334441568232,-1.1171162998224797],[111.55374124672831,-1.119243270744026],[111.55448150677805,-1.1216021760925114],[111.55568546426768,-1.1237380506266872],[111.55693845714644,-1.125463755380296],[111.56111218956309,-1.1274301713264772],[111.56671286002295,-1.1314523260175258],[111.56836714280884,-1.1331289244157658],[111.57002142573192,-1.1356572218115948],[111.57099803859602,-1.1391665129863502],[111.57162676442397,-1.1425598878387015],[111.5713948700309,-1.145832932635804],[111.56990998178902,-1.1492887191710348],[111.56762697315095,-1.1522763291725033],[111.56448325386154,-1.1552059283182663],[111.56265057019742,-1.1568780961169547],[111.55917252012094,-1.1598076939074604],[111.55693845714644,-1.1623940154784675],[111.55573449956404,-1.1654440571514804],[111.55573449956404,-1.168382603355639],[111.55630527406353,-1.1718829612802903],[111.55756272474413,-1.175222805576029],[111.55859283001338,-1.1770109589794546],[111.55985473862006,-1.1789105299718923],[111.5621957881144,-1.1802304251131803],[111.56539290912647,-1.1814967626792718],[111.56882647377186,-1.1828256331903069],[111.57122984201007,-1.184212351397272],[111.57368688557425,-1.1869680815365526],[111.57470798521734,-1.189621274540996],[111.57522526718185,-1.1929031904806642],[111.57481942918513,-1.197099188518092],[111.57344607564212,-1.1998593788870988],[111.57058774292045,-1.2032527212368445],[111.56761805763658,-1.2062982964983715],[111.5648176765741,-1.208715133975641],[111.56276647185433,-1.2103784063213516],[111.56036301370818,-1.211074040352755],[111.55819590787489,-1.2105611923564714],[111.55482484480468,-1.2098076361195098],[111.5508250573314,-1.2094553665917607],[111.5469991232262,-1.2096292368300656],[111.54408284418362,-1.2102490533383317],[111.5419068251642,-1.2113460088491803],[111.54019896115642,-1.2127818540541597],[111.53870961804107,-1.2145654826521766],[111.53494172901443,-1.2159968784628126],[111.5317980165959,-1.2162822205449173],[111.52899773334171,-1.216340198761461],[111.52619299301321,-1.2163936994719684],[111.52265245283921,-1.2158229243733045],[111.51773847464189,-1.2158764765016221],[111.51419802823645,-1.2168529929433194],[111.51179448822361,-1.2175397145490139],[111.50928405407491,-1.2183467786997026],[111.50498106502401,-1.2185207108694176],[111.50205142374212,-1.218199638764027],[111.49591121601263,-1.219827219515973],[111.49443079468516,-1.2212675075511412],[111.49311085186339,-1.22407671691389],[111.4930662745713,-1.2241971541379348],[111.49202735080985,-1.226622900662598],[111.48768415962508,-1.2305290942255782],[111.48545911768056,-1.2316795492807278],[111.48265875707555,-1.2323661870619016],[111.47733905720492,-1.232526714784356],[111.47385202893328,-1.2322993126787465],[111.46551355307707,-1.2317152187806946],[111.46093848523552,-1.2307386579441528],[111.45899874472636,-1.2300385545406403],[111.45648386953145,-1.2300920724290014],[111.45356761984738,-1.2309705376967808],[111.451284547319,-1.2319381582002096],[111.44940275978324,-1.232914689878298],[111.44323139213708,-1.2347518449621249],[111.4391691569062,-1.235148684607993],[111.43540122307303,-1.2361832043487961],[111.43243594871592,-1.2371017979234948],[111.42979608708654,-1.2377884670779995],[111.42694225775284,-1.2380159311883476],[111.42448534565202,-1.2373826967789385],[111.42242525930357,-1.2368030529568124],[111.41905416095514,-1.2369769494619396],[111.41522819975788,-1.2373738035379536],[111.41225402081184,-1.238127392175273],[111.40899437065455,-1.2399689983286175],[111.4065998741293,-1.2423234023878478],[111.40497673708057,-1.245141554566763],[111.40408493074968,-1.2480756459325055],[111.40317529391243,-1.2515849266544634],[111.40271597240348,-1.2546840444626628],[111.40208280200241,-1.2613057612858831],[111.40242613318412,-1.264128367827103],[111.40288545466662,-1.266598752729934],[111.40329119322632,-1.2686142207642102],[111.40317529391243,-1.2707412270006797],[111.40180187814892,-1.2743575585643654],[111.40054445298505,-1.2766004934920314],[111.39694147952014,-1.2779203723661252],[111.39402962752906,-1.2759672837318592],[111.39190714616473,-1.2743486249661176],[111.38956614974268,-1.273777874090181],[111.38699317467064,-1.273889381023773],[111.38436680019817,-1.2743486197427807],[111.38231118787769,-1.2748659036570584],[111.37860115384268,-1.2770017951465333],[111.3757384382692,-1.2796951026871357],[111.37356684029278,-1.2832579163705677],[111.37248327052032,-1.2875163537459144],[111.37231388032377,-1.2909632413849101],[111.3719704603695,-1.293669916010238],[111.3713997010132,-1.2969518316553972],[111.36951357566582,-1.3052903861470653],[111.3679751464338,-1.3088531824195886],[111.36602652477178,-1.3117292894711001],[111.36282931340831,-1.3162731316775218],[111.36093864320867,-1.3185784559281606],[111.35877160124063,-1.320821389400605],[111.35635475171664,-1.32213236400586],[111.35389778504027,-1.3241479130355747],[111.35087006323697,-1.3259315213002694],[111.34881437586947,-1.326564712534619],[111.34664724930839,-1.3265558237912385],[111.34385141942907,-1.3258155809761902],[111.34064531010128,-1.3241924693737763],[111.33847818799957,-1.3246027555338695],[111.33630215190712,-1.3261009806985011],[111.32927907659293,-1.3328788392490019],[111.3271119609121,-1.3351752827038659],[111.32528817147158,-1.3380068120760757],[111.32333957061182,-1.3415160997410398],[111.32242540242898,-1.344209371796622],[111.32208207770665,-1.3463988406820888],[111.32191259866235,-1.348869159519475],[111.32191259866235,-1.351401911388516],[111.32134184642558,-1.3542780342051446],[111.31683368923267,-1.3672183330722594],[111.31552270769022,-1.370848091314442],[111.31398884806421,-1.374294966598758],[111.31210256823563,-1.3769347572967086],[111.30987751437797,-1.3798197488436605],[111.30832573595333,-1.3816568878194475],[111.30615863276876,-1.3838463573860882],[111.30130708110315,-1.389759076787415],[111.29971518851613,-1.3922918432060676],[111.29788249795938,-1.3953507973871366],[111.29588487910962,-1.3983339473896947],[111.2939987000705,-1.4001176060088216],[111.29199207745887,-1.4010941347846941],[111.28936567609165,-1.401727320788442],[111.28572259492671,-1.4021242093375803],[111.28251644667647,-1.4018432974628756],[111.27960022269671,-1.4019502874786505],[111.27697828878098,-1.402414057256173],[111.27514561082639,-1.4046569747276605],[111.27537749283455,-1.4069533670338707],[111.27640754402994,-1.4092587633829337],[111.27909188283385,-1.415412291509246],[111.27954673238527,-1.4181145113984621],[111.2794396607951,-1.4213340269823587],[111.27835166081103,-1.424263634258055],[111.27646549181082,-1.4257663592984842],[111.2737275740247,-1.4258287548969026],[111.27035650973932,-1.424789828221253],[111.26503679080471,-1.4220742187707078],[111.26286962517666,-1.4208122910898537],[111.26064460455301,-1.4200051758488454],[111.25761241502249,-1.419670757210899],[111.25373294161943,-1.4195548511733809],[111.25006761436273,-1.419028658714528],[111.24710229768539,-1.4183330545455184],[111.23619086418682,-1.4152295232955898],[111.23253438288224,-1.4138426894269949],[111.2292792588244,-1.4124068857257353],[111.22642539969218,-1.4107346988107365],[111.22419585838195,-1.40889756845407],[111.22202426557621,-1.4079745666743628],[111.21974123856596,-1.4075687518217421],[111.21682944263128,-1.4079745351589852],[111.21437248930017,-1.409178481612895],[111.21196902727324,-1.4115373230603838],[111.21036371850646,-1.4148772377955297],[111.20945858931844,-1.4182036846644286],[111.20889222421492,-1.4218334474726604],[111.20808961611468,-1.427349305068532],[111.20814310512034,-1.4295476790011281],[111.20848650820083,-1.432477311006048],[111.20882982035764,-1.4354693703516839],[111.20877633133827,-1.437939700767669],[111.20626134799042,-1.4403565176883542],[111.20358144285917,-1.4394335048468225],[111.20100406075896,-1.4370166309078105],[111.19951474204395,-1.4352909805892393],[111.19425746832077,-1.4315988506895037],[111.19134570029345,-1.4306222951107823],[111.18889768543039,-1.4300515116398786],[111.18661459597993,-1.4301719240149773],[111.18467045113964,-1.4310816003808111],[111.18272175945154,-1.4357948935808449],[111.18290014536606,-1.4384480582994872],[111.186837555976,-1.4507016659397218],[111.18929894102286,-1.4577737777523538],[111.19050734749881,-1.4608862613765203],[111.19159094764706,-1.4645025882549538],[111.19187185414015,-1.4678959683877089],[111.19164443631631,-1.471177835231811],[111.19113165468089,-1.4781429186489892],[111.19068127657174,-1.4814292727834435],[111.18994107745552,-1.4844124603587865],[111.18873712863083,-1.4877478770031587],[111.18805041867105,-1.490561569106476],[111.1879969300768,-1.4938434495663262],[111.18873712863083,-1.496376190160192],[111.19050734749881,-1.4997161072149285],[111.19193425759453,-1.5027616335906644],[111.19274140911652,-1.5059187208563147],[111.19285730128638,-1.50857182387231],[111.19251399121593,-1.5111581227113313],[111.19136798723672,-1.5132895569508256],[111.18891105758355,-1.5150196896051134],[111.18479971507516,-1.5161701785953694],[111.18222680910412,-1.5147834131920053],[111.18034507081148,-1.5132806746171754],[111.17577454306824,-1.5093655874798089],[111.1742851481236,-1.5070691473004396],[111.17257734365167,-1.5033859396452192],[111.17177465594582,-1.5002779314630805],[111.17217154241136,-1.4967774994217213],[111.17200652932807,-1.4929248945664233],[111.171195018069,-1.4886619477514207],[111.17074018618356,-1.48636555782872],[111.16936677633416,-1.4797437418364352],[111.1677080060941,-1.4760070077135479],[111.16502359336293,-1.4735857340770806],[111.1613180898604,-1.4715122384990675],[111.15759922008492,-1.4701923891089248],[111.15439758731729,-1.4700764550950085],[111.15080353318733,-1.47065614146085],[111.14675019991938,-1.4719760076543378],[111.14308929802515,-1.4738666684988808],[111.14035142567063,-1.4758197360797654],[111.13851875042461,-1.4781161841925432],[111.13652106603323,-1.4810547516066153],[111.13475079583387,-1.4832441425473122],[111.13195044059667,-1.4850813431583012],[111.12881570240849,-1.4861738018280062],[111.12544464253605,-1.4867445878378063],[111.12190412095957,-1.4867445818679734],[111.1188719136934,-1.4862852842605525],[111.11550086894448,-1.4861113773482224],[111.11218322529211,-1.48708788217715],[111.10875870410264,-1.4888046387107823],[111.1062481924958,-1.4916272485287023],[111.10561945074564,-1.4959437088614869],[111.10664952485503,-1.5002021274835786],[111.10750567654797,-1.5031317639659165],[111.10927592498093,-1.5064715958684785],[111.11081876485,-1.509120309605352],[111.11253552911752,-1.5112473191961922],[111.11464471409491,-1.5138425208437267],[111.11682075983317,-1.5169460482151385],[111.12190412095957,-1.5264394852849958],[111.12293866001677,-1.5308718337870633],[111.12214044664205,-1.5330523088812404],[111.12076706548815,-1.535295276961608],[111.11934010718154,-1.5378859704068855],[111.12156518740353,-1.5419081135005126],[111.12305454879727,-1.5437006418763242],[111.12339793984249,-1.547147518400454],[111.12196206532204,-1.5496802958158549],[111.11843046381412,-1.551740432104747],[111.11385987545628,-1.5520391655424148],[111.10911537363982,-1.5514594664034511],[111.10466078366616,-1.5515129897161362],[111.09596994366794,-1.5530068145486149],[111.09237598404567,-1.5539298112474875],[111.09037825091866,-1.5548974488699652],[111.08780536049348,-1.5569664756426838],[111.08529487381026,-1.5596107115272249],[111.0825480688595,-1.5613363809071905],[111.07929296830284,-1.5619784768242655],[111.07717936156362,-1.5619160610776153],[111.07506566605848,-1.5607656363746367],[111.0730680407242,-1.5590934632136457],[111.07037919521136,-1.5551783764257512],[111.0691217336454,-1.5522442607709164],[111.0681005924767,-1.5484451320135462],[111.0681005924767,-1.5407397975095904],[111.06752980517179,-1.5387331948395657],[111.06610288310414,-1.5372304744285281],[111.06404277583627,-1.5357411603533024],[111.06169732339126,-1.5349876009827925],[111.05827270403103,-1.5352685256051437],[111.05564191201397,-1.536472448638499],[111.05323843618068,-1.5382516081989208],[111.05015721051605,-1.5402091458420777],[111.0467281543092,-1.540677348829462],[111.04381630841075,-1.539691945148242],[111.04135936228329,-1.53888482735582],[111.0387864443396,-1.5390052511924552],[111.03661930534625,-1.5401512136100772],[111.03467520413254,-1.5417609240662926],[111.0273043199477,-1.5484897144697358],[111.02210049361355,-1.5526233443597968],[111.02085197769335,-1.5552140521982014],[111.01954097321534,-1.5583755873594234],[111.01770831550041,-1.5610732884650091],[111.01576860011562,-1.5618848827979936],[111.01331159993055,-1.562058787016253],[111.01097057629492,-1.5615950500858908],[111.00897292701174,-1.560676435208727],[110.99916735912069,-1.5547235735072589],[110.99775831684252,-1.5523334639178379],[110.99695560621305,-1.5499835241057769],[110.9964963558418,-1.5475666849255196],[110.995809618036,-1.5449269008849058],[110.99340621973317,-1.541600447126539],[110.98940195787596,-1.5382694744009162],[110.98728381319945,-1.537355361264838],[110.98339107984862,-1.5366151473106735],[110.98013142151483,-1.5377076168945376],[110.97847708154555,-1.5395001647838267],[110.97705022824199,-1.5415157122876841],[110.97562328516564,-1.5444498152484158],[110.97265797973479,-1.5494395421210447],[110.97088776734,-1.5520257677316691],[110.96831485941173,-1.5547324900825388],[110.96209885661123,-1.5634767399837988],[110.95903988947855,-1.5678645164665768],[110.95689949809336,-1.5711731501434134],[110.95552614540496,-1.5734740973237344],[110.95398770795661,-1.5755519844223942],[110.95170470361317,-1.5773891924892245],[110.94953312372164,-1.5784816639711756],[110.94644743868443,-1.5788338830325235],[110.94198832708955,-1.5790167375971766],[110.93871083099457,-1.5797480033180409],[110.9355850551028,-1.5808627672048354],[110.92746057652951,-1.582200529049178],[110.9236970479732,-1.5820266330403188],[110.91974634399894,-1.5819731110776127],[110.91271876136476,-1.5832484458719234],[110.9100879168589,-1.584064462388772],[110.90820171550241,-1.5849874839154767],[110.90603010373994,-1.5865392318479137],[110.90357317373392,-1.588376388894118],[110.9016334087473,-1.5902224831399114],[110.89946189718127,-1.5924029806398123],[110.89734823490718,-1.5945299390102807],[110.89362934605036,-1.5993680462860715],[110.89082899817761,-1.6033901640906745],[110.89026718293046,-1.606087946967537],[110.88958940318163,-1.6081034632715572],[110.88593292674786,-1.613440994428572],[110.88272685489535,-1.6162635950629136],[110.87907485181532,-1.6182256279219296],[110.87210084505807,-1.6210481913121753],[110.86929153327341,-1.6203214209392744],[110.85900886862508,-1.6280222698405855],[110.85764442485802,-1.6295115948266539],[110.85542377309068,-1.6327934757638596],[110.85496447258942,-1.6349204553788348],[110.85553527854131,-1.6389916167848113],[110.85645378910164,-1.6412880813919613],[110.85822851068097,-1.6446725364284376],[110.85909363480464,-1.6481729019001976],[110.85796548103491,-1.657479072570247],[110.85756857193594,-1.660248147583587],[110.85710927075402,-1.6639804461630012],[110.85699339954816,-1.667480834869292],[110.85751509289975,-1.6700046615000588],[110.85837566905839,-1.673335609540375],[110.85945925722376,-1.6753422178982786],[110.86215258759205,-1.679016537462756],[110.86386928929709,-1.6802829301624114],[110.8675302590469,-1.6801000795486876],[110.8714140693347,-1.6793420277781745],[110.87684525434747,-1.6788158741685788],[110.87931114532161,-1.6786999608189284],[110.8814827189568,-1.6789228878254345],[110.88365884336064,-1.679667565961289],[110.88680243280281,-1.6814467183003619],[110.8884656828635,-1.6835113364510677],[110.88983906839198,-1.6854019525389514],[110.89189923997324,-1.6894151600842857],[110.89413322549035,-1.6971695036649779],[110.8946772153762,-1.6997201374739836],[110.89577420008531,-1.7048748351010967],[110.89798145103691,-1.7075592212345974],[110.90015305146137,-1.7092224857683302],[110.90232902072397,-1.7104264145563806],[110.90421075820068,-1.7111042464689938],[110.90650279012559,-1.7122011750252413],[110.90827302329487,-1.7132847284509505],[110.91188043784732,-1.7160359680644757],[110.91348122959161,-1.7173023777924137],[110.91600066082408,-1.7178731089210888],[110.91839521569342,-1.717810715030702],[110.9226313319625,-1.716477466138973],[110.9249188430989,-1.7158442558989755],[110.92737580653906,-1.715558860991081],[110.92938245531028,-1.7153225585718885],[110.93154955149254,-1.7149167611497156],[110.93367208251263,-1.7142791125024381],[110.93566973457142,-1.7134140262916946],[110.93789486883634,-1.7120941785871497],[110.94011545837536,-1.7103104714838235],[110.94435163198142,-1.7059896278468991],[110.94749525208444,-1.7024223615854248],[110.94903368349003,-1.7004692586771686],[110.95052299997296,-1.6979454091759911],[110.95114286673238,-1.6958228663459811],[110.95233785043857,-1.6903694027017542],[110.95262327139669,-1.6876627118711387],[110.95336347422541,-1.6852369554630198],[110.95433106844364,-1.682833533589443],[110.95542354648148,-1.6807065139644508],[110.95673450288304,-1.6788604965212606],[110.9583219685028,-1.6769074108529203],[110.9603285643154,-1.6752441554031499],[110.96255364093773,-1.6734649808716977],[110.96461381547702,-1.672131671530629],[110.96718671778383,-1.6706869146667225],[110.9695901706248,-1.669483009003285],[110.97455753555612,-1.6674094988345103],[110.97672914775488,-1.6668343039505937],[110.97912815709289,-1.6666514594522563],[110.98135325829296,-1.6669947930874225],[110.98416249471252,-1.6688854567324651],[110.98708315944168,-1.6714093212369912],[110.99734354507248,-1.68502293802986],[110.99982280838472,-1.6886481622142102],[111.00173130773933,-1.6915332128664713],[111.0032206699619,-1.6944762077654236],[111.00493743115318,-1.6981014833672268],[111.00573559741397,-1.7013833817458868],[111.00607451119497,-1.7044868901637198],[111.00607451119497,-1.7065024285363135],[111.00579799538389,-1.7116794514113307],[111.00493743115318,-1.7167316411101985],[111.00454057665317,-1.7198440827937198],[111.00470557642775,-1.722604219188827],[111.00562417247309,-1.7264033716120282],[111.00653822102879,-1.7284099754379885],[111.00870532476638,-1.731468965589254],[111.01082786099897,-1.7339393100203329],[111.01316888445069,-1.7366415195064604],[111.01453345956008,-1.7389468630771776],[111.01551891591652,-1.741586661276813],[111.01585328354389,-1.7450424393304438],[111.01494814433272,-1.7476287144967189],[111.01345877243837,-1.7504423944197374],[111.01220134837936,-1.7533274492522941],[111.01185797643686,-1.7554544463107797],[111.01225483254473,-1.761443017018948],[111.01289245851488,-1.7667359518676595],[111.01345877243837,-1.7711014457606624],[111.01345877243837,-1.7754178214131087],[111.01311540025846,-1.7788602981415662],[111.01168851899618,-1.7841532018799915],[111.00998066539435,-1.7879613058209334],[111.0084912975742,-1.791118334116492],[111.00718039294563,-1.7946276462096742],[111.00615028017299,-1.7974502650994795],[111.00552157057444,-1.800143577745017],[111.0047902593389,-1.8022348545157298],[111.00338566961501,-1.804406461963309],[110.99797234275215,-1.8078979167582252],[110.99620201361853,-1.808936891050552],[110.99300491083991,-1.8107294395260032],[110.99021348802651,-1.812869862763175],[110.98838968323528,-1.8155185034839854],[110.9850989078627,-1.8203031334276716],[110.98368087202118,-1.8224925805563914],[110.98248140925351,-1.8244546002817124],[110.980893921057,-1.8285435724796693],[110.98045250263614,-1.8319904499416726],[110.97934663765439,-1.8392276011317852],[110.97873130841691,-1.841470526311614],[110.97788403725451,-1.8444625709460836],[110.97709034056768,-1.8472316660177617],[110.97595773621241,-1.8514901372437402],[110.97523535113956,-1.854937016623185],[110.9743479694397,-1.8610860866612111],[110.97419188635925,-1.8633869898431106],[110.9742053480696,-1.8686665553140018],[110.97476273573663,-1.8782000842620612],[110.97535577894973,-1.8821731472999124],[110.97605133158093,-1.8845766406760616],[110.97955174744901,-1.8877068977207818],[110.9824234690468,-1.8894816213701462],[110.98471097170774,-1.8907302149680527],[110.9880374019742,-1.8924915097158679],[110.98999054914141,-1.8935750928335386],[110.99222448718866,-1.8952962847471448],[110.9944139493353,-1.8986718510570268],[110.99533699704658,-1.901137740184472],[110.99633135682681,-1.9056057671749203],[110.99617081480106,-1.9092889853514345],[110.99527905641433,-1.9141716535037832],[110.99444514812176,-1.9187200016442396],[110.99354438571281,-1.9227465334331837],[110.99275068188524,-1.925796545611316],[110.99156012681469,-1.9284987824823785],[110.99025805761526,-1.9307417186518467],[110.98883119462937,-1.9325877557178193],[110.9866640241962,-1.9336356327580013],[110.98461728491189,-1.9346122115612097],[110.98227629911129,-1.9355531019831163],[110.97981934527537,-1.9368907771323725],[110.97793761133927,-1.9382240820396117],[110.97611381945373,-1.9401771888284391],[110.97492318483108,-1.94219264669846],[110.97419188635925,-1.9446719423364098],[110.97386198353155,-1.9480519328104615],[110.97364796058417,-1.9510484494207352],[110.97394666495163,-1.9543124971342876],[110.97452633712659,-1.9567739709392629],[110.97668457851353,-1.966089005718089],[110.97721076850804,-1.9696964309153076],[110.97767447073181,-1.9718858416784137],[110.9787758777113,-1.9737765167515398],[110.98043913183471,-1.9761755117914679],[110.98290945737132,-1.9782891340409885],[110.98829608720006,-1.980153017940606],[110.9912702423764,-1.9814015583147775],[110.99333927427229,-1.9827660201385962],[110.99517199813967,-1.984424857004423],[110.99717863693735,-1.9866231847041833],[110.99868127533723,-1.9882952908613072],[111.00349263742473,-1.990038830987346],[111.00906206712946,-1.9893699553885429],[111.01229940268372,-1.9879787241037514],[111.01526468377071,-1.9861326464295108],[111.02046849082241,-1.9839432479572436],[111.02400010228952,-1.9830291363317192],[111.02892295758923,-1.9822265033669024],[111.03109008773052,-1.9824048772943224],[111.03366299520694,-1.9832565706068117],[111.03669070946668,-1.9841260391751048],[111.04097587121763,-1.9851650111132808],[111.04469480999774,-1.9856287624602493],[111.04875258656563,-1.9859810629814536],[111.052466992289,-1.9860969761938885],[111.05664067020241,-1.9857982306463018],[111.06578187808276,-1.985294333698945],[111.06948740164104,-1.985410317880866],[111.0727469436255,-1.9855262245906513],[111.07544024945393,-1.9859364338801195],[111.07920819112685,-1.9869665439519537],[111.08189259115962,-1.988803654908995],[111.08389477328282,-1.9915058446922982],[111.0846393952355,-1.993869193874712],[111.08474645854108,-1.9962280671585615],[111.0840062027663,-1.9994475628054091],[111.08183910506177,-2.002858723400607],[111.0788202355328,-2.0073356810287497],[111.07843237097512,-2.009458181884908],[111.0764480228518,-2.0196160724949763],[111.07566765562869,-2.022893474881716],[111.07532436327709,-2.0255956932493064],[111.07545362093629,-2.029270038052996],[111.07597538170496,-2.032543008849725],[111.07712578462667,-2.035753510603067],[111.07766091732172,-2.0366007755183415],[111.08079567161948,-2.041380940938493],[111.0815492067973,-2.0458578348941527],[111.0808803578986,-2.048551132794935],[111.07916807660598,-2.049764002842874],[111.07653725707605,-2.0499379654456384],[111.07270682923235,-2.0505711005015304],[111.06836811212857,-2.052078336372244],[111.06407852388219,-2.0536880256268004],[111.0605379241129,-2.0553513109357646],[111.05797398588852,-2.057362338112348],[111.05695285046191,-2.0596052433456284],[111.0561680337503,-2.063448979950659],[111.05537430312145,-2.06690479034521],[111.05360410123784,-2.0698344118306227],[111.05189620950976,-2.070926899323445],[111.04875258656563,-2.071680536543049],[111.04646500374109,-2.071047294390271],[111.04422654258696,-2.0700707498817406],[111.04205948836727,-2.069727409339083],[111.03937505154231,-2.0709358183769764],[111.03715442699203,-2.073245658947881],[111.0367575655564,-2.075595612641021],[111.03733725798165,-2.0784628100842473],[111.03883547219267,-2.080759217128423],[111.04255886389122,-2.0853476392997274],[111.04485526529065,-2.088330793187218],[111.04875258656563,-2.094065180286569],[111.04990297368741,-2.096361608761194],[111.05065213103553,-2.0987160097703446],[111.05089736278984,-2.1013023337489782],[111.05072790182277,-2.1038796598041],[111.05050495561329,-2.1060021949230934],[111.05154391609477,-2.108762432680856],[111.05531190350052,-2.108815894975704],[111.05789375769842,-2.1089184636186458],[111.06040866741769,-2.110697672676586],[111.0610418524776,-2.1131055544981514],[111.06162155217962,-2.1164855661287887],[111.06260694200489,-2.1217249778790084],[111.06427918595347,-2.1247616747202946],[111.06588884943012,-2.12762888580575],[111.06755209088821,-2.130906283413238],[111.0686401799241,-2.1340633694696862],[111.06940262487592,-2.13710001150694],[111.0702676755123,-2.140203500850843],[111.07124424626832,-2.1427273585488],[111.07273802931584,-2.1454741969720024],[111.0740044074559,-2.1476011810236417],[111.07555176943883,-2.1496211515050048],[111.07779026609217,-2.15276480703255],[111.07865086314887,-2.1549452813793684],[111.07900307039912,-2.1578125425004835],[111.07878012101955,-2.161196999188208],[111.07430321896297,-2.1750335710481816],[111.07316609814865,-2.1775039173907227],[111.07151176633928,-2.178948680464624],[111.06894781396542,-2.1803889339913733],[111.06529131992814,-2.182342025857673],[111.06375742822556,-2.184005233759145],[111.06347653779005,-2.1862481628952324],[111.06439952862877,-2.189458739442503],[111.06589330656973,-2.193360464543117],[111.06584873517419,-2.1972131550353247],[111.06300380873694,-2.2029029597162375],[111.06055575262323,-2.205199407137573],[111.05798290013207,-2.2072684130190394],[111.05462077780307,-2.209738766535703],[111.05227524564106,-2.2119816928607365],[111.05028646653368,-2.214451982837243],[111.048056915141,-2.216360521993542],[111.04435588916802,-2.2188843722342804],[111.04064140812868,-2.222219788528588],[111.03557589588868,-2.2306697697315583],[111.03455922941231,-2.2324489343639513],[111.03302081405336,-2.236466588971533],[111.03194620715729,-2.2399134444945297],[111.03183914672736,-2.242200962978046],[111.03259275404638,-2.247030235642198],[111.03420248212149,-2.249950941668832],[111.04139056186816,-2.2624586836717513],[111.04471709545427,-2.2673994016620758],[111.04941696756369,-2.272273145831458],[111.05147705948951,-2.2741014258970074],[111.05359509605277,-2.2752518760083786],[111.05611454833911,-2.2763978081252],[111.05852694194996,-2.2781190724042393],[111.06013660074913,-2.2811021968584333],[111.0614030618593,-2.2847095788723464],[111.06260694200489,-2.2880405836418496],[111.06421669508865,-2.291313510405613],[111.06576404952543,-2.2936100008896823],[111.06737380516384,-2.295843981387835],[111.06897901399059,-2.298314327417102],[111.07019190397477,-2.3008381595794614],[111.07359862422892,-2.312543300596481],[111.07601995332496,-2.321260832114331],[111.0768359779939,-2.3259741514745778],[111.07753156855948,-2.3303350988120615],[111.0786954348275,-2.3349814879466364],[111.07978789607104,-2.3388832550109178],[111.08531270253931,-2.3532906036051235],[111.08801939647488,-2.359140939100061],[111.08951764896239,-2.3629222496743005],[111.09067706480863,-2.3673991873983606],[111.09362891171523,-2.3809504107493806],[111.09443602894147,-2.3858777039721244],[111.09468126601881,-2.3905374801841424],[111.09503802416242,-2.3947334467637567],[111.09602352109276,-2.39972321088565],[111.09706687121592,-2.404258072854232],[111.09839575617781,-2.409765071001992],[111.1000054464106,-2.4145853931362233],[111.10196743995917,-2.4196866301072517],[111.10318926373608,-2.4241099969177005],[111.10422379389959,-2.429220162567173],[111.10498179473174,-2.4333448314426325],[111.10539204130382,-2.43684520360844],[111.10556596404275,-2.439484986905915],[111.10599403963076,-2.448956145117965],[111.10606535524913,-2.4528712184066417],[111.10590489511114,-2.4558588359854685],[111.10562836519625,-2.4601618299805694],[111.1054588996772,-2.4642954666813424],[111.10530735403383,-2.4695795084589585],[111.10527169623695,-2.4739360421519585],[111.10522257580344,-2.4793359656610745],[111.10545889967719,-2.4842142566318857],[111.1063909147156,-2.489034540143042],[111.10794712421244,-2.494372096535682],[111.11002956132221,-2.499535740530172],[111.11163926029303,-2.5048821629848486],[111.11319547356577,-2.5106166031438404],[111.11429686717156,-2.5151559701735913],[111.1153492316342,-2.5237040273409965],[111.11554098415549,-2.5295544102265985],[111.11543837654239,-2.5342052343345847],[111.1160894073748,-2.5417277633311626],[111.11873810515893,-2.5498789412854377],[111.12041476033951,-2.5546903080557377],[111.12191749273539,-2.558770388449888],[111.12358068757534,-2.5629040388195783],[111.12525288915498,-2.5675414951236233],[111.12692063471974,-2.5723082376168276],[111.12865514964298,-2.5773024179772985],[111.13078217908038,-2.5837324580385492],[111.13442968947076,-2.595491137927115],[111.13541520415805,-2.6007840483358224],[111.13629811070044,-2.6112852233848254],[111.13602612523623,-2.6154188616071443],[111.13529030920499,-2.6185759060309612],[111.1346660164724,-2.621162151336325],[111.13370733676713,-2.624435117552468],[111.1307465208703,-2.6304594112316746],[111.1294399935258,-2.632938667884148],[111.12795954241143,-2.6349452105151916],[111.12573445578938,-2.6372505812401754],[111.12305454879727,-2.6393775751542625],[111.12002679720833,-2.6427041041970543],[111.1183234897788,-2.6470205106378706],[111.11810945075949,-2.6500571572421823],[111.11857764408548,-2.6526434039052202],[111.11983504429551,-2.6552252654272883],[111.12150724305147,-2.6578649896472033],[111.12581032028189,-2.6635994399830154],[111.12816021056672,-2.666060861089763],[111.13142429985301,-2.6682948691935637],[111.13566490311973,-2.670354952705201],[111.13962015650715,-2.6716124551804974],[111.1439677502154,-2.671955758888934],[111.14996965155629,-2.6713671509968537],[111.15933830630811,-2.6708454965257147],[111.16283422092373,-2.6711888382121933],[111.16477834862022,-2.67220992335382],[111.16633014060558,-2.674328042449166],[111.16897434767114,-2.678234189581192],[111.17063766708822,-2.6821314614237126],[111.17163202062385,-2.6859216680987026],[111.17197978520205,-2.689818925936174],[111.17142689139662,-2.6939079138279607],[111.170227408817,-2.6978140806395525],[111.16869344374335,-2.7013144686101307],[111.16767234732202,-2.7040747178058995],[111.16723088812856,-2.7072317388601976],[111.16649069596168,-2.7097020465867527],[111.16484075139736,-2.7118245999161434],[111.1619245603644,-2.7146472124976055],[111.15924906872189,-2.7178577492137443],[111.15520463560685,-2.723601097388899],[111.15315344905358,-2.7271104098607064],[111.15093288629329,-2.731029980782291],[111.14956840241187,-2.734294030219655],[111.14729426437515,-2.7388868877327637],[111.14427985234227,-2.743082865380873],[111.14142608884865,-2.7460259230261492],[111.1385098358417,-2.748665682987497],[111.13566044583384,-2.750221898228266],[111.13154464635048,-2.752001106524985],[111.12789268335189,-2.7537312330459174],[111.12263538438279,-2.7563264203690627],[111.11892540072373,-2.7587967462145584],[111.11401151266314,-2.76168181652317],[111.10899502836475,-2.7644375331704456],[111.10424608001168,-2.76725122906454],[111.10121835462934,-2.7692042886568258],[111.09928310504449,-2.7703904372295067],[111.08957113525899,-2.7745062084673577],[111.08665495158316,-2.775085834832554],[111.08356476012136,-2.775781513608866],[111.07927513962605,-2.776994342778598],[111.07510587146089,-2.7788939179722014],[111.07156534312759,-2.780962953016164],[111.06768589615405,-2.783442190774622],[111.06397146167023,-2.7852213959854875],[111.0599761441959,-2.7866617247053056],[111.05786692400746,-2.7873394918495142],[111.0551156994576,-2.7882179261276963],[111.0503712424767,-2.789372843114401],[111.04511395854624,-2.7900149179224374],[111.03527272419628,-2.7903716820248503],[111.033043099373,-2.7904252002597287],[111.02754954869032,-2.7905589702434366],[111.02274258004746,-2.7910762114914784],[111.01873834386203,-2.7917093636612984],[111.01531825898562,-2.792627998032863],[111.01303071695729,-2.7933280274576733],[111.01085469402061,-2.794184208570045],[111.00795181818106,-2.79655640327233],[111.00686822095973,-2.7982732082070103],[111.00566874244862,-2.8001727497888633],[111.0015261953526,-2.8134341665245617],[110.99928333159988,-2.821518500140439],[110.99825322337301,-2.824595232125516],[110.99682635391788,-2.826882791804608],[110.99314753375432,-2.830878148088492],[110.99004403264125,-2.8338567993750736],[110.98746663917288,-2.8358634077957965],[110.98534413085547,-2.836831065093076],[110.9843274925831,-2.83729476376382],[110.98126848555034,-2.8387038561932543],[110.97864653580305,-2.8403581965561577],[110.97714828059534,-2.841789580226295],[110.975364692791,-2.8441306108469178],[110.97387089736505,-2.8466544278072035],[110.9730013440309,-2.848941946418275],[110.97189994076251,-2.851474701411025],[110.97034375166123,-2.8538157225146303],[110.96817214758967,-2.8558178609317717],[110.96547881666362,-2.8572983185292418],[110.96324036550395,-2.858386314563625],[110.95040712175202,-2.86448193526929],[110.94715198397506,-2.8655565704192765],[110.94399935990039,-2.866234320784603],[110.94114107452438,-2.866626740368019],[110.93856821267669,-2.866559867055643],[110.93570538908588,-2.866662425733629],[110.93330198551972,-2.867166283551821],[110.92917726075953,-2.868713600082962],[110.92568140817951,-2.870015654131643],[110.92157007344346,-2.8697704074993426],[110.91973743045938,-2.868967802412357],[110.91791361217828,-2.8679823116572827],[110.91530058597026,-2.8675096557821225],[110.91157719714153,-2.8676122466947533],[110.90699776032265,-2.8692576028722376],[110.90447388693111,-2.8700602286868127],[110.90161112515753,-2.870795993696087],[110.89961342538604,-2.870965459126779],[110.89709411175963,-2.8708406225514995],[110.89406637504965,-2.870764776523053],[110.8920062005273,-2.8711081744145384],[110.89080225805913,-2.871612053068332],[110.8897187379412,-2.8744168261382144],[110.8818126936485,-2.8833082822296356],[110.88131773163826,-2.880837919657962],[110.88136238917417,-2.8800575488152367],[110.87983739419641,-2.8818010973630614],[110.87714403149249,-2.883798767965474],[110.87433480108704,-2.8853906196550194],[110.87147655308814,-2.886639208544067],[110.86901067515059,-2.8876603252132886],[110.86683457222549,-2.8881151542559174],[110.86454705732827,-2.888739403155309],[110.86225954600752,-2.889533164933039],[110.85939240834175,-2.8910269473004537],[110.8565118156325,-2.8938227754749346],[110.85359111948674,-2.8969664925099408],[110.85164687210255,-2.898108028652791],[110.84786115886772,-2.8987233538914454],[110.84346891096013,-2.8977914083192955],[110.83998189795847,-2.8973766810533714],[110.83722621787769,-2.8985138015801244],[110.83481378577083,-2.9015013552208777],[110.83297661121753,-2.903436613189182],[110.83005596337316,-2.906183440267845],[110.82770602543776,-2.9073784616026654],[110.82575290060794,-2.90823019409705],[110.82191359723865,-2.9093048109312183],[110.81963506748494,-2.9095857332481967],[110.81533649351607,-2.909394023644459],[110.81248263853882,-2.9090417442903433],[110.81025751070244,-2.9089793048550505],[110.80653420857263,-2.9093047812627058],[110.80425115703427,-2.9096481636495786],[110.8021910207725,-2.9102189221469237],[110.80013088765057,-2.9108967323647112],[110.79749115342734,-2.91191786784405],[110.7953730944598,-2.9130593664297355],[110.79308105812117,-2.9143168306924294],[110.79096300613124,-2.915507388345069],[110.78883158840875,-2.9167648855039183],[110.78579489701805,-2.918584172928217],[110.78362328951329,-2.920069045382163],[110.77903935228768,-2.9226375003184546],[110.77697925499407,-2.923721114983811],[110.77285015750081,-2.925602831488933],[110.76831072999494,-2.929375228998538],[110.76016400990483,-2.936402788695381],[110.75826891516282,-2.9382310313089097],[110.75384549228446,-2.943202894082293],[110.73286538741273,-3.025656103708082]]]]},"id":"0000000000000000018f","properties":{"ADM0_CODE":116,"ADM0_NAME":"Indonesia","ADM1_CODE":1524,"ADM1_NAME":"Kalimantan Tengah","DISP_AREA":"NO","EXP1_YEAR":3000,"STATUS":"Member State","STR1_YEAR":1000,"Shape_Area":12.4920233562,"Shape_Leng":23.0523246358}},{"type":"Feature","geometry":{"type":"GeometryCollection","geometries":[{"type":"LineString","coordinates":[[117.47973052284517,-0.8140222746097053],[117.47973052284517,-0.8140178155086518]]},{"type":"LineString","coordinates":[[117.50266813866408,-0.46377772326574535],[117.50266813866408,-0.46378218236679897]]},{"type":"LineString","coordinates":[[117.92708983603211,1.0508049996487352],[117.92708983603211,1.0508094587497885]]},{"type":"LineString","coordinates":[[118.52881876858831,1.3679050528624317],[118.52881876858831,1.3679095119634854]]},{"type":"Polygon","coordinates":[[[117.50137051225433,-0.45956833801250757],[117.50266810247604,-0.46377770953752945],[117.51563071325927,-0.4539008447836179],[117.5226493330739,-0.44360026057674146],[117.5209103123594,-0.4431320783517594],[117.50137051225433,-0.45956833801250757]]]},{"type":"Polygon","coordinates":[[[118.12729897484468,2.325978568598424],[118.12870812498558,2.3247211277326634],[118.13013056755862,2.3259607564786973],[118.12964895092783,2.3312893511153434],[118.12964448654792,2.331284903191913],[118.1273212970431,2.3291802269581408],[118.12729897484468,2.325978568598424]]]},{"type":"Polygon","coordinates":[[[117.92454810799701,1.044669307219444],[117.92670635160462,1.0416058738175302],[117.92700956201983,1.041177792298957],[117.93083996304445,1.0405803079436355],[117.93041188395499,1.0417440908786324],[117.92708983403126,1.0508049995277282],[117.92454810799701,1.044669307219444]]]},{"type":"Polygon","coordinates":[[[117.44185935635382,3.3935409102694067],[117.44343785916247,3.3933312964600724],[117.44351815965055,3.3933179402841667],[117.44588145271963,3.39899882453387],[117.44528843644439,3.4042784169543925],[117.44338883641524,3.4028113556377106],[117.44185935635382,3.3935409102694067]]]},{"type":"Polygon","coordinates":[[[116.74039819550164,-1.1471215527426666],[116.74813031352669,-1.1506309162379615],[116.7488526594813,-1.1475496816187651],[116.74909787709699,-1.1464883976278433],[116.74862965239254,-1.1462476103995287],[116.74523182382016,-1.1444818120796432],[116.74039819550164,-1.1471215527426666]]]},{"type":"Polygon","coordinates":[[[117.55016205257476,0.08317113601389599],[117.5541484835452,0.08223026712958853],[117.55530339187338,0.08485221959428937],[117.5559097741728,0.08623010121357379],[117.55417078640122,0.08891001987206457],[117.55157109782841,0.08775065882792758],[117.55090227063647,0.0855879802903843],[117.55016205257476,0.08317113601389599]]]},{"type":"Polygon","coordinates":[[[117.47523130264486,-0.8142407949235089],[117.4798509073814,-0.819052128668467],[117.48010950521622,-0.8193197153860552],[117.4860490959375,-0.8225079526226465],[117.48601782503609,-0.8208001259481106],[117.48163904251912,-0.8160734384428047],[117.4797304791658,-0.8140222572002935],[117.47523130264486,-0.8142407949235089]]]},{"type":"Polygon","coordinates":[[[117.31036942980315,3.5755703140943473],[117.31472145258613,3.5737198045929026],[117.33349877309877,3.5819691479872695],[117.33510845443409,3.58381071453994],[117.33260250734891,3.5847293276578918],[117.33259802376823,3.584729333671681],[117.31542158057681,3.5820003485843257],[117.31036942980315,3.5755703140943473]]]},{"type":"Polygon","coordinates":[[[116.73308973111241,-1.0771493491842277],[116.73380762973378,-1.0788973427980464],[116.73414207275466,-1.0797089117531389],[116.73696912579503,-1.0809708427882938],[116.73613082474269,-1.0750491097920278],[116.73407075972477,-1.0745586628775636],[116.73402615534638,-1.074678997541332],[116.73308973111241,-1.0771493491842277]]]},{"type":"Polygon","coordinates":[[[116.72578129558875,-1.0862682375501176],[116.72612015734867,-1.0929613678543644],[116.72793946204074,-1.0952577706731088],[116.72987916795145,-1.086990596279631],[116.72922366813839,-1.086419869789706],[116.7275515008378,-1.0849617063306773],[116.72754709422773,-1.0849616828264799],[116.72578129558875,-1.0862682375501176]]]},{"type":"Polygon","coordinates":[[[117.62685857707501,3.1700909084264826],[117.62982387836503,3.1690073159217915],[117.63672655836204,3.1664923609697744],[117.63673103490049,3.1664879179900507],[117.63648133342484,3.167803367944007],[117.6362494482877,3.1690207017198446],[117.63257962660144,3.1710673988342775],[117.63257962660144,3.1710718501063995],[117.62685857707501,3.1700909084264826]]]},{"type":"Polygon","coordinates":[[[117.53253964690366,0.08062948189692111],[117.53348498033036,0.0801790949908032],[117.53912132110491,0.07748132171914966],[117.5413508731526,0.0796886061665038],[117.54135526236168,0.08067404464968382],[117.54136869871533,0.08322914473541589],[117.53740896453046,0.08458023975715462],[117.53431887287954,0.0832692686499049],[117.53253964690366,0.08062948189692111]]]},{"type":"Polygon","coordinates":[[[117.2884797231175,-0.7886009142739941],[117.28909949015885,-0.7925517176408987],[117.28966131494685,-0.7961279055881249],[117.29049965433373,-0.7955526987555722],[117.29124874845803,-0.795039852502081],[117.29338022519092,-0.786589888349024],[117.2977902873769,-0.7789693023629656],[117.29469120887403,-0.772971815489513],[117.2884797231175,-0.7886009142739941]]]},{"type":"Polygon","coordinates":[[[118.52982206439695,1.3952482675227673],[118.53162799578892,1.3915694774061618],[118.53163244957568,1.3915694836294301],[118.54030988921843,1.394298458979901],[118.53969004277495,1.3955603909919774],[118.53918171171999,1.3965993985568057],[118.53416075573884,1.3972994570129527],[118.53276504362248,1.3987174508033795],[118.53143176182569,1.400068573943404],[118.52982206439695,1.3952482675227673]]]},{"type":"Polygon","coordinates":[[[117.56762833870042,3.5486685241546763],[117.56991138534272,3.5458994807634068],[117.57210529119833,3.5458236545759516],[117.57676501832918,3.545658660933615],[117.57676949628387,3.545658654771176],[117.57952968752977,3.548418865367276],[117.5772510549181,3.550951580582916],[117.57284103573379,3.552289336039579],[117.57267158636148,3.5523384165483587],[117.56762833870042,3.5486685241546763]]]},{"type":"Polygon","coordinates":[[[117.09136062313019,3.6212003220399853],[117.09777285070248,3.6191580080134433],[117.1000603188774,3.618431203715978],[117.10049734092568,3.6186095823314894],[117.10554951092176,3.6207187334426827],[117.1069318181409,3.623019617920585],[117.10533100534977,3.6250886583623902],[117.0970906452342,3.6269480894962203],[117.09273853621865,3.6239604665950407],[117.09136062313019,3.6212003220399853]]]},{"type":"Polygon","coordinates":[[[118.83890016748943,1.1196579500203503],[118.84162919110965,1.1164385265227588],[118.84331471472026,1.1157339736903076],[118.84937014637644,1.113187796174712],[118.84937014637644,1.1131922995396748],[118.84985171537944,1.116639187400973],[118.84711830053065,1.1217002290793283],[118.84556208106343,1.1222576235552622],[118.84324785954686,1.1230915148095137],[118.84324785954686,1.1230870099685193],[118.83890016748943,1.1196579500203503]]]},{"type":"Polygon","coordinates":[[[118.04011910435534,0.7866611986816966],[118.04192058704577,0.7813816584152457],[118.04443107254573,0.7792992298803233],[118.04534072726155,0.7783807101905397],[118.049452025866,0.7795222142906171],[118.04859590030705,0.784235510184904],[118.04786903001327,0.7882486799513173],[118.04583124029836,0.7907814219156885],[118.045162334184,0.7909732064578201],[118.04263854862549,0.7917089375082648],[118.04011910435534,0.7866611986816966]]]},{"type":"Polygon","coordinates":[[[117.64654102395795,3.5253697516412554],[117.6590756043978,3.5233988286527143],[117.66782876946185,3.5220209629737758],[117.66936718460745,3.523073297278126],[117.67218975777877,3.5249996624226987],[117.66967932397424,3.5286918062932533],[117.66867603620058,3.5288344834908494],[117.6664732242396,3.529151078797235],[117.66646874840873,3.5291510849256276],[117.65299780465632,3.526596039198649],[117.64654102395795,3.5253697516412554]]]},{"type":"Polygon","coordinates":[[[117.61823020697362,2.9935684737782204],[117.62577501595318,2.990808233905408],[117.62644832519814,2.990558542634142],[117.62779493648948,2.9906700163467663],[117.63194197336915,2.9910089179502277],[117.63368991881117,2.993635315191215],[117.63423839233626,2.9944602861639136],[117.63264203090904,2.9985982738040327],[117.62776377830481,2.999293940387472],[117.62441048294478,2.999771054072673],[117.61823020697362,2.9935684737782204]]]},{"type":"Polygon","coordinates":[[[117.47998020634196,0.06600807519754749],[117.4854381924263,0.06557110752267963],[117.48769004955686,0.06962886751527712],[117.48770788008919,0.07147048518380676],[117.48772123058725,0.07308911493303238],[117.48627202416574,0.07342354628085078],[117.48590188073275,0.07350829979083272],[117.48476035428372,0.0724202832132676],[117.48018979054446,0.06805031618422709],[117.48000251779632,0.06624889233327307],[117.47998020634196,0.06600807519754749]]]},{"type":"Polygon","coordinates":[[[117.51575111908156,3.1221020617639796],[117.52268946689193,3.1204031432072523],[117.52902145713045,3.118860284587208],[117.53108155076686,3.11931065612354],[117.52833920356814,3.1223116403341167],[117.52241748844334,3.124946924530981],[117.52057141111736,3.1257718684388487],[117.51955479339378,3.1255667301790457],[117.51713793071103,3.125089601649105],[117.51641111007432,3.123520038169384],[117.51575111908156,3.1221020617639796]]]},{"type":"Polygon","coordinates":[[[117.43079630373576,3.4546082806123337],[117.44428065415369,3.4460779861044353],[117.44826712183182,3.4451415727042454],[117.4541174437835,3.4437593076528454],[117.45412192459254,3.44375930608586],[117.45645399246366,3.444008995670547],[117.46052964472047,3.444441510386355],[117.4559367333877,3.448856056644241],[117.4507106547853,3.453881444639089],[117.44697400676617,3.454015216676275],[117.43079630373576,3.4546082806123337]]]},{"type":"Polygon","coordinates":[[[117.2573016232146,-0.8814305244961733],[117.26168045484704,-0.8891714738396845],[117.26389217082189,-0.889461372273904],[117.26729895160165,-0.8725390699777034],[117.26571599292511,-0.8656319132760668],[117.26443173038336,-0.8600090079597424],[117.2625321872535,-0.8589209373725293],[117.2625277021002,-0.8589209720152381],[117.26123014304879,-0.8601471913091228],[117.26081095747458,-0.8605396396338664],[117.2573016232146,-0.8814305244961733]]]},{"type":"Polygon","coordinates":[[[118.93304969650713,1.7791010800300133],[118.937437417946,1.7755204123409776],[118.94352855993552,1.770548494505313],[118.9451828655867,1.7702095927716952],[118.94694865303167,1.7698483901353737],[118.9488259184566,1.7711460179712981],[118.94993183303896,1.7719085366542076],[118.9466409854509,1.7744100912916951],[118.94264116250073,1.7774511775694481],[118.93694243607553,1.780229192661096],[118.93693799358165,1.7802292034909115],[118.93304969650713,1.7791010800300133]]]},{"type":"Polygon","coordinates":[[[117.5551517512134,-0.5111913587192807],[117.56044029371283,-0.5121902106855988],[117.57771926809707,-0.5107810935777228],[117.57816070215377,-0.5080209254357119],[117.57446861973344,-0.5039096609193818],[117.5669326986038,-0.5021304371403337],[117.56692822041805,-0.5021304576277934],[117.56034212851918,-0.5047301290275031],[117.55821069535865,-0.5065761795084035],[117.55581169622079,-0.50864966159417],[117.55564223173215,-0.5092917920717156],[117.5551517512134,-0.5111913587192807]]]},{"type":"Polygon","coordinates":[[[117.52393809028545,-0.4337590675881264],[117.52420558739755,-0.43535987580486485],[117.52466040330046,-0.4381200601306968],[117.52679633051527,-0.4367867864077005],[117.53101015510114,-0.4341603832540243],[117.5378014033238,-0.4267493750350208],[117.54025840484738,-0.42145193642781215],[117.53997740408049,-0.42127356053439813],[117.53773001015868,-0.41986002543207623],[117.52772386539178,-0.42994652619460066],[117.52394247989275,-0.43375905027184625],[117.52393809028545,-0.4337590675881264]]]},{"type":"Polygon","coordinates":[[[117.40034964545806,3.4532794701537455],[117.4010674880554,3.451834715214755],[117.4019504451916,3.4500599999746897],[117.41234456874962,3.446448126594715],[117.41589848906419,3.4452085137625477],[117.41808787049335,3.4460780075869613],[117.41819049994793,3.446118166917054],[117.41819049994793,3.4479597721594106],[117.41019079837508,3.4523519520578643],[117.40560243919609,3.4534400173310846],[117.40240967097225,3.454198060904374],[117.40034964545806,3.4532794701537455]]]},{"type":"Polygon","coordinates":[[[117.37113800518405,3.634118316272241],[117.37201204161752,3.6336411990637676],[117.37663166640061,3.631121817675173],[117.37914216579992,3.631558816665075],[117.38189782409022,3.6320403945414474],[117.38349868445096,3.6343412776075765],[117.38145190815685,3.6368695863340945],[117.37830823493323,3.637270871553578],[117.37595389869746,3.637569647890447],[117.37594941609906,3.6375696561514568],[117.37165530898766,3.634488427632076],[117.37113800518405,3.634118316272241]]]},{"type":"Polygon","coordinates":[[[117.46399881055423,3.5884303513449005],[117.46949246310275,3.5826691755919047],[117.4754319313515,3.576439831782146],[117.48480049598741,3.5725113528390846],[117.48994636044627,3.5717889927787],[117.49144015959949,3.571579386550231],[117.49808864428057,3.572029798014462],[117.49902061803155,3.5731489849105458],[117.49923018159214,3.5733987370900637],[117.48848821067172,3.5826290589041108],[117.46972876212519,3.589558477877456],[117.4653811545633,3.590490452162051],[117.46399881055423,3.5884303513449005]]]},{"type":"Polygon","coordinates":[[[117.40126819307717,3.5848497040869356],[117.40150009272838,3.5823213942090835],[117.41040933167397,3.5719494941190493],[117.41308038407362,3.5706474531814405],[117.41749934107096,3.5684892648759274],[117.41917143762548,3.5700499745921346],[117.42094175595867,3.5716998024158326],[117.4204913575175,3.57768837999039],[117.41843125319953,3.5820582969711863],[117.41638896426173,3.582909960927388],[117.41453847164003,3.583681429103488],[117.4059012039154,3.5844394863774762],[117.40126819307717,3.5848497040869356]]]},{"type":"Polygon","coordinates":[[[116.66153007678726,-2.2585614588991874],[116.66392904793656,-2.260831146714227],[116.67166112066386,-2.2681485361985416],[116.67370790968789,-2.267671407693495],[116.67570997403416,-2.2603004777185314],[116.67414930627919,-2.2556763674094897],[116.67407797405824,-2.2554712944104125],[116.67338237127446,-2.2549762956468755],[116.67246827055641,-2.25432972176147],[116.66952966608557,-2.2578078741362018],[116.66537383367739,-2.256719838920804],[116.66265822971324,-2.2560108348884653],[116.66153007678726,-2.2585614588991874]]]},{"type":"Polygon","coordinates":[[[118.81947193269129,1.956501939769582],[118.82036820943486,1.9551107067005085],[118.82037265523934,1.9551106890955265],[118.82396224579976,1.9562522130418574],[118.8260892337068,1.9569300242825027],[118.8295004277683,1.9604348842162203],[118.83433853119463,1.9654111887619428],[118.83596163109301,1.9693084904650173],[118.83482014622673,1.9711590159894683],[118.83109672670385,1.970048658657468],[118.8279619942564,1.9691077941103161],[118.82039043845606,1.9608584825598794],[118.82014076191005,1.9596813041009808],[118.81947193269129,1.956501939769582]]]},{"type":"Polygon","coordinates":[[[118.43824994801398,1.3918504361685826],[118.43897231293026,1.390289753469311],[118.44006035524536,1.3879398195436599],[118.44367219833886,1.3876678129721864],[118.44645914435192,1.3874582216894806],[118.44922830876612,1.390731211126945],[118.45016469156556,1.3974644304801636],[118.45036984487335,1.3989404203741729],[118.44948693524583,1.4001755833953142],[118.44741791214614,1.4030784600161648],[118.44127325380013,1.3977364213588317],[118.43871821552361,1.3955202502173227],[118.43861117542669,1.3946640925564593],[118.43824994801398,1.3918504361685826]]]},{"type":"Polygon","coordinates":[[[117.4980485053369,-0.6137016456121226],[117.50013984070341,-0.6187403875405395],[117.50313192861063,-0.620318918771685],[117.508598757209,-0.6198195293180394],[117.50918288941344,-0.6193111855066046],[117.51019060289404,-0.6184282797426351],[117.50533018232768,-0.6108790374800002],[117.50581622094057,-0.6078111549979982],[117.50641827997492,-0.6039807709990694],[117.50389884749112,-0.6035303934919575],[117.50205277182056,-0.6056529306442432],[117.4982491999717,-0.6100184180683735],[117.4981555723667,-0.6117797513321966],[117.4980485053369,-0.6137016456121226]]]},{"type":"Polygon","coordinates":[[[117.4907891326691,3.1055899890830467],[117.49361166709363,3.104203219135548],[117.49923905152836,3.101429651062609],[117.50206173122102,3.103712676961428],[117.50520090032997,3.106249916773291],[117.50675263694795,3.108577611674543],[117.50796104766707,3.1103880028878845],[117.50795665769523,3.1103879898320055],[117.50593663289787,3.110124871273152],[117.50269041131124,3.1097012829988624],[117.498182271918,3.1093445245157194],[117.49421815449054,3.109027971575069],[117.49176119230322,3.1065620638004883],[117.4907891326691,3.1055899890830467]]]},{"type":"Polygon","coordinates":[[[117.37082143610411,3.582829714220725],[117.37104888893252,3.580760713919776],[117.38119326928086,3.5764309385356348],[117.3813404738405,3.5763685005222374],[117.39964058507044,3.570821396366],[117.4002336501666,3.5718068003648993],[117.40101845468483,3.5731178352966473],[117.3953107790971,3.579338229248285],[117.39506999745352,3.5809703152994645],[117.39440116796672,3.585549807521524],[117.39155182665286,3.5854650633602216],[117.37998039634292,3.585121704232323],[117.37311343497223,3.5834049245990474],[117.37082143610411,3.582829714220725]]]},{"type":"Polygon","coordinates":[[[117.04099068003119,3.611840660274761],[117.04118689302523,3.6111003958855683],[117.04165950965536,3.6092989536896143],[117.0471620068772,3.609990088302319],[117.05648160053325,3.614908533224471],[117.0597590331774,3.616638631043541],[117.06114128617399,3.6193988427184727],[117.06082028176422,3.620179164466705],[117.05999976530875,3.622158984985473],[117.05858625696486,3.6222660289372177],[117.05679372209102,3.622399807613482],[117.05678923242867,3.6223998131853232],[117.0485488331486,3.6191892176250957],[117.04099068003119,3.611840660274761]]]},{"type":"Polygon","coordinates":[[[118.01188856837268,0.9036412651923715],[118.01685603341926,0.8955970764267032],[118.01756945069495,0.8944421877386219],[118.01847468687149,0.8940096393504178],[118.02485561315204,0.8909818965999015],[118.02486008019353,0.8909819240600332],[118.02638958857557,0.8933719624096099],[118.02807953704153,0.8960206867430582],[118.02745532291485,0.8977552440144263],[118.02716988291849,0.8985490055145667],[118.02151575342037,0.9013047298564835],[118.01486273839257,0.9045509440236973],[118.0148583604452,0.9045509163323818],[118.01373912125536,0.9042075994102736],[118.01188856837268,0.9036412651923715]]]},{"type":"Polygon","coordinates":[[[117.49321035757428,-0.3857479441576615],[117.4961801537096,-0.3861804704099671],[117.49910976544832,-0.3833979502564494],[117.50764004191096,-0.3667878221777369],[117.51242022190677,-0.36083491795991995],[117.51283931966938,-0.3603087402835979],[117.51273682983475,-0.36009469314761766],[117.5114392178061,-0.3573389585569956],[117.50734125432564,-0.35713833970865555],[117.50626221068553,-0.3576957054196529],[117.50188782918401,-0.35993862727421033],[117.49902948797737,-0.37259802666821473],[117.49789690907268,-0.3739313009779344],[117.49450800264788,-0.3779221807107997],[117.49321035757428,-0.3857479441576615]]]},{"type":"Polygon","coordinates":[[[117.47191816595922,-0.8323892979618102],[117.47319794272995,-0.8345519450088995],[117.48403798139809,-0.8449996219809883],[117.49049927893306,-0.8450041036506173],[117.49427164427594,-0.8450085814579553],[117.49486916986682,-0.8428191252400181],[117.49073116195666,-0.8350781683975831],[117.48427883239445,-0.8294017013756302],[117.47746974809553,-0.8185794600685269],[117.47498156934651,-0.8175226705643535],[117.47498156934651,-0.8175182121314347],[117.47343871760023,-0.818641907912253],[117.4737642605202,-0.820991843067717],[117.47429930386174,-0.8248712394644994],[117.47191816595922,-0.8323892979618102]]]},{"type":"Polygon","coordinates":[[[117.99865841233353,2.3809994108523207],[118.00071854644442,2.3776907763596165],[118.00265821024502,2.374569378838355],[118.00668928005436,2.3722194438637345],[118.00767918566795,2.371920725527484],[118.01014950284039,2.371171543335799],[118.01151849122118,2.3717155947526867],[118.01286066499118,2.3722506511991197],[118.01307911795678,2.3747477604739053],[118.01310145464568,2.3750108907565206],[118.00556998939688,2.3782481456096733],[118.00475841661401,2.379568033296385],[118.00260022078727,2.383090756737658],[118.00137841693888,2.3830193961675126],[117.99910875597004,2.38289010950506],[117.99865841233353,2.3809994108523207]]]},{"type":"Polygon","coordinates":[[[117.5027305492893,-0.7113113606290072],[117.50313631869234,-0.7130682285301625],[117.50335035745286,-0.7139912881598185],[117.50754641886432,-0.7139288324739018],[117.51344135675726,-0.7138396368855828],[117.51805207420325,-0.7146422828591428],[117.52295705532596,-0.715498411678089],[117.52296153453999,-0.715498446939084],[117.5267606766804,-0.7115699923055104],[117.52705495499383,-0.7102857437515034],[117.52730910001159,-0.7091709609508691],[117.52527136171219,-0.7066025290914285],[117.52519996388662,-0.7065089180508006],[117.52045100831188,-0.7059916031709622],[117.50821082794137,-0.709665901679986],[117.5027305492893,-0.7113113606290072]]]},{"type":"Polygon","coordinates":[[[117.3652386735207,-0.8889708200456352],[117.36610816360258,-0.8923775850590079],[117.36641138145411,-0.8935681936846532],[117.38047983661014,-0.893211472703762],[117.3934781060281,-0.8841104522098346],[117.39429861570366,-0.8829778401975469],[117.39581027008374,-0.8808909553818396],[117.38921073711961,-0.8617391158565635],[117.38310180999572,-0.8543503568681452],[117.37756359318666,-0.8534719328000692],[117.3775591106249,-0.8534719673729847],[117.37457155017543,-0.854791835944871],[117.36812811289053,-0.8683296861810511],[117.36535011693648,-0.874171057086176],[117.3653099506925,-0.8796647061677862],[117.3652386735207,-0.8889708200456352]]]},{"type":"Polygon","coordinates":[[[116.71519088565375,-1.1242196368099777],[116.72504106790197,-1.1298916221194886],[116.72728845304388,-1.1329193217166447],[116.72826941738411,-1.134239222379811],[116.73032953629854,-1.134921510520828],[116.73395924876193,-1.1309796160986276],[116.73320124251264,-1.1213301495077959],[116.73087801680262,-1.1167506361988266],[116.72882239949641,-1.1156090957579485],[116.7288179029813,-1.1156091398360077],[116.72495185550532,-1.116331505883351],[116.71874925780496,-1.1122290844643328],[116.71580181883337,-1.1147797397787602],[116.71708600515922,-1.1166436560582564],[116.71879827203665,-1.1191317777472207],[116.71685415247232,-1.1218741418295977],[116.71519088565375,-1.1242196368099777]]]},{"type":"Polygon","coordinates":[[[118.1950595397989,2.37753028354848],[118.1966603019582,2.3745381851685354],[118.20165893991151,2.3671717809080617],[118.20178380136704,2.366707994828359],[118.20437900706817,2.357040712681302],[118.20777686642755,2.3547442700348915],[118.20848138372654,2.3542715782324675],[118.20948469563817,2.3529605938635156],[118.21326156550593,2.348051156509537],[118.2140865399541,2.3480065128895684],[118.21805955225224,2.3478103477230285],[118.22149310553726,2.3532549182302884],[118.22197018330776,2.354008499396236],[118.22242950104061,2.357227999957633],[118.20603778340212,2.380491093069163],[118.19987088539565,2.383728423296414],[118.19599590044143,2.3787386493268463],[118.1950595397989,2.37753028354848]]]},{"type":"Polygon","coordinates":[[[117.99985789651049,0.7463420438911524],[117.9999515388563,0.7438404846013802],[118.00008083312106,0.7403713048357647],[118.00136063576197,0.736919948247821],[118.00256010172147,0.7337004620351502],[118.00870920345514,0.7249606379255771],[118.0101405680167,0.7241312442057429],[118.01188856837268,0.7231190302180339],[118.01664196300483,0.7260397778951068],[118.02081119695838,0.7285993073463947],[118.02354908803004,0.7343381216527349],[118.0220017760285,0.7504221170099025],[118.01698978262478,0.7557195503200556],[118.01289184704649,0.7555010327408108],[118.01018068537167,0.7533651001246997],[118.00969025231923,0.7529816526434037],[118.0092666507374,0.7515458102225006],[118.00807160813821,0.7474701797116852],[117.99985789651049,0.7463420438911524]]]},{"type":"Polygon","coordinates":[[[117.5571583603237,3.1167288201250276],[117.562629651034,3.1075207569293615],[117.56742762704408,3.105451735746305],[117.5674321052181,3.1054517461096434],[117.57001393416616,3.10576830940926],[117.57108858878173,3.105902145745156],[117.58459966590786,3.1127691366975583],[117.586668653283,3.1143788663739547],[117.58660623383125,3.1145438814246638],[117.58508120473552,3.118521395382903],[117.58382823404627,3.1197833071901253],[117.58233891571945,3.121290475318406],[117.57866016891235,3.122775351735769],[117.57662235063732,3.123600297076493],[117.57661787267914,3.1236002874460786],[117.56677220036123,3.1201712380197466],[117.56477446958978,3.119957170880992],[117.55829990487132,3.119261611302935],[117.5571583603237,3.1167288201250276]]]},{"type":"Polygon","coordinates":[[[117.32098207162932,3.6187879079185414],[117.32141906646359,3.6167189036893297],[117.32285935805452,3.616170433922463],[117.32623043000854,3.614881727851485],[117.33358790625981,3.61467215502426],[117.33515750418128,3.61463206252421],[117.33516198770421,3.614632055385564],[117.35074654916102,3.616063422886817],[117.35484896620576,3.6164379897618866],[117.35624463295581,3.617088991544189],[117.36172041828162,3.61964855451239],[117.36745031596625,3.620330784210425],[117.37164634359534,3.6229750263697067],[117.37546780513446,3.62537844424832],[117.37132529262767,3.626734035175512],[117.36699997420972,3.628152014769054],[117.36699549140783,3.628147584535777],[117.34045050145315,3.624740810376271],[117.32098207162932,3.6187879079185414]]]},{"type":"Polygon","coordinates":[[[117.57960993129727,3.128647961974816],[117.58669990777841,3.1254195911756555],[117.59215781316729,3.117362034549348],[117.60039828515515,3.115038823850425],[117.60040267300535,3.115038836201522],[117.61285256510237,3.1173530675396477],[117.61390038362585,3.1175493228653797],[117.61504642289962,3.121558010376614],[117.61527824451704,3.122369573898223],[117.61324046099656,3.128130764384328],[117.608714511747,3.131577643182372],[117.60387190840477,3.1352697812450687],[117.60096010824603,3.1365183172998847],[117.59791895449645,3.1378203959588338],[117.59094491904497,3.1364023882920176],[117.58670877366588,3.135541783268771],[117.58434550748586,3.133174007678667],[117.58235225963351,3.131180731230374],[117.58234778181011,3.131180790364484],[117.58051956726547,3.1316400781277514],[117.57960993129727,3.128647961974816]]]},{"type":"Polygon","coordinates":[[[117.53026994979012,4.111598859903716],[117.53388181653192,4.109043805029869],[117.5371191809754,4.1067517876391415],[117.5400576644627,4.106631427254291],[117.54296949914747,4.1065109997976785],[117.55505815133667,4.10601162534187],[117.55912034381817,4.1087807065628095],[117.56576890415857,4.114751466598933],[117.58277147299489,4.135878673089771],[117.58277586125209,4.13916054764086],[117.58278033906541,4.141858289440807],[117.58128205684152,4.143606261914765],[117.57981063012564,4.145318603786493],[117.57425904880999,4.1461970208789305],[117.57247983612372,4.146477907779266],[117.5596510297977,4.143280785006039],[117.5526591126397,4.140177234572907],[117.54932813939713,4.138701263853189],[117.54121704701569,4.128298166526297],[117.53142043347047,4.115727956976793],[117.53098346010262,4.114171749186609],[117.53026994979012,4.111598859903716]]]},{"type":"Polygon","coordinates":[[[117.51048938606104,3.596621697441085],[117.51848898739001,3.5917791179946983],[117.52208754832667,3.5916186423438914],[117.52399157182089,3.5915294173383936],[117.53308366433029,3.5881895949770106],[117.54160052045545,3.585059280392228],[117.54663039194273,3.581139698449377],[117.54970272898834,3.5821831509480155],[117.554331295232,3.5837482846921036],[117.55465679096294,3.5842922915438264],[117.55578939355617,3.586178504951998],[117.55123225075661,3.5940086702973564],[117.55215966740595,3.6009114127995354],[117.55122329364903,3.603551139183791],[117.55012192450508,3.6066681074338827],[117.5460016764274,3.6101194187944863],[117.52862013179909,3.6168304040534567],[117.52149888645151,3.6152206556047157],[117.51898843071339,3.6129286425759464],[117.51461854883794,3.601441992343807],[117.51108695100471,3.597317338050551],[117.51048938606104,3.596621697441085]]]},{"type":"Polygon","coordinates":[[[117.98846041531169,0.9328707060874616],[117.99159072734041,0.9247506401152897],[117.99457837216296,0.917009657856808],[117.99882335975802,0.9123632920700169],[118.00277865670081,0.9080290621271332],[118.0046291257493,0.9082430482698429],[118.00664907256117,0.9084793874428131],[118.00693892370849,0.9110210690574365],[118.00712182275579,0.9126085203799386],[118.00569043388042,0.9165370397990206],[118.00326910882276,0.9231899965679616],[118.0032780439919,0.9280102994747256],[118.00379976773885,0.9290492735560892],[118.00602933991584,0.933521736708783],[118.00466924434834,0.9358181502604334],[118.00222118907405,0.9361793727191133],[118.00148099374378,0.9362908448620522],[117.99975978644265,0.9390955694080607],[117.99852018162763,0.9411200528512756],[117.99533191019732,0.9418111812620151],[117.99191178874885,0.9399919090502973],[117.99030200801133,0.9366698764372352],[117.98846041531169,0.9328707060874616]]]},{"type":"Polygon","coordinates":[[[118.501698499054,2.143289223867461],[118.50358919710912,2.1413494750335222],[118.50359365165437,2.1413495173150245],[118.51051417698896,2.1436147189233528],[118.51245831472963,2.1442479318147885],[118.5132252553025,2.1444976245083978],[118.51344823665767,2.144569009632259],[118.52625922442691,2.1425489854021826],[118.52668733583874,2.142259156875868],[118.53033042442178,2.1397710072747933],[118.53306825504903,2.1391199359060433],[118.53631901336217,2.1383485449058512],[118.5469093851078,2.129760308445283],[118.55283101613921,2.120931273352466],[118.55556891658185,2.121729442422534],[118.55560008853635,2.1244807064617217],[118.5512881493125,2.132480374462922],[118.54451924285956,2.14067171728859],[118.53804907285429,2.1485018884125235],[118.53297018349434,2.1622582523229843],[118.52727142195755,2.165049613438783],[118.51880807239121,2.165941450503705],[118.51417508429336,2.165584704653857],[118.51224878405563,2.1654420593189267],[118.50786987053827,2.162998447010089],[118.50552887292626,2.159694280960482],[118.50399937113367,2.157540508739533],[118.50230049211063,2.150419301644395],[118.50186349722141,2.145255675504231],[118.501698499054,2.143289223867461]]]},{"type":"Polygon","coordinates":[[[117.50887075518584,3.586040296952314],[117.51043142126699,3.582651361840155],[117.51045820870876,3.582588910125442],[117.51845781133329,3.5747498179424033],[117.5344615721437,3.564141666092581],[117.54453015696227,3.5599812803307884],[117.56051606717634,3.561657932817917],[117.56604977747106,3.5622420297064585],[117.56750796547,3.562157355365651],[117.5691488502659,3.5620592299823115],[117.57795113529151,3.5615286214989266],[117.61728036918893,3.5386801408048227],[117.6189347027331,3.5385731588507743],[117.63170112933847,3.537730351444499],[117.66375762853181,3.5457210680578544],[117.6637621044273,3.5457210613249077],[117.66513995902446,3.5445706354862403],[117.66796259578857,3.546077843287537],[117.67201144602814,3.548240465600668],[117.67544937769163,3.553060751005772],[117.66927802741165,3.55721222333077],[117.6689256949462,3.557270142361501],[117.66806956726536,3.5574217702476125],[117.66332955339368,3.558215498963453],[117.66104199355122,3.558598995439951],[117.64918972473662,3.5637849202988936],[117.61506871861793,3.578709493524432],[117.61225504985848,3.57936949372428],[117.60912471253319,3.5801007482591403],[117.60912023534101,3.5801007559233544],[117.60912023534101,3.579182204960174],[117.59791895449645,3.5856389402911737],[117.5923986179384,3.5868072179096253],[117.58694071946337,3.5879621341867707],[117.56541216937781,3.589161649459264],[117.56540769115637,3.5891616571745404],[117.55348853279733,3.5785980236402732],[117.55166031043902,3.5772201896153755],[117.54296054165331,3.5770106036376],[117.53229437722193,3.5816480833503785],[117.52648861441092,3.584171936749677],[117.51574224990526,3.58694996682711],[117.51534985563555,3.5872442231601678],[117.51299099377381,3.5890189789938005],[117.50887075518584,3.586040296952314]]]},{"type":"Polygon","coordinates":[[[117.29416060995955,3.599288246145978],[117.30054151561052,3.5838686970626363],[117.30187926825916,3.583378198996819],[117.30306096024695,3.582941187722183],[117.31291108076616,3.58637914595941],[117.32179803965937,3.587721374375728],[117.32600301537508,3.588350074216932],[117.33558119664849,3.5897903505546642],[117.37334976081968,3.5906509933652218],[117.38708826862157,3.5931480769120694],[117.38709266131949,3.593148073130979],[117.39322396516819,3.5925817977079118],[117.4022000927579,3.5917479280429707],[117.4097226271609,3.5889298030381913],[117.42438859175219,3.5834316924864176],[117.42844636170454,3.5807607244064212],[117.42965033073159,3.5799714682645214],[117.4383188140079,3.567771345088325],[117.44587706134082,3.564988881183401],[117.44588145271963,3.5649888780455035],[117.45824207443592,3.566580756038088],[117.46374019123164,3.569791319379407],[117.46489062340004,3.5730107909887168],[117.46455619406291,3.574638385510796],[117.46353058924797,3.5796816321162916],[117.46244260883482,3.5819557147857797],[117.46032900060402,3.5863613030897383],[117.43927312219562,3.5976250508216716],[117.42626139844022,3.604590112641911],[117.42390261811575,3.6051118784856375],[117.42099974748359,3.605749478991723],[117.41866761416397,3.607537598787026],[117.41527867078766,3.610128360486108],[117.4058788839746,3.6135841594487688],[117.39766972437667,3.6165985142449166],[117.39766524227304,3.6165985218719534],[117.38942929377626,3.6166118599541344],[117.38110855040705,3.6145740370955175],[117.37844208367503,3.6139186091994504],[117.36330781446036,3.6102220043777993],[117.35301179253453,3.609080471277699],[117.35121028776308,3.6082689294906634],[117.34842783985756,3.6070203287869953],[117.33216993101648,3.6045188067721385],[117.30676195347543,3.6047907936058765],[117.29759853586789,3.602971472036777],[117.29416060995955,3.599288246145978]]]},{"type":"Polygon","coordinates":[[[116.38495875368523,-2.176950954851411],[116.38676022922216,-2.190448659933516],[116.39246790379501,-2.1966066980724626],[116.39269981401445,-2.1968608701280052],[116.39289155631214,-2.1970659829355927],[116.394831215929,-2.19913949044023],[116.39968277222911,-2.2026800104771826],[116.4017116245495,-2.2041604289794194],[116.40296911161055,-2.204352178150648],[116.40902905553607,-2.2052707130412026],[116.42501939327656,-2.20285837321153],[116.45532786927959,-2.189770918116177],[116.45692424229911,-2.188821100458481],[116.48036121956332,-2.1748685816236923],[116.48539115452216,-2.1728976305477334],[116.49290024885329,-2.169950215192367],[116.5060189533064,-2.1624989915898785],[116.51133863682081,-2.1594713069190945],[116.52299027555124,-2.158240603568365],[116.52799786403155,-2.155908505359025],[116.52955854459901,-2.1510703647025284],[116.52881830501309,-2.1420897278166406],[116.52230798288277,-2.127084843846604],[116.51627041515529,-2.1131813355795326],[116.51381345066825,-2.1108626464350633],[116.51144116573387,-2.1086197342037485],[116.50777134053679,-2.107718963758423],[116.50776692965425,-2.1077189772229903],[116.50184078817408,-2.1089095546872425],[116.49938376078624,-2.1106262941778224],[116.49252124844853,-2.1154198646960154],[116.4857121894434,-2.1228308507356815],[116.46763055481937,-2.1293679240071186],[116.46056281565322,-2.1319229666829034],[116.45264795500763,-2.1347812422234833],[116.44284238080142,-2.13668973493357],[116.44283787864852,-2.1366897508819074],[116.42760561151721,-2.1323064338152586],[116.41236884773267,-2.127918713978623],[116.3988889862372,-2.126861871848533],[116.39619122875487,-2.128168380177694],[116.39455923044068,-2.1289621320157495],[116.39405983905529,-2.130834947409087],[116.39344895002182,-2.1331090927166336],[116.39451906302095,-2.146374914549828],[116.39495162794795,-2.1517391953425817],[116.39298071777874,-2.156711108920232],[116.38495875368523,-2.176950954851411]]]},{"type":"Polygon","coordinates":[[[117.4515088784612,3.3917795525499326],[117.45600806718824,3.351059062301758],[117.46588503648988,3.3497881610169062],[117.47775066082357,3.3482586991353047],[117.48232128214977,3.34573040084918],[117.49192166365572,3.3434116915429186],[117.49765168484001,3.345471760034936],[117.4985568716093,3.346136213741603],[117.50360901343626,3.3498283064585612],[117.50458109811404,3.3517100321649225],[117.50706038461394,3.3564902041265667],[117.50730111730736,3.3594867125286454],[117.50751963101776,3.3622380089562065],[117.50137947168646,3.381568188771758],[117.49725029411947,3.379512541458242],[117.49725029411947,3.3795081327742005],[117.49489147960342,3.380533720272519],[117.49244787615083,3.3815904824629515],[117.48962084473943,3.378629640843486],[117.48718165469094,3.3760790479456344],[117.48453742431354,3.375820443400637],[117.48260218783936,3.3756286617299054],[117.48088986644319,3.3703312746054914],[117.4803012580655,3.3684985829560308],[117.47958334875912,3.36856098590162],[117.47755003451807,3.368739355419231],[117.47548990664696,3.371040286939972],[117.47680980319402,3.371771573693518],[117.47755890544889,3.372190737023858],[117.47849088855227,3.3765517072018096],[117.48241043726925,3.3787456234204076],[117.48627202416574,3.3809082564098527],[117.488800377863,3.384359564171618],[117.49152035062626,3.3844844325427985],[117.49840966593356,3.3848010557186763],[117.50070168947099,3.3861699780246965],[117.50166034967279,3.389398369260159],[117.50255216816657,3.3923814997176205],[117.49974293491108,3.4020265876280176],[117.49799949639217,3.4080285098444607],[117.49387920631005,3.409187904529554],[117.47833927695395,3.409000561852896],[117.47080783045263,3.4089114006169163],[117.46045831257955,3.408791025525819],[117.456338120098,3.4083317186960436],[117.45388560658202,3.4064901434037935],[117.45359130646627,3.4062716002183246],[117.4533013971166,3.4042605448929604],[117.4515088784612,3.3917795525499326]]]},{"type":"Polygon","coordinates":[[[117.67835224013582,4.166864978469615],[117.67954282143567,4.165973099746019],[117.67954729695447,4.1659731395874715],[117.70854041323616,4.141149336913706],[117.72293438234924,4.126456547049945],[117.72728200316467,4.122019780453987],[117.73113019317736,4.118978641874046],[117.75359070848349,4.101258197374108],[117.76045320730205,4.094195001832049],[117.76432817558832,4.090199640768835],[117.77635884789001,4.08335935214692],[117.77684043063151,4.083087334363732],[117.78262836090697,4.079809925178092],[117.78855002771638,4.077165681299989],[117.80437094810483,4.070098002532634],[117.83386788436343,4.050477969562468],[117.84575135815393,4.038491919688737],[117.84873453619127,4.0368063581269125],[117.85146798513037,4.0352590337732215],[117.85420139305121,4.0348086749087555],[117.8585668374341,4.034090775506933],[117.85857130861417,4.0340907490229405],[117.86521983181525,4.036378248887826],[117.8700312078915,4.036828656168326],[117.87483807514386,4.037279016348],[117.87601978781257,4.038054902600614],[117.88355114745897,4.043008924209569],[117.88529018890098,4.043660000949548],[117.89020859053639,4.045519400135097],[117.89021306093703,4.045519442666037],[117.89753042229898,4.04229102910565],[117.90210992565926,4.042741396209655],[117.90922226154335,4.047780169274936],[117.91221869927148,4.0551287651117045],[117.91933099431242,4.060640245743245],[117.9202763291426,4.062410511991042],[117.92116811280097,4.064078221593376],[117.91513051893565,4.077812214010462],[117.9138820145173,4.080661575605462],[117.91384634538964,4.081740674969272],[117.91366791024927,4.0877917117325016],[117.9177881435823,4.107866578321145],[117.92155160702244,4.126189035992108],[117.91814044642776,4.137929867798897],[117.91734671367075,4.1387592139007445],[117.91660205525427,4.139539595476613],[117.90866486035023,4.1478424470198885],[117.90557914203313,4.151070802366306],[117.89587169493723,4.1667445254511435],[117.89586722467638,4.166744557231809],[117.78980753212558,4.166728916700223],[117.68374779268123,4.166713325809382],[117.68372550509677,4.166713333435979],[117.67835224013582,4.166864978469615]]]},{"type":"Polygon","coordinates":[[[117.26638041190401,-0.8518711185030341],[117.27129876626343,-0.864851548086227],[117.26893993384458,-0.8771319314323618],[117.26917180873902,-0.879865366658239],[117.26931891685044,-0.8815821452974872],[117.27578017548502,-0.8915080941210582],[117.27616811527152,-0.8915303427455886],[117.27814789710263,-0.8916418450014281],[117.279079926988,-0.8898716056650274],[117.27698857181178,-0.8763381998428568],[117.27664969774517,-0.8741621531886403],[117.27654268948395,-0.8699973632315399],[117.27641783149087,-0.8652885484559901],[117.27631082310592,-0.8611193140999509],[117.2768681989294,-0.8560181079278434],[117.28088136675183,-0.8484866457460238],[117.28179105000734,-0.8685214074420041],[117.28259363440782,-0.8708981020360965],[117.2844218608735,-0.8762802268634622],[117.28692787542927,-0.879802920083395],[117.28732924743034,-0.8803692411297401],[117.29160105133397,-0.880311266817376],[117.29489632677202,-0.8766637387026733],[117.29845020533581,-0.8727307969271775],[117.29941335159467,-0.8662249943430635],[117.30047909410958,-0.8590190389704871],[117.30245002564509,-0.8565308657923296],[117.30327055379222,-0.8554919132828583],[117.30318580161492,-0.8529680773447954],[117.30298957103882,-0.8468902994211254],[117.30000196360172,-0.8361215939236878],[117.30031855596444,-0.8336110895167224],[117.3005683317378,-0.8316580315968427],[117.29804894534166,-0.8211880597549914],[117.29808455114485,-0.8210275436790643],[117.29939110932726,-0.814972037120911],[117.29794185883236,-0.813081434243243],[117.29547598325321,-0.812323372085293],[117.29396885496826,-0.8118596293308946],[117.29264001831993,-0.8084305461802819],[117.29151189939194,-0.8055321333335176],[117.2902990164585,-0.805144197732001],[117.28722224487275,-0.8041587451124312],[117.28721776027145,-0.8041631770635189],[117.2870661806879,-0.8048677471200926],[117.2870393627496,-0.805001481840313],[117.28320902467208,-0.8226684965917136],[117.28365049718192,-0.831720429888941],[117.28365049718192,-0.8317293653358397],[117.28179544503571,-0.8270161114624884],[117.28003859202863,-0.8225614642326121],[117.27603877219373,-0.8186419022902617],[117.27256064994639,-0.818530417299092],[117.2724135442105,-0.8186330011819185],[117.269582006881,-0.8206395673410746],[117.2685386147292,-0.8225793098696692],[117.26742830031152,-0.824648338191413],[117.26638041190401,-0.8518711185030341]]]},{"type":"Polygon","coordinates":[[[117.58768088437328,4.0719217916703725],[117.59368287504608,4.040766052745076],[117.5954218604951,4.03174078424591],[117.59584552254356,4.029533574271957],[117.5976603364235,4.020151584377118],[117.60268129674733,4.012548850022228],[117.60975787598508,4.006092092432628],[117.61982212369062,4.001708753390592],[117.65368901074744,3.982320565330368],[117.6619293953372,3.980229274476499],[117.6728987959489,3.9714715898537323],[117.68640984206165,3.967761623870565],[117.69394126471313,3.9727781102991235],[117.70086181464252,3.9773888093208503],[117.70534321335771,3.9793686867081335],[117.72057103735142,3.9860885204103367],[117.72305027130274,3.989343657963183],[117.72494090660108,3.9918318579790886],[117.72564106410135,3.998270768545952],[117.72453069039884,3.999568393540343],[117.71992894043967,4.004950502986649],[117.71880072381587,4.009547895222511],[117.72308150313968,4.01587534444878],[117.7231617752007,4.015991286750328],[117.72328213848257,4.016553077544525],[117.72523970880165,4.025640784178502],[117.72949367293369,4.032512210065411],[117.73121046176192,4.035290255582416],[117.73264177813277,4.036445160386425],[117.73489812598395,4.038268900137587],[117.74617068473334,4.064697996020115],[117.74526104543867,4.068608632487659],[117.74262131242384,4.069228500897594],[117.74162244361018,4.0694603576246005],[117.74023119462537,4.069781372908671],[117.7287980937722,4.0783116706728455],[117.72715269371912,4.08063486943265],[117.72536901957811,4.083149777807978],[117.72148070813702,4.08454100898211],[117.71233064037092,4.092148266850911],[117.68788133287795,4.120949583809966],[117.68418477201415,4.1247933541872595],[117.67669789154034,4.132578941231541],[117.66711532582849,4.142540534701501],[117.66571072015492,4.1439986827077],[117.66454690629391,4.144457984532635],[117.65632874828373,4.147699747400763],[117.65300675695968,4.147298397864314],[117.64877056893276,4.146790074381866],[117.63449696043179,4.140342202811742],[117.63249931571897,4.1394414627626634],[117.62951176242886,4.138090399243386],[117.62102158142092,4.1321196347689515],[117.60080850393226,4.107549998710003],[117.59721894763142,4.104624848702961],[117.5946103538437,4.1024978286173175],[117.59112778500109,4.096576117281841],[117.59002189999832,4.094689920555874],[117.58768088437328,4.0719217916703725]]]},{"type":"Polygon","coordinates":[[[118.46038051951372,1.4602619500193967],[118.46243164769831,1.4597982292919438],[118.46583840535862,1.4538096295132965],[118.46834891730789,1.4521998880684448],[118.46621302858624,1.4497072868160878],[118.46560208218332,1.4489893196504993],[118.46649836188514,1.4450787336207045],[118.46854068168156,1.4434600728189126],[118.47170663309454,1.4445659033651506],[118.47312014863162,1.4450609022328844],[118.47436871577628,1.4445659289374904],[118.47723142052406,1.4434422074211009],[118.478578060642,1.4390678463183042],[118.47789587602884,1.4377033750623291],[118.47743208512003,1.4367714231129833],[118.47262961207718,1.4356387970060405],[118.46672577270753,1.4304617750436381],[118.4653078361905,1.4292221518147408],[118.4675417579546,1.4226762175106806],[118.47270098724107,1.407541996414423],[118.47868061976281,1.3988511854533046],[118.48061141032947,1.3975179605936145],[118.49645018834855,1.3866198718462415],[118.50382546602451,1.3859465607328987],[118.50946624133212,1.3854292962133659],[118.50947069571865,1.3854293027443705],[118.51293545926687,1.3870568818311908],[118.5172385171777,1.3890813455963404],[118.5172429713541,1.3890813519588394],[118.52661153009151,1.3878996537039152],[118.52773970484608,1.389741280023201],[118.52738740159883,1.3910388448452846],[118.5266204379367,1.393879289905882],[118.52138102731509,1.3987218876477185],[118.51636006215635,1.3998812677930135],[118.5153746119544,1.4014285864126443],[118.51430889018829,1.4031096796643125],[118.5144292441328,1.406873166106846],[118.51455859557241,1.4111493912898443],[118.51298000218897,1.4116131396927327],[118.51137921109387,1.4120813661963094],[118.51087088161283,1.4139452824190406],[118.51025110237987,1.4162194100339012],[118.51024664801447,1.416219404750281],[118.50683537053504,1.4134012317618263],[118.50498043484178,1.4118718064359255],[118.50005759577428,1.416857050896362],[118.49199993423473,1.4250082796273433],[118.49454167846817,1.4319020994350018],[118.49316826116473,1.4335073670793952],[118.49149163415474,1.435469363793946],[118.48217659141513,1.4463986347877082],[118.48021008860074,1.4487084179764562],[118.47903739313398,1.449814302159767],[118.4767899931992,1.4519412408495904],[118.47794042840128,1.4530916958055435],[118.47464957971262,1.458415906027412],[118.47339210396672,1.4604492318126587],[118.46814824171288,1.462540540459888],[118.46405920081119,1.467837944550811],[118.46271707661319,1.4667053396212848],[118.46108059895911,1.4653185788105132],[118.46038051951372,1.4602619500193967]]]},{"type":"Polygon","coordinates":[[[117.75944101390901,3.540918650366067],[117.760109904993,3.5342478094866414],[117.76213427891011,3.531113051554294],[117.7669501525849,3.523648512027804],[117.76628128626491,3.5214680409123935],[117.7661207794601,3.520950782077845],[117.76603157912976,3.5206609674424674],[117.7685420554166,3.51444941928196],[117.77652829215614,3.505228018128433],[117.78429160686021,3.499457936208529],[117.79436022196607,3.4975984981618677],[117.79562663208421,3.4956320117614363],[117.79687961541018,3.4936788956740203],[117.80463849324268,3.4895319500476076],[117.80602075884988,3.487222170216532],[117.8226978266797,3.4784511000801825],[117.82358964254387,3.478259350464077],[117.82806216187366,3.477309572341748],[117.83067518017317,3.476756609281233],[117.83253904361878,3.4763597831366924],[117.83421122776566,3.475302989788605],[117.83619999528081,3.4740499303106973],[117.84624188046976,3.4620683423886778],[117.853318490503,3.456070893282491],[117.85814770852427,3.4549426985264766],[117.86430121442865,3.4535113635785772],[117.86474268430018,3.453105580159028],[117.86489872312127,3.4529584359358507],[117.87230088987474,3.4461315253855767],[117.87687593454856,3.445440378202243],[117.8768803158635,3.4454403767135],[117.88054126987365,3.44795976562249],[117.88142860017786,3.449979748015741],[117.88306957755687,3.4536986192264005],[117.88744845470328,3.464957825481158],[117.88677064095022,3.4688684707205586],[117.88365817275357,3.4735416265605066],[117.87832954174259,3.4815412173518263],[117.87675102232087,3.4918997408134915],[117.8680914536518,3.5041087606594927],[117.86774370314544,3.515292164916552],[117.86765893382876,3.5179097024038346],[117.86517074004664,3.528731943444769],[117.8564710938067,3.544374471873282],[117.85581999189066,3.545538239713079],[117.85432176006792,3.546929476863159],[117.8421216308697,3.5582199674697335],[117.83925890048798,3.5655150420366213],[117.83779183437547,3.5692695922401203],[117.83392136691552,3.574798912019951],[117.8192821254635,3.5851797073331393],[117.81037286407376,3.589567423475582],[117.81036839171361,3.5895719198082587],[117.79707140420798,3.5799402301960597],[117.79461883619848,3.5796593191136656],[117.79110957732358,3.5792579892614955],[117.7821511768778,3.5751332947359473],[117.77622062634322,3.5723999165756],[117.77345152146066,3.570553798047821],[117.76864905856539,3.567352191451519],[117.76507282942897,3.56269686892958],[117.7640606613406,3.5613814334328464],[117.76320899718085,3.558991372864701],[117.76152784587845,3.55426028268085],[117.75944101390901,3.540918650366067]]]},{"type":"Polygon","coordinates":[[[118.55498920620941,2.2737089994555486],[118.55649196017231,2.262110879356203],[118.55832912561775,2.2479487476726363],[118.563916375811,2.236069740715506],[118.56763967834607,2.2281503989580846],[118.5849321342539,2.20486943116365],[118.5919997982838,2.2000178893146156],[118.60007516313784,2.1918532556450208],[118.60498912120947,2.1868814067603584],[118.6072766119736,2.1910060559770375],[118.6072811527336,2.1910105376445683],[118.6079499785892,2.1901008618414437],[118.61095093569068,2.1859316297686875],[118.61161093225986,2.185008584929808],[118.61661846757819,2.1815483169680983],[118.62894785746883,2.176910809272221],[118.63043274801687,2.175912019046248],[118.63305913710155,2.174141740450119],[118.63578812237432,2.1699992452793975],[118.64452802539542,2.1675377948871017],[118.64492039887088,2.1674307664364902],[118.64332846754938,2.173191944278212],[118.64059952041686,2.17596102171114],[118.63580156422212,2.176888556278227],[118.63294323254654,2.1795684918461298],[118.62964792986399,2.1826586347573813],[118.62472510335641,2.185557014524595],[118.62258030026143,2.186818929118129],[118.6194500226595,2.190970415379587],[118.61667197423336,2.1946580322779896],[118.6142061092755,2.1956569083486492],[118.61095983894025,2.196967852323514],[118.60208181040771,2.2055115002807595],[118.60064153576,2.2084322505168923],[118.59912983912227,2.211500054557501],[118.59044804078023,2.2156603935682844],[118.58741580680025,2.2196513460519456],[118.58741135453135,2.2196602687887257],[118.57975950563068,2.2297199679834554],[118.5688480769797,2.2492999030016425],[118.56234226467885,2.275421326073048],[118.5616288110747,2.2782885271378253],[118.56236907145063,2.296218555462439],[118.5653610714333,2.301038829624619],[118.56570892929126,2.3010120712708666],[118.57130064722207,2.300561689314456],[118.57394036959481,2.294314493425098],[118.57607183279254,2.289280184263053],[118.58612713702546,2.2801122413289945],[118.59043904736434,2.276179365311634],[118.5988489209244,2.268518602933229],[118.6063803881101,2.265499787446321],[118.61641779520677,2.2574288217585967],[118.62143871430972,2.2567198579441143],[118.62691011681589,2.251640898654964],[118.62921100812882,2.2532506249524182],[118.63148961146403,2.2548514577281304],[118.63036144153364,2.256630662788032],[118.62945172473177,2.2580709213248165],[118.62215217308625,2.2620083052295126],[118.6141704079553,2.269388121401958],[118.60480187888926,2.271020178452572],[118.59143793679881,2.28253799909587],[118.58338030946213,2.289489759014594],[118.58158777182877,2.2926646111223556],[118.57793130799901,2.2991615341156204],[118.57614325213467,2.2995405641476614],[118.57446212871027,2.299901771201876],[118.56516042497442,2.3095512777896605],[118.56037137603415,2.3125477764271305],[118.5585297804551,2.3104921473229867],[118.55782521637981,2.3054800974943577],[118.55720098307839,2.3010388522743233],[118.55725887326925,2.2949833576381296],[118.55730794632271,2.28997134165038],[118.55731685250146,2.2894362245713236],[118.55732130559062,2.2893381501940735],[118.55704040448796,2.287478726788755],[118.55498920620941,2.2737089994555486]]]},{"type":"Polygon","coordinates":[[[117.51580908227419,3.3863795646649812],[117.51663848258384,3.383204698887903],[117.51785140019051,3.378549410477436],[117.52391130472023,3.3669512714888006],[117.52675171842938,3.3615200611000438],[117.52925777285958,3.3572750438863603],[117.53587064329703,3.3460915759580887],[117.5373644444888,3.3419312470031146],[117.53768987948455,3.3410215650604727],[117.5369898307711,3.3357286512910793],[117.53949136225333,3.331501424076406],[117.54201973370922,3.3272206554925354],[117.55321202995435,3.3200014023709383],[117.56921127543902,3.309678575778661],[117.58565202861463,3.2889482142220254],[117.5925011546486,3.2838693180953107],[117.59534162339955,3.2824067241862993],[117.60232901897126,3.2787992840952804],[117.60434014555348,3.2808103440931644],[117.60530768872393,3.2817779778355702],[117.60531216600617,3.2817779813717918],[117.60591418041227,3.281171556452276],[117.6066811348629,3.280400083918686],[117.61056949692212,3.2803911684371054],[117.61147916369606,3.278090271323388],[117.61107783275698,3.2771628347667994],[117.6091782597434,3.2728018060015263],[117.60929860659537,3.2704206414962527],[117.60941008854412,3.268200028768182],[117.61783784431893,3.254390180616716],[117.61784223176527,3.254390187757652],[117.6210082402264,3.2552418774690146],[117.62378623266986,3.255990991984911],[117.62379070951506,3.255990996374494],[117.62149872996604,3.250470649890763],[117.62218100821099,3.247478543323326],[117.62584189930598,3.244018344959776],[117.62993087151762,3.2403306571082027],[117.6322451319984,3.2401522715405786],[117.63290955445011,3.2400987598503397],[117.63477791109793,3.240335064536041],[117.63702084577197,3.2406205087956583],[117.64000845922382,3.2409994942689657],[117.64381206938609,3.2438845070214612],[117.64757997156642,3.2467383923677766],[117.64888202758341,3.254363450032549],[117.64965793910804,3.25892952619311],[117.64916295680526,3.2656494419225184],[117.6483202574072,3.2771003772064016],[117.65024656259729,3.285715376105914],[117.65156193920207,3.2915790987692946],[117.65232450069752,3.3007558976930933],[117.65296217448459,3.308372086106214],[117.65370234963032,3.3105792993951217],[117.65504008258938,3.3145701881515137],[117.65550380630872,3.3260747115416702],[117.65575795864966,3.3325092030231698],[117.6580677839351,3.343781784521308],[117.66058723543799,3.3486734067388664],[117.66244215822285,3.3522808377072852],[117.6633696575049,3.3582605135157806],[117.6627186807832,3.37665874773435],[117.66299511341815,3.377617436695947],[117.6661788933751,3.3886180259141696],[117.66870280135272,3.392979012994011],[117.67123106158257,3.397340032092442],[117.67057554688061,3.401464678131213],[117.6698799271761,3.4058613538667073],[117.66736946246009,3.4097720462581385],[117.65936985687468,3.415769529124369],[117.63947781884151,3.4282282288717716],[117.63237003034699,3.432045244869937],[117.61753905003091,3.4400091783714255],[117.61319139203077,3.440932197157985],[117.60983371935097,3.441480689916192],[117.59763365074356,3.44349174590009],[117.59762917328013,3.4434917483727454],[117.57970799701626,3.439862037911856],[117.57811610204598,3.4395364979518024],[117.57519092117154,3.4389389960074133],[117.56486815427077,3.4386313499254095],[117.56053836928928,3.4385019943837634],[117.55596781480017,3.4412710884714963],[117.55092896286058,3.4410481454572492],[117.5406195757731,3.431871339081369],[117.53956723358915,3.430292824513407],[117.5360311674659,3.424982042806147],[117.52342083259003,3.4181015901769967],[117.51951904862985,3.408220271704431],[117.51708444726951,3.3938753223063975],[117.51580908227419,3.3863795646649812]]]},{"type":"Polygon","coordinates":[[[117.52393809028545,-0.4337590675881264],[117.52348766229093,-0.4284393403322395],[117.52342970141227,-0.4277883293188591],[117.52565925658718,-0.420881158384944],[117.52709508789174,-0.41903513257568326],[117.52907941632215,-0.4164889826593993],[117.53829192829176,-0.404690151021257],[117.5398303196768,-0.3975511369874727],[117.53728857228131,-0.39367176617572064],[117.5354782005529,-0.3942246360749291],[117.5332888014084,-0.3948979778330642],[117.52959217972305,-0.4003693342422862],[117.52103071487731,-0.40428886263781094],[117.51942991065567,-0.4067904026669638],[117.5178780970132,-0.4092116835235782],[117.50932112780329,-0.413670816669486],[117.51066775983877,-0.4179827393496782],[117.51101115801258,-0.4190708052939982],[117.50982050532117,-0.4227227666184019],[117.50533018232768,-0.43648800045838626],[117.50211521883301,-0.43654152772347693],[117.50211073913408,-0.4365415454919757],[117.50045198906457,-0.4338482289206154],[117.50256999732689,-0.43164992867750723],[117.50443837667977,-0.41103098602072285],[117.50970905483557,-0.4033702682495567],[117.51400764617493,-0.402438349732778],[117.52045100831188,-0.40103817382198187],[117.52630138661277,-0.3955401175144264],[117.52784865315917,-0.39117907412593955],[117.53822501416715,-0.3871436318235856],[117.54041892534283,-0.3862919048812925],[117.54266180898297,-0.38168124469105186],[117.54260833265073,-0.37546967724033137],[117.5398303196768,-0.37043979433525076],[117.53409143171118,-0.3653965721950927],[117.52766142668663,-0.35973800684887147],[117.52765694758216,-0.35974242074188645],[117.5223015660232,-0.36067886682792966],[117.51671875272007,-0.36165985148992136],[117.50211073913408,-0.3868315033994209],[117.49233193570372,-0.398567807773154],[117.48407812325162,-0.40848934304277207],[117.47342984648078,-0.42128693275808443],[117.46859171045391,-0.41558820594094564],[117.46977777823069,-0.4136396105141175],[117.48097015144782,-0.39526807478294945],[117.49703185837222,-0.3521708710042157],[117.49608652510122,-0.3498788822635947],[117.49448121299102,-0.34599056166981346],[117.49511887749453,-0.3413798890400192],[117.49408886504857,-0.33850821422121563],[117.4937187365834,-0.33749154042963747],[117.49009796295002,-0.3367513047947913],[117.4850413460346,-0.33572126539254554],[117.4802210623876,-0.3363455114782539],[117.47808067675528,-0.3366219976591144],[117.47684546626178,-0.33742015706971895],[117.47380879525089,-0.33939107368846494],[117.46377137611626,-0.3561082486490287],[117.46402999539731,-0.35977809498880076],[117.46749031690693,-0.36542334127341697],[117.47189146278302,-0.37258908817855313],[117.4717085728095,-0.3787916960533712],[117.46971092993749,-0.3850211082692225],[117.46865407865907,-0.3873175211966039],[117.46589838849184,-0.39331943700080585],[117.46413260066457,-0.3946081580819174],[117.46271906271734,-0.39563821793230386],[117.45736815400345,-0.3928824913805567],[117.45298926239401,-0.3906306087472921],[117.46337896595328,-0.3912682601961978],[117.46518051545947,-0.38873105201534647],[117.46827063933333,-0.3762901370006055],[117.46819034906775,-0.3753715864204085],[117.46777124409515,-0.3705513013027475],[117.4614081211879,-0.3620790130359081],[117.46107807688898,-0.3616419885602106],[117.46071245561537,-0.35916724009480705],[117.46036018603637,-0.3568217190783566],[117.45620880538094,-0.352719364439251],[117.45617752966723,-0.34827360206211794],[117.4561596962351,-0.3458300624633664],[117.45141970914376,-0.3242702976269468],[117.45565139792387,-0.3111292859060519],[117.4541264054015,-0.3077939339713848],[117.45356003033156,-0.3065587161582366],[117.449680675241,-0.3061306424208146],[117.44601077430015,-0.30362913088608906],[117.44331749798948,-0.29840752550039884],[117.44021846345476,-0.29241000576782816],[117.43401137369368,-0.28648830424148747],[117.43006055506453,-0.27802051448517107],[117.42893241366859,-0.27231286213234385],[117.42721119452284,-0.26356854252980816],[117.42054038601503,-0.2518678379557516],[117.4207187528402,-0.25073080680774573],[117.42223934582825,-0.24109020280333132],[117.42146789172972,-0.23144966103030293],[117.42276108620919,-0.2210688601037576],[117.43220989420628,-0.20585886818904814],[117.43509494215222,-0.20522565088948014],[117.43653969073613,-0.20490908627425053],[117.43747160167054,-0.20719215030930532],[117.43607149298722,-0.20906939238047914],[117.43385972740465,-0.21204806144153993],[117.43492546132875,-0.2133724164324117],[117.43570134351212,-0.2143311616109112],[117.44292065511424,-0.20553779199148167],[117.44716122175292,-0.1931013967896349],[117.44698287909371,-0.19035454934799156],[117.4466305846471,-0.1848386881960986],[117.45128142940786,-0.1730309443678178],[117.45707825028494,-0.15831145917752684],[117.45824207443592,-0.15534168296971398],[117.46000791581861,-0.14751152277091006],[117.46455171349447,-0.13933796389564704],[117.46526967846332,-0.13805373897168208],[117.46539898714893,-0.13782190578646855],[117.46843561063415,-0.12773095669409845],[117.47441973545362,-0.10784784775245046],[117.47609188094638,-0.09325763727043494],[117.47705057357676,-0.08488793122333044],[117.47817879433492,-0.08207422945071194],[117.48286078199897,-0.07036908615777009],[117.48878693783932,-0.06569590451020435],[117.49168987165932,-0.06340840151802969],[117.50330134985472,-0.060559051244802896],[117.50781841832652,-0.056621660139114884],[117.50827766292397,-0.05605538796007917],[117.51884133023161,-0.0430080522538539],[117.52041983257315,-0.03561928762122799],[117.52076321334755,-0.030883715512269625],[117.52082117503008,-0.03009895159129788],[117.51728064273595,-0.015428462671325568],[117.50578056321855,-0.0028895058370765354],[117.49895817001759,-7.803260290153324E-4],[117.49757588656696,-3.5225176210961986E-4],[117.49643872970704,3.155545731195637E-8],[117.49836952705667,0.008641749474395059],[117.50387205913772,0.019651269236443992],[117.50541493679887,0.02090874954032613],[117.50751963101776,0.022621033568169743],[117.50827766292397,0.024574110166065866],[117.50912044469024,0.026750119548690558],[117.50457213883064,0.03020148906695626],[117.5045855777556,0.03022378173266235],[117.50776932227281,0.034781013310415304],[117.5064093207769,0.039150935287780984],[117.50368032967687,0.03915089536402522],[117.500639242001,0.03762586571532534],[117.49638085028654,0.0354899764662404],[117.49442772326363,0.03721566517188453],[117.49274220688062,0.038709454795264116],[117.4927377269642,0.03870945637035825],[117.48962084473943,0.03450901228454772],[117.48818939344213,0.03257817043092009],[117.48678929193056,0.030691979918725982],[117.48382840136227,0.031610564597033944],[117.48293219550192,0.03345217963639814],[117.4833914096811,0.04010959511199872],[117.48749830402947,0.04653071078440537],[117.50278851639914,0.052010926641778775],[117.50141065050704,0.0638409612269422],[117.49938177680924,0.06390783197816194],[117.4939283058983,0.06409063844643477],[117.4918681732197,0.06097821106232877],[117.48902778292212,0.06016218522482248],[117.4886709951962,0.060059636014309276],[117.47978406256266,0.06167826882300003],[117.47977958234608,0.06167827133147999],[117.4751554955851,0.056345207379661734],[117.4676686407514,0.047707933388506756],[117.46414595278706,0.047391345738921016],[117.46266108360506,0.04726200723888509],[117.46237127739639,0.04798440894973958],[117.46175142760049,0.04954953767589635],[117.46290187155154,0.05185045367246944],[117.46791838346812,0.05551134623947264],[117.4680565617545,0.05700961795089944],[117.4683821137095,0.06055903095275326],[117.47318011086126,0.06445181848140309],[117.47156143631169,0.06531689304511308],[117.46992052524618,0.06619980124082785],[117.4699160448016,0.0661998039322049],[117.46724953465191,0.06537934558753372],[117.463829354897,0.06676166952519359],[117.463829354897,0.06997220134007341],[117.46613469189136,0.07175138138850944],[117.47182900601084,0.07616143654865287],[117.47137863563512,0.07822152616436265],[117.46888598784376,0.07926053107041976],[117.46749918829805,0.07984018172707456],[117.47345206908224,0.08878067232311018],[117.47330054314851,0.0890616096302481],[117.47186018959546,0.09176829766024792],[117.4645695461563,0.09178164781502604],[117.47210096612713,0.0977300949378781],[117.47371076506552,0.10461048132672404],[117.4762211824163,0.10576099032640282],[117.4772824727172,0.10544882651750821],[117.4810013335612,0.10436974079576007],[117.48032804968678,0.10803956130082262],[117.48162560199792,0.10873070093797825],[117.48420741938848,0.1100996887532668],[117.48421189950254,0.11009968427473311],[117.4884703802113,0.10976521486245754],[117.4930988974929,0.10939957085176631],[117.49622916311614,0.10740636158552702],[117.49923905152836,0.10548895615728818],[117.50028695546466,0.10601066253494568],[117.50153106521505,0.10663049119878361],[117.50450082291982,0.11351088470056003],[117.50693101418481,0.11656983009056184],[117.51250049380197,0.12358847365709628],[117.51387828041138,0.1288680119269448],[117.51342791844995,0.12989809042260023],[117.5092898606713,0.13931121355918782],[117.50842934062027,0.141268806725933],[117.50228016127511,0.14587055797260934],[117.5022846409701,0.14783254607142768],[117.50228912066501,0.14978120857602084],[117.49934163813451,0.15506077182125005],[117.49614897404409,0.15621122160906212],[117.48875575698078,0.15127056922051907],[117.48793080640539,0.15072205929483767],[117.48726641712837,0.15181009800022555],[117.48430114335328,0.15668837395934554],[117.4806401404403,0.1532593041096436],[117.4806401404403,0.15326374241386265],[117.47916865904537,0.1562335348963635],[117.47882090322271,0.15692914521616405],[117.47782646686795,0.15677304488757304],[117.47449106246235,0.1562513289455022],[117.47344767832651,0.15753557080556868],[117.47243986284522,0.1587796891898342],[117.47276092706372,0.1601485981704549],[117.47313996674887,0.1617583536363276],[117.48043951712822,0.16472813228309743],[117.48179952227026,0.1670200622459409],[117.47921776236812,0.17291946805099398],[117.47907950243302,0.17323162862866973],[117.48091217779272,0.1743686748549426],[117.48797981790426,0.17275003977303302],[117.49116813705301,0.1761879805633162],[117.48781486324887,0.17862715365108583],[117.48389085426543,0.181480925802929],[117.48505469671669,0.1832289217799555],[117.48617839075712,0.1849189081167619],[117.4927912171595,0.186519746035556],[117.490588430283,0.1901583454167713],[117.48892071083344,0.19294973022158907],[117.48984824883345,0.19661960502297562],[117.48985263921719,0.1966195971834088],[117.49345119714472,0.19609342500642324],[117.4946284216617,0.19591950068946254],[117.49699171920886,0.19165659803864918],[117.4978121512986,0.19018064607849944],[117.50076852705634,0.18970802416974428],[117.503889888176,0.19134447638606764],[117.50602138710246,0.19245927276500246],[117.50512062539377,0.19773881076104807],[117.50341728371389,0.1985816350006507],[117.49486916986682,0.20280882525585658],[117.49738854106229,0.20922996808047917],[117.49943974492521,0.21014850045022204],[117.50710939125658,0.20815530755119857],[117.50924085458315,0.20759790716876514],[117.5101683845171,0.2078431885699614],[117.5135706332257,0.20873941937894624],[117.51934068305425,0.21578930778502511],[117.52088800563463,0.21767992083374801],[117.51748122775713,0.22349016597137414],[117.5172493768965,0.22387806817714953],[117.51779782736065,0.22520243696165995],[117.51885915788432,0.22777977432267102],[117.51881006464579,0.22793588132422646],[117.51772203701063,0.23145857813409468],[117.50929881973545,0.23836127476805233],[117.50953068017016,0.23875811999128996],[117.51250049380197,0.2438593184243718],[117.52117790326969,0.25049891460003004],[117.52095940506183,0.2537183939775773],[117.5199694859217,0.2549981441385798],[117.51845781133329,0.25693786206423913],[117.51139012267505,0.25741054622801857],[117.5108862697311,0.2626900757422405],[117.51027087571848,0.26912010685559534],[117.5108862697311,0.27053813076797645],[117.51187175612046,0.2727899828526486],[117.52260919924751,0.28172156039764046],[117.52170851514511,0.2913621105539499],[117.51559953673946,0.31318051042973255],[117.51743222375384,0.3154680175525671],[117.52038856724391,0.31179818655128005],[117.52039304651774,0.3118026309907246],[117.52313093833705,0.3154591208133549],[117.52403170535867,0.3156641912552865],[117.52517765765963,0.315918415088167],[117.52518213682187,0.3159184022180403],[117.52858886780392,0.3069600691798262],[117.53534445989538,0.31199884465040123],[117.53748922598791,0.31359967118732324],[117.54011123108299,0.31741665146942755],[117.54457924362293,0.3239180303703471],[117.5450384899282,0.3287383358455452],[117.54370974501786,0.3441222058632645],[117.54460154759413,0.3457140740751866],[117.54691138295091,0.349852122053581],[117.54755792046575,0.35393670299415225],[117.54828919135468,0.35856968887998736],[117.55364008520633,0.36875873619141686],[117.55768009494689,0.37645957551075804],[117.55942800751501,0.37858214110853333],[117.56316032726326,0.38310815371134954],[117.56340107913208,0.3856409082081493],[117.56326287971474,0.38609126482118283],[117.56158181865158,0.3916116355305577],[117.5577202214306,0.3923116924908285],[117.55702902365775,0.39390804309993477],[117.55981153402644,0.3956694128606833],[117.56105561635948,0.3964586540197206],[117.56137223357194,0.39665932573816703],[117.56082372862537,0.39793463288328484],[117.55909804153966,0.40193892955855315],[117.55317190252445,0.4008107409623669],[117.55284640426616,0.4012210023914916],[117.5513481556909,0.40311168379197565],[117.55206158753056,0.405595350521529],[117.5522711828196,0.4063222083706955],[117.55684173612833,0.41205215845983695],[117.54976963910354,0.4138982448477455],[117.55616844893181,0.41962814294730205],[117.56218818102685,0.41461166947731637],[117.56914885026593,0.40881039869864627],[117.56939416227051,0.40411493646316193],[117.5695903041721,0.40031135923230593],[117.57071851922024,0.3989379203707087],[117.57573938481168,0.39824229700019514],[117.57573938481168,0.39823783101506544],[117.57889651286605,0.3993303477825882],[117.5816700172435,0.4002890424421423],[117.59790113421809,0.4123509098389013],[117.60108941507828,0.41471869727589583],[117.60565996096692,0.42159907595286245],[117.60590074860791,0.42277631607854044],[117.60751049881046,0.4305485188983387],[117.60662319924099,0.43234106665568584],[117.60636898074641,0.43284938082450203],[117.60727866768589,0.436751133982054],[117.6051472228589,0.4390341521820042],[117.60319860840147,0.4411210591377432],[117.59593023692983,0.4615704576026832],[117.59778078013356,0.46575754198477803],[117.60120090185394,0.4734896605412256],[117.60238704545218,0.4812351135283893],[117.6028195570887,0.4840487867001424],[117.60921837536921,0.49070178264389264],[117.61429723151332,0.4942289171002927],[117.62041066119397,0.49847842546595733],[117.63092971010732,0.5106294739780582],[117.63082719419924,0.5150128018268325],[117.63072011202098,0.519587839158045],[117.6355181576948,0.524631085444586],[117.63829172878074,0.5293978713787313],[117.64284893110822,0.5372414389657807],[117.64812849419994,0.5555995014919517],[117.6545406383315,0.5608701990452478],[117.65797862137424,0.5785416246207884],[117.6634811970193,0.5879503010566018],[117.6665133276793,0.5994414295325318],[117.66922897303286,0.6097508669492503],[117.6709857921139,0.6131486585411167],[117.67243054998418,0.6159400606781191],[117.68179918540964,0.6223611838678347],[117.70141922087112,0.6246086018573449],[117.70244032247142,0.624095752874156],[117.70324742643503,0.6236900309532096],[117.70325190138628,0.6236900053774216],[117.70826834372033,0.6245996692355192],[117.70997172504052,0.6257411931542977],[117.7116885150382,0.6268916199217094],[117.71226817308381,0.628617312868032],[117.71237968344126,0.6289517349982104],[117.71059157191134,0.6473321733858834],[117.7082104394004,0.6526384687975341],[117.70718927989127,0.6549081513786931],[117.70879010826476,0.6588099004024568],[117.70880344322285,0.6630415947242537],[117.70880791804078,0.6643213552423861],[117.70611020981707,0.6845389154324787],[117.70956147584779,0.69739005408022],[117.71574178781037,0.7086314243662224],[117.72442813620688,0.7159621737634845],[117.7274113125203,0.7228514811644241],[117.73417124761426,0.7311899884821462],[117.74021786192124,0.7386678976128611],[117.74141288001744,0.7412096126137507],[117.74560884922572,0.7501412184816377],[117.74899782158928,0.7573426415264103],[117.74939017781678,0.7581720239607412],[117.75025971141454,0.7590683021643415],[117.7569394507515,0.7659620836496219],[117.76245091525396,0.7695383021286788],[117.76538946073633,0.7714512682244342],[117.78709185932135,0.7805879429155346],[117.79761089858192,0.7920478502285746],[117.80925808021355,0.7989192772210394],[117.82895842348842,0.8064284289527129],[117.83802820774822,0.809879764449321],[117.84108270014055,0.8105397019348336],[117.84646929993974,0.8116990946397975],[117.86381968287235,0.8130279138248121],[117.86750289737772,0.8111684485830307],[117.87156954801974,0.8091128334501732],[117.87156954801974,0.8091083274658623],[117.8736831796317,0.8101695983682901],[117.87432080518398,0.8104906804383137],[117.87592161010097,0.8143879180558024],[117.87318826048397,0.8222002846300703],[117.87502987149585,0.8265612769619185],[117.87718360989786,0.8284073151992993],[117.8798278438608,0.8306814475531021],[117.88484876901116,0.8292991536950783],[117.88731022775417,0.8311898227813848],[117.89169794310403,0.8345608784863631],[117.8917024134679,0.8345609084319021],[117.9028903151733,0.8338519249948789],[117.90877634072655,0.8350469388061594],[117.91520632645818,0.8363489838509435],[117.91521079624034,0.8363490136824241],[117.91817164499724,0.833348011345327],[117.92056167178775,0.8259013077246447],[117.921342070887,0.8234711042571821],[117.92086051230042,0.8156587409694998],[117.92088724075765,0.8156008136329365],[117.92123059827874,0.8148694870838719],[117.92242559534799,0.8123501356957565],[117.92336206417097,0.8103702782875292],[117.92655027670472,0.8083012171659317],[117.94344133594508,0.8037306943421455],[117.95482095309134,0.8006494093188152],[117.96075157456083,0.797648460728771],[117.96528201266162,0.7868485325288873],[117.96895189443329,0.783606770449713],[117.97597945771423,0.7773996969866566],[117.97598383661759,0.7773996654316099],[117.98579838709482,0.7819702401459914],[117.98580285511773,0.7819702720022916],[117.99014152060826,0.7799012549229232],[118.01615145845219,0.7839679144270864],[118.02072203275317,0.7871695600618375],[118.02802155588786,0.785091635009558],[118.03099134582516,0.7880614129319583],[118.03042056610649,0.7914815179280049],[118.0294217641762,0.7974789922038481],[118.03149074306826,0.8066692487063696],[118.02944847639417,0.8096612518830569],[118.02762471056381,0.8108474171391877],[118.02307200383633,0.8138082629865886],[118.02240310104565,0.8153466472816505],[118.02057935206297,0.8195604947052711],[118.02288912122168,0.832179724575995],[118.02499829040113,0.8358004978172151],[118.02770055972755,0.8404380009068632],[118.02238969973517,0.8505333888831464],[118.02044113841079,0.8542389035402778],[118.02056148346499,0.8578909163213913],[118.02094056538488,0.8693998466801888],[118.01359643495068,0.8819655761237916],[118.00844169246983,0.890790160592248],[118.00643954669951,0.8924667520122946],[118.00284995953456,0.8954722233708237],[117.99522932984843,0.9018487247490415],[117.98273937361317,0.9257718032130761],[117.9761399578575,0.9338205116599471],[117.9760418347358,0.9401212016624855],[117.97593933265586,0.9469213381729473],[117.96950928733416,0.9551751481510696],[117.96661979803038,0.9588806503511588],[117.9673198323081,0.9662292193518709],[117.96606686464011,0.969421930770533],[117.96505912193658,0.9719814404631729],[117.9669898790489,0.9758519708149207],[117.96826071409873,0.9783980983585832],[117.9675784680505,0.9804716250665995],[117.96421188440947,0.9830801513690648],[117.96282063661626,0.9841548015772185],[117.95984193399242,0.9864601583355643],[117.95888322252799,0.9885381071501245],[117.95667147249438,0.9933584020136393],[117.95577074875072,1.0034672091619596],[117.95783084153798,1.0007694061172028],[117.96032794610315,0.9974919757556647],[117.96269131535273,0.9920117347454965],[117.96349843222853,0.9901300359511277],[117.96920159093885,0.9873608903416689],[117.96936209716988,0.9870265061968535],[117.97116805044286,0.9833700206370538],[117.97209997524999,0.9814749116960241],[117.97328167537019,0.9790803876598334],[117.97829811670898,0.9776890946332868],[117.97830258491972,0.9776891187471735],[117.97993016792043,0.9785006517784827],[117.98104944097993,0.9790580933367503],[117.980759547697,0.98203226958815],[117.98059011539992,0.9837490085413619],[117.9805410550687,0.9842484446262494],[117.98038055888175,0.9859607540124423],[117.97539080701212,0.9972199861356221],[117.97284020320026,1.0069720372590278],[117.97064185216449,1.015381868942281],[117.97177449918657,1.018775270760063],[117.9731701456618,1.022957928538557],[117.97183249867126,1.0250849076309898],[117.96999080476631,1.0280189747350517],[117.94489056362634,1.051901920907699],[117.94202338037996,1.0546308869901222],[117.93924982549493,1.0572706672611671],[117.93116989342447,1.0596518499437473],[117.93116989342447,1.0596473800120652],[117.9292301694252,1.0585014241357977],[117.92916330667668,1.0583631891340526],[117.92828041214437,1.0565795145546664],[117.92960032758745,1.0538817669248004],[117.93146424694817,1.0532396591448556],[117.93239173002966,1.0529186281043672],[117.9324897876665,1.0502342632099722],[117.93260125330171,1.0471708050793296],[117.93334593493482,1.0453336958158046],[117.93464802539289,1.0421186890995744],[117.94153284952401,1.0355682536953252],[117.94238904308898,1.0347477924540431],[117.94144811483082,1.0264716981252813],[117.94366434293995,1.0204162066081233],[117.94439119187159,1.0184319575631982],[117.94686595991355,1.0158189221971348],[117.95487002047892,1.007377822846116],[117.95452225843137,1.0066777260918218],[117.95396035004231,1.0055495569647843],[117.95395588122352,1.005549598576575],[117.94618819076797,1.0105259582884103],[117.94460963925368,1.0115381472796945],[117.93916062053732,1.020741709546332],[117.936458440154,1.0370620821057428],[117.9239104807941,1.037320703160866],[117.92119940023889,1.0358313144169289],[117.91682053638583,1.033427870321797],[117.91682053638583,1.0334323376341064],[117.92050821477272,1.0465198237990723],[117.91810924785291,1.0498061628159403],[117.91731998468839,1.0508808335098176],[117.91711929370751,1.0612303843605526],[117.91646376120968,1.0627509295958804],[117.91553181570617,1.0649002376309358],[117.89682144405074,1.0660997299163293],[117.88814852876982,1.0686414324624562],[117.8779282518266,1.0755396599248424],[117.86970116588837,1.0810911902077376],[117.86990629095357,1.0821257367327926],[117.87016050622066,1.0833921419303358],[117.87319264188794,1.0839940619271964],[117.87700522800215,1.084747690482042],[117.87700969872847,1.084752120879225],[117.88380534360682,1.0798114493908766],[117.88430032319383,1.079450261180092],[117.88860782238002,1.0741617889608863],[117.88881739649607,1.0741305358137825],[117.88936135821487,1.07405032473593],[117.8902532051298,1.0739209585114946],[117.89181837466772,1.0736890992639474],[117.8936465642416,1.0793521718742984],[117.89411925481406,1.0808102965496411],[117.89731191782373,1.0796508970954104],[117.89889043685253,1.0729801175391638],[117.91212063059832,1.070188731369965],[117.91623195977097,1.0706479963468187],[117.9152419953168,1.0740636697953252],[117.91509931983991,1.0745497218942317],[117.913855195625,1.0756288059878474],[117.89254963483222,1.094138567768079],[117.88977165304551,1.0941430275293518],[117.88684198988577,1.0941519350347877],[117.88584757273885,1.092782961028338],[117.88203061251139,1.0874989273631086],[117.88202614190884,1.0875033826788691],[117.87816010236986,1.0897998366885546],[117.87725934391278,1.094169781999614],[117.87796392803826,1.095694748386378],[117.87862836266744,1.0971484096148285],[117.88183891297444,1.098981136510971],[117.88420662051448,1.1029854285504161],[117.88549976685573,1.105179308553307],[117.88689107579128,1.1125278632336797],[117.88602594593404,1.117049403516766],[117.88508955175804,1.1219499328733753],[117.88756432921843,1.1235284875610299],[117.89010603951547,1.1251471114662999],[117.89011050991866,1.1251516094792273],[117.89510468596485,1.1188954458377651],[117.89967084026847,1.1131789106706576],[117.90298391877565,1.1057500630808486],[117.90619895403849,1.0985307365940629],[117.91018982010425,1.0944595725694954],[117.91286083768004,1.0946290587394991],[117.91459986538581,1.0969299613311123],[117.91385966544065,1.0998283414131742],[117.90566827422373,1.1101333483669893],[117.90077219662544,1.116291370563199],[117.90205199306926,1.1189668131375203],[117.90426816960687,1.12358641971298],[117.90532944650471,1.1176959971081135],[117.90610973270971,1.1133617350421872],[117.91200021256483,1.1069718435858924],[117.91850159859189,1.1048002672877133],[117.93030926638984,1.0972108710185],[117.93031373579718,1.0972108905029632],[117.93144636943238,1.0979153842611846],[117.93183878049538,1.098160677788172],[117.93068836112803,1.10368994183049],[117.93228911359411,1.1057589898956475],[117.9334797466839,1.105758938881876],[117.93410849073669,1.1057589927139027],[117.93545955898072,1.0977102994226942],[117.93890641298032,1.0928766146803708],[117.94192076944437,1.0886494090678835],[117.9470800246728,1.0886181653738427],[117.94919804539477,1.0903394113139038],[117.95264937257863,1.0904999479592181],[117.94840882930384,1.0872581728478434],[117.9483909534745,1.0872536857166393],[117.94246930823321,1.085180187999401],[117.9399900104133,1.0818492349378999],[117.94956816241293,1.0781481909292754],[117.95023260143174,1.0776042148487768],[117.95936923724085,1.0700906181084284],[117.96211164750441,1.0746701128786174],[117.96052867819348,1.0754281244627129],[117.95824115914186,1.0765206053344982],[117.95733141644692,1.0783578154897961],[117.95984640266443,1.0806497485960351],[117.95985087133627,1.0806497686701995],[117.97179228331409,1.0734840083120174],[117.97829811670898,1.0695777956892591],[117.97943080454988,1.0633484265732174],[117.97691135742444,1.056258467706732],[117.97820893119942,1.0510279458596203],[117.98029137441257,1.0426983415292357],[117.98584744598034,1.0310199597157903],[117.98641819016476,1.0298204403140172],[117.98850053755446,1.029811552923667],[117.99236214944894,1.0297981556434797],[117.99646011142464,1.0279521125656685],[117.99647342533592,1.0278584474555599],[117.99712893318679,1.0238185355464033],[117.99480578318281,1.0240860662267965],[117.99097094225593,1.0245186201811802],[117.99006127685253,1.02269037715579],[117.98681057014686,1.0034002917146525],[117.98808591082417,1.0017504490757407],[117.9918092064302,0.9969479705954307],[117.99477897639792,0.9953382457441272],[117.9962460164459,0.9910619542643915],[117.99658940822573,0.9900586523212288],[117.9961211871596,0.9843911774642264],[117.99440886364218,0.9805875557309472],[117.99267874161674,0.9767393475421787],[117.99504204013908,0.9695512630772063],[117.99539883758824,0.9684587827298035],[117.99949672967321,0.9675312826208808],[117.99950119735257,0.967531307093952],[118.0049903715164,0.973029361482502],[118.00506614100291,0.9721910794235415],[118.00581078893191,0.964200335158634],[118.0058821799002,0.9633798701060143],[118.00883849135211,0.9601604010751046],[118.01270904328616,0.9580779881147536],[118.02526139874024,0.9580512664794667],[118.02763811147851,0.9574492751348029],[118.03074164667545,0.9566600108080464],[118.04187154365117,0.9503414305686531],[118.04942969376202,0.9460518070613089],[118.04571975612181,0.9230918908175576],[118.0460363424137,0.9205813976960924],[118.0463886601257,0.9177989454307794],[118.05276071917564,0.9140979004423905],[118.05800010107922,0.9090412563531669],[118.06199105593791,0.9076366723852126],[118.07033845135666,0.9046980842479732],[118.08894630018033,0.8981699637840498],[118.09356142819507,0.8965513202469764],[118.09722240104757,0.8960518821896388],[118.10565009959235,0.8949103449296942],[118.11658827620853,0.8909819211856157],[118.13483934023712,0.8888593669656686],[118.14920210524957,0.8830803730626574],[118.18455831504085,0.8774797112120393],[118.19113553460046,0.8753170570293295],[118.19162153271077,0.8751610027609547],[118.19388673892374,0.8738634076553786],[118.20049966079667,0.870082116617563],[118.20211831181176,0.8699750790731049],[118.21487126154821,0.8691278538535073],[118.23097756650115,0.8649719904983534],[118.24634811096972,0.860998919998752],[118.26573183182408,0.8593401496484512],[118.2842013872239,0.8551619621212763],[118.31339063521594,0.8491020120417481],[118.32477921263877,0.8428682264181957],[118.3247836719522,0.842868191064631],[118.32905992108316,0.8429930281818195],[118.33207877304281,0.8430777767481451],[118.33660917947175,0.8299680067413583],[118.33554347470336,0.8245100878619921],[118.33521796521318,0.8228602141066744],[118.33638622923904,0.8187667756208641],[118.33725136367892,0.8157301143149294],[118.34035041886621,0.8131527697303185],[118.34361894151199,0.8104282539827566],[118.35002221597829,0.8074317307530858],[118.35262185502263,0.8069233718622272],[118.35844100261298,0.8057907917432555],[118.36905368147141,0.8054117721344428],[118.37617924959771,0.8051620175496044],[118.39863977809573,0.8192305162638288],[118.39864423545411,0.8192304818104367],[118.40767834387968,0.8170812065251751],[118.4084408658531,0.8168984261482442],[118.40910078240313,0.8174379392218631],[118.41210179650776,0.819881540641588],[118.41324777639528,0.8240106897114927],[118.40984992671308,0.8295310234005367],[118.41031818477326,0.8303737674553064],[118.41153994615586,0.8325810403746638],[118.41214190950205,0.8336601331896405],[118.41648956618351,0.8370891778379559],[118.41945042552929,0.8366209858980509],[118.4224112323842,0.8338607934377964],[118.42810994918432,0.8326880844904335],[118.43130269641863,0.8346634479305457],[118.4377103781471,0.8386320376653729],[118.4377103781471,0.8386276153038889],[118.44591960109418,0.8363088606563444],[118.45151137314276,0.8324651075745425],[118.45865927039306,0.8275512189249928],[118.46252084985653,0.8260395587424381],[118.46458986308441,0.8252279787270864],[118.46458986308441,0.8252324623926514],[118.4696241640482,0.8264899193492308],[118.47007015502052,0.8266014035529434],[118.47303986291165,0.8277295495546597],[118.47944762809801,0.8256382602706784],[118.48011198560565,0.8254197378338373],[118.51042054635165,0.8161403692749534],[118.54188839835648,0.8093803436148485],[118.5505479278994,0.8086579640093071],[118.55055247023812,0.8086579931039016],[118.55557782285517,0.8120914762800429],[118.55558227599163,0.8120915059103858],[118.55598804527936,0.8117079848380508],[118.55877051249863,0.80909945834562],[118.56150840266989,0.8086312327168341],[118.59002882241116,0.8124392718283248],[118.59433190342232,0.814089161849966],[118.59895149396442,0.8158594553413112],[118.59972737856357,0.8166798745734088],[118.59990127094363,0.816858242502722],[118.6103980429354,0.8280015734471512],[118.61680133384435,0.8323402677867072],[118.61680133384435,0.8341550854823756],[118.61681023677318,0.8383110097468339],[118.61921365357823,0.8407144675652487],[118.61978886225599,0.8412896619635128],[118.62325360340787,0.8425605407646858],[118.62413201810598,0.8428815631991907],[118.62447983945482,0.8425069968755957],[118.62822997744654,0.838511651416808],[118.63096785721598,0.8394213036294504],[118.62938041781676,0.8444689962749011],[118.63144946288597,0.8456194411928235],[118.63799986994084,0.8408214759148677],[118.63964081292306,0.8396219708785793],[118.64464837235212,0.8389085450102625],[118.64465282305147,0.838908509419853],[118.65218874941019,0.8404914829528263],[118.65381183558581,0.8412361750248233],[118.65515844622153,0.8418604503078049],[118.65790085449778,0.8459182398352326],[118.66042915858866,0.8496593939031495],[118.6626676261108,0.8505111118556483],[118.66820135827336,0.8526202371402154],[118.6716170024421,0.8530215534629623],[118.67574170250464,0.8535120748647651],[118.67574170250464,0.8535075964439715],[118.68780797459979,0.8481879145859232],[118.69266845442682,0.8435905624931097],[118.70464109312684,0.832291213413895],[118.706901901956,0.8274486110969977],[118.70520745507018,0.823627157024263],[118.7025408649856,0.8175895246567935],[118.70320974120494,0.8134604377900835],[118.70639800986568,0.8129788608567433],[118.70871227003697,0.8156230828400176],[118.71120934498353,0.8184814032444535],[118.71601181607267,0.8209918212829067],[118.72468036752656,0.8211880224811868],[118.72743609083236,0.820131266316432],[118.73128872124776,0.8186508259852969],[118.73651921401596,0.8138929707684307],[118.74015785196498,0.8105798485633959],[118.74400608322173,0.8082834198383282],[118.74789887788643,0.8059602014315832],[118.75757956822946,0.8038599910121416],[118.76062959136202,0.8031955806947215],[118.76294831343812,0.8026917015364858],[118.77436806869328,0.8065621786486424],[118.78301877080204,0.8069903023084186],[118.78168995614607,0.812269849161081],[118.78642546950145,0.8127068419619595],[118.78898055664126,0.8129387043806313],[118.79446082609948,0.8110792443550279],[118.79504047514024,0.8099065293159156],[118.79537049530127,0.809242137601407],[118.79405058839089,0.8071507874549784],[118.79261915015945,0.8048900303537231],[118.787888090732,0.8017864963210027],[118.7853017695114,0.8000920326925879],[118.78894044751651,0.7977822516782671],[118.79417989386619,0.7970687513098962],[118.81065178231644,0.8082700061353086],[118.81684104650968,0.8142184849329278],[118.81638169504662,0.8158282249435803],[118.81581990799052,0.8177678971286924],[118.81524913811867,0.8197388527084771],[118.81640845946393,0.8254777261140237],[118.81640845946393,0.8254821951516622],[118.82216074764409,0.823377445596392],[118.82529995222782,0.8222314567402831],[118.82873792569862,0.824291614540189],[118.82920168672543,0.8272702455752334],[118.82419857920658,0.8309579243979744],[118.82384185611025,0.8325275255492587],[118.8235207868506,0.8339499915054185],[118.82392205663741,0.8350826312385792],[118.82432786000984,0.836228608132873],[118.82466671036045,0.8371872766502677],[118.82489859703448,0.8378517255489578],[118.83313906597672,0.8447097892538037],[118.83378116464516,0.845066516510903],[118.83408878783716,0.8452404222553633],[118.84297137042964,0.8501900260602387],[118.85696848767579,0.873341709620711],[118.85853810609329,0.8735601783663948],[118.8601701121276,0.8737875743846891],[118.86083894612521,0.8722759844805428],[118.8622078957078,0.8691903022753379],[118.86221234032986,0.8691902651179182],[118.86677850068243,0.8730786061294818],[118.86678294517489,0.8730786326980693],[118.86907495315248,0.8729582329151234],[118.87157199034999,0.8728288944558634],[118.88502065782187,0.8686507340471639],[118.89004164636847,0.8690921598437226],[118.8945096776683,0.8710586231047023],[118.89780936020321,0.8725078444180775],[118.9009084813675,0.8764675353038069],[118.90193848650046,0.8777784951103383],[118.90356159726478,0.8889306923767678],[118.90515794186119,0.8915482081307368],[118.90655814025594,0.8938401702331426],[118.92348936033777,0.9084793973283432],[118.92349380321616,0.9084794223359727],[118.93324143922814,0.908408082789967],[118.93659014591717,0.9096387960543055],[118.94333682992253,0.9175001738383572],[118.94773794240997,0.9226281500031174],[118.96238162269928,0.9336108738818782],[118.96339833927667,0.9338918386709484],[118.96559218567279,0.934489335314837],[118.96814275059893,0.9351939025294063],[118.97059085182228,0.9358716839330181],[118.97170114119827,0.9370801082944963],[118.97311912698099,0.9386184926916258],[118.97385933828147,0.9530882628084661],[118.9800084711829,0.9632104195117002],[118.98571165156807,0.9726012874045916],[118.99153967756764,0.9822017253880158],[118.9943087475914,0.9904599647397054],[118.99417943010054,0.9915569035160269],[118.99387176772161,0.9941387167197074],[118.98705827413639,1.0051884050038176],[118.98696465666922,1.0059598431914158],[118.98639833195547,1.0104679903746114],[118.98792783024754,1.0129740071189133],[118.98892217364056,1.0146015668261636],[118.99244038351694,1.016585884737094],[118.99264999384938,1.0167062761889039],[118.99417943010054,1.017571341938648],[118.99579811133412,1.0228508763951325],[118.99510250236668,1.02641815172115],[118.99467893607213,1.0285897411510596],[118.98840044392753,1.036081055585861],[118.98696021561145,1.0378111807463404],[118.98600591815945,1.0381545589617849],[118.98375853498986,1.0389705516922456],[118.98178762885586,1.037726429205806],[118.97941982573361,1.0362281932323276],[118.97668193314452,1.036241567576259],[118.95666061296643,1.0523879895450314],[118.9584888112292,1.0546799265760993],[118.94504018019853,1.0590989548273242],[118.94503573793654,1.05909893604965],[118.93841840319992,1.0591212485932864],[118.93355801855938,1.0613998438435093],[118.92953146877787,1.0632904916266306],[118.92447923050733,1.064654971309413],[118.91837028041266,1.0663092750259069],[118.89758646852472,1.0685254874886252],[118.88939062364187,1.0693994276656087],[118.87318172802799,1.0676202931233967],[118.87228104139253,1.0662200877194858],[118.86636382897996,1.0570789831722374],[118.86147213123864,1.0495118517955122],[118.85757937574924,1.0465420715999487],[118.84183873791024,1.0477416015605423],[118.84070165200352,1.0489009366676876],[118.83980095677762,1.0498195331718572],[118.83754906279417,1.0590186741690872],[118.83594384963351,1.0614666848296528],[118.83391941733905,1.0645390373561452],[118.83391941733905,1.0670718273021984],[118.83588588206163,1.0692701400644224],[118.83781213659915,1.071419431108934],[118.83552020576711,1.0754237121754504],[118.83373208713235,1.0785584509133916],[118.83193061175591,1.0850018286988736],[118.82995076103757,1.0873027196360088],[118.82737784259193,1.0902903380142281],[118.82951820995535,1.0936212806698478],[118.83151149149153,1.0967203472384814],[118.82903222206066,1.101549588072804],[118.82062677721561,1.1088000426311366],[118.81157932043081,1.1166079508668614],[118.81104863875962,1.1170672693097679],[118.81058935936596,1.117459665346065],[118.80785143959244,1.1181597277077455],[118.80534103047431,1.1151810134357203],[118.79714072913079,1.121651201448549],[118.79739044202499,1.122953259075603],[118.79784077795777,1.1253210194736156],[118.79462134587602,1.1262797464526373],[118.79130820249016,1.1272785855107166],[118.78779888954404,1.1283398408111351],[118.78210911961807,1.1320319706422879],[118.78055288182345,1.134270425973544],[118.7793890286746,1.135951536627868],[118.7793934756309,1.1372536104632003],[118.77939792258704,1.140308068455197],[118.78101215944163,1.1426089957387884],[118.7830455408644,1.1402189188974317],[118.78395963350467,1.1391487112216232],[118.78477562437979,1.1392958858270401],[118.7864790084711,1.1395990471816106],[118.78634524994825,1.1409278647527985],[118.78625160112801,1.1418999743963272],[118.78396852716081,1.1442231533930265],[118.7830812046282,1.145128382501095],[118.78011139062086,1.149038993098781],[118.77921959954685,1.1547912142996672],[118.77843479790945,1.1554601257474773],[118.77488980126223,1.1584788936520378],[118.7726290663378,1.1563385405478623],[118.77288317604327,1.1524412777828994],[118.77303927053296,1.1499798959399776],[118.77107282452492,1.1507691156135298],[118.76552121213024,1.152998679814992],[118.76551676478543,1.1529986644788779],[118.75569779158673,1.152111326495117],[118.75205924152915,1.1539618158349982],[118.74930794648277,1.1537388609928643],[118.74587892429568,1.1503098544206722],[118.74336842443105,1.1498594420514865],[118.74260141573814,1.1506888813427854],[118.73996169269941,1.1535382163314822],[118.7360777785419,1.1542383227418809],[118.73403997130772,1.1572393028179437],[118.71965047617601,1.1552192856526882],[118.71871403803503,1.1554645506781287],[118.7107501331169,1.1575514056841976],[118.70984932306571,1.1589203747279087],[118.71133871774602,1.1599191993846056],[118.71259168843314,1.1607619773959286],[118.71259168843314,1.1607575269518118],[118.71470975782997,1.1601867673177404],[118.71693038625507,1.159589230660902],[118.73725947418943,1.1648108142828144],[118.74280210869615,1.1629781731140687],[118.74500935872838,1.162251321781576],[118.7493480656145,1.1636202855215443],[118.7493525134112,1.1636202359795893],[118.75696864927977,1.1632813523373515],[118.758854858426,1.1631966393963515],[118.7605359273731,1.163120853533265],[118.76054037485721,1.163120868467817],[118.76604742108728,1.1662065642799784],[118.7699089908108,1.1683692255344007],[118.7704708518351,1.1695999024965567],[118.77105939401251,1.1709019478955867],[118.77103271087199,1.1712319456421507],[118.77100149159187,1.171660012127451],[118.7697306571115,1.1871196874846255],[118.76887002742733,1.1975584538242432],[118.75925175561191,1.2087731116161662],[118.75682152313689,1.2116091264961226],[118.74136629447347,1.2238270518885164],[118.72061804901978,1.24023206064003],[118.71581562716275,1.248155917915591],[118.71157059191303,1.255161159204407],[118.71086153282265,1.2563383192159716],[118.70907343361937,1.257100833398346],[118.7037983535292,1.2593482123014008],[118.70109169775864,1.2625409856324914],[118.69833151674216,1.2658005628588198],[118.6948578870598,1.266090400913173],[118.69262832107563,1.266282138686593],[118.69262832107563,1.2662776746730102],[118.68960503176861,1.2647660470966635],[118.68943114685375,1.2646813262190737],[118.68758950361736,1.2616981638477682],[118.688347610002,1.2602400600600272],[118.6900910898311,1.2568689751858093],[118.68688941558037,1.2561911700027586],[118.68603332310263,1.256855573668182],[118.68301889798745,1.259192147766095],[118.68256859375019,1.261947870847647],[118.6841159085853,1.2638519025964676],[118.68761184017542,1.2681415979684283],[118.68607790765714,1.2701125056563989],[118.68511030435837,1.2713610691668928],[118.67487220109699,1.2796683879259547],[118.65140839830599,1.2937590950683877],[118.63342928335078,1.3122019322184262],[118.63336242919668,1.3122376363389663],[118.63276937555851,1.3125586744288815],[118.62887209919893,1.3147392119712642],[118.62385114314235,1.3149888924665716],[118.61777335272997,1.319711061117971],[118.60721865049628,1.327911398272718],[118.60368705697864,1.3295434115009417],[118.60221999632562,1.330221210920979],[118.58469126266446,1.3509604749157165],[118.57081013611855,1.3636421628607331],[118.56711353367754,1.364939781775449],[118.5642017180118,1.3659608669120022],[118.56231554696168,1.367271830456772],[118.5575888469663,1.370571600497789],[118.55558227599163,1.3706474073136816],[118.55469939478519,1.370678644583419],[118.55074413900277,1.3708302205192553],[118.55073968573477,1.3708302135071648],[118.54685140219227,1.3685382540054787],[118.54878219553035,1.3675037174932783],[118.55073077919839,1.3664603089422889],[118.54978988996801,1.358420544934751],[118.54796171356732,1.3554418840299542],[118.54612897431653,1.3549914803305907],[118.54599074092901,1.3600614641476598],[118.54591939749209,1.3625719363577016],[118.54533083522003,1.3634994628044041],[118.5438815985027,1.3657914697779017],[118.53611833133813,1.3660500695863402],[118.5297818907937,1.3613814091749126],[118.52761036376688,1.3597805535759093],[118.5280072053915,1.3607705195216588],[118.52946085792176,1.364418007166774],[118.52881879029681,1.3679050511867619],[118.52505977609425,1.3644448117130918],[118.52158163825104,1.3612431459203196],[118.52158163825104,1.3612387284385572],[118.51924956555918,1.3628930360053768],[118.5189908699482,1.3630803016359],[118.51835775883002,1.3619075765509538],[118.51714934454117,1.3596601936419421],[118.51656513340612,1.3594951815819878],[118.51395210392201,1.3587594227732565],[118.51394764965663,1.3587594151754312],[118.5128551928908,1.360230911910582],[118.51257875911215,1.360601018815042],[118.51314498906763,1.3613368151157887],[118.51487965752216,1.3635886739465546],[118.51402791550044,1.3648773048195586],[118.51351068563672,1.3656621337303347],[118.50506961406316,1.3663710902059363],[118.51443815263741,1.3716284235373861],[118.51285964718572,1.3743886042803022],[118.51465222385826,1.3777195307472168],[118.51607018255181,1.3803504263208268],[118.5160657283437,1.380350419601996],[118.51049190519613,1.379797500870309],[118.5048778920411,1.379240098357955],[118.50180104383077,1.3781877636729167],[118.4975693929309,1.3767385234506797],[118.49434994421799,1.3726094243273073],[118.49138017322707,1.3721590305220046],[118.49054630767516,1.3730062339715112],[118.4900200943819,1.3735413511988872],[118.48708160872923,1.3811307711164273],[118.48506606962569,1.3843056172736659],[118.48298813456465,1.387578627814395],[118.4780697193182,1.387217445797575],[118.47407885157622,1.3869186426989146],[118.46216858570989,1.3756906715836557],[118.4610092187944,1.3665048881667872],[118.45509195486657,1.3734209418344692],[118.46049200130328,1.381879896963243],[118.4651918129451,1.3892418428509155],[118.46683725023424,1.3954979452111687],[118.4674882917514,1.3979683334768132],[118.46138376381097,1.3997965448100502],[118.45973836156095,1.4002914937932094],[118.45535511718282,1.3939863489679654],[118.44872887868489,1.3844617005060431],[118.44812241312394,1.3838507866914653],[118.44347158205562,1.379199988058824],[118.44346712589373,1.379199981100149],[118.43363921636248,1.3862497705469592],[118.43288117676559,1.3867938348167295],[118.43092808367099,1.3881984140552392],[118.43124921856183,1.3883589438004753],[118.43230157050118,1.3888806797403825],[118.43416097377137,1.3971388985269668],[118.43217224396295,1.3995424000879209],[118.42938078060685,1.4029090219958793],[118.42773987497887,1.4030160328015726],[118.4257287854098,1.40314975629224],[118.41726987541908,1.3992703788368759],[118.41384973359203,1.4001889141517476],[118.40860141042702,1.4052589424148374],[118.40358933406074,1.4071183593535896],[118.4025638122017,1.408616645655804],[118.40153819491542,1.4101104618386742],[118.40333518280168,1.4109353755604321],[118.40451688036605,1.4114794077154527],[118.404521337568,1.4114794134774544],[118.40703625025897,1.4100212332005888],[118.40930144001933,1.408710257821345],[118.41364016751646,1.4082420649262135],[118.4159812133469,1.4096021141890984],[118.41639142559329,1.409838407007109],[118.41846047731295,1.4139720425384092],[118.42463191448232,1.4187789522793275],[118.4280787531727,1.4249681493309931],[118.42840426098411,1.426997075951105],[118.42882790149709,1.429650211418738],[118.42511341193686,1.4326645560076692],[118.42126076946133,1.435790402493005],[118.41806364067014,1.4364414326569885],[118.4144115761809,1.4371905485762067],[118.401600596842,1.4291820312452288],[118.39851934022745,1.4297081885029093],[118.3951482928536,1.4302834391011063],[118.39476031584216,1.430350311875632],[118.39405139964502,1.430127325426548],[118.38676076438401,1.4278487245569766],[118.38379986187928,1.4315409165046633],[118.38426810358888,1.4365885706290225],[118.38320680138861,1.4365528882438425],[118.37832859433236,1.436379020295863],[118.38219015959784,1.440842578243775],[118.38268961027596,1.4414178199470356],[118.38368841802027,1.4410699890769367],[118.38862013916362,1.439339829463045],[118.39577260232198,1.44206881203462],[118.39936213604656,1.4434422079222302],[118.41215973749647,1.44454808050564],[118.41649402306636,1.4494575766536328],[118.4174214977983,1.450509902763386],[118.41809929539356,1.4535376278004686],[118.41834896738118,1.4546479532913426],[118.41761768857388,1.4581438707384071],[118.41699791747348,1.4610779788537172],[118.41668575805352,1.4613276905462187],[118.41289995414523,1.464310801120576],[118.4067241613826,1.4624914800756121],[118.40671970423935,1.4624914763748647],[118.40910078240313,1.470125478308674],[118.41179854195929,1.4787895284847732],[118.40904729743592,1.487502595204121],[118.40795040612824,1.4909807145254625],[118.40383020241802,1.4870879367644663],[118.40175669070224,1.4867623838326693],[118.39811808805196,1.48619161751607],[118.39151855095206,1.4926394606867024],[118.38647092615425,1.4886352234585591],[118.38548987664444,1.48785930338171],[118.38487899122823,1.487368807577336],[118.3848032098993,1.4874490986741182],[118.38206079431923,1.4901691542158042],[118.3820563365201,1.4901691515604005],[118.37955032144306,1.4887778929379212],[118.37666088637819,1.487172629827118],[118.37666088637819,1.4871681916846549],[118.37533651565019,1.4883988557633154],[118.37391851619749,1.4897098823078467],[118.37411475790626,1.4921356105470445],[118.37415933799898,1.4926885354700683],[118.38169516524304,1.4931968880052744],[118.38189139786986,1.4932102489060712],[118.38241313838655,1.4936338458774434],[118.38490127984788,1.4956493573681313],[118.3837686576062,1.4984095511967914],[118.37464089140718,1.4993504472693222],[118.37055187867806,1.50672130847102],[118.36867464964037,1.507037911268453],[118.3650716201252,1.507648818568704],[118.36166048971839,1.5106498222755023],[118.35535975692694,1.5109218248207061],[118.35024068956962,1.5111403110807833],[118.33952097169208,1.5166918525727666],[118.32699984699897,1.5263814872169452],[118.32060105195121,1.5299666010836415],[118.31422003203126,1.5335383851652842],[118.30872644016465,1.5350633570405017],[118.30283154844334,1.536699860368242],[118.29917056332849,1.5377210022309504],[118.29553197818869,1.5430184249618026],[118.28506197053915,1.5491897746574605],[118.28298851669982,1.5504116029787438],[118.28209223944437,1.5505275045966704],[118.2722599104795,1.5518117604082071],[118.2699412274705,1.553247619860144],[118.26816200276264,1.5543490118747019],[118.24875152177299,1.5608414362379204],[118.2291582268357,1.57330908723595],[118.20045057266469,1.5961396716800589],[118.18843775164332,1.6032920482532347],[118.17719193923567,1.6099896627581427],[118.15874909732703,1.630488131757105],[118.1409482871839,1.6360486352983272],[118.12634027837187,1.6379303703646733],[118.12090908352238,1.6414129445905516],[118.11950004900643,1.642318150842249],[118.11779222678982,1.6435131912187644],[118.11289163266473,1.646928844144556],[118.11067546640685,1.6510044705370173],[118.11039007201514,1.6515306273878845],[118.10995760396915,1.6518516874704847],[118.10696994655922,1.6540678845158305],[118.0911624734235,1.674214051931582],[118.07715192989326,1.6920683334233613],[118.07396820111013,1.6978205397352313],[118.07370954182758,1.7020254736021583],[118.07353117745296,1.7049506672436943],[118.07152012224647,1.7080988018316126],[118.06897840354414,1.7120807657266035],[118.0629452809305,1.7179756805355226],[118.06237004903458,1.7185420091702406],[118.06193755201532,1.7188050726784547],[118.05552982626286,1.722688938194957],[118.05207397389349,1.7267333892066152],[118.05119999554452,1.7277589777408284],[118.04826145280101,1.7390315954494073],[118.0475703128792,1.7401820536945405],[118.04699949733346,1.7411318045238593],[118.0461032506742,1.7426077833417473],[118.04575986542098,1.7431696019966103],[118.05238161610109,1.7429288266165817],[118.05696116960917,1.7468215910765985],[118.06088068990171,1.759681701075638],[118.05885180415403,1.7698083187771814],[118.05468257343446,1.7758280873648626],[118.0540716734832,1.776710973969466],[118.04563953749616,1.7829403405680508],[118.03833100341711,1.7841085977877955],[118.02439184429358,1.7793106231875062],[118.02003980895384,1.77979222439402],[117.97964929853727,1.7941282175369941],[117.97139102292128,1.79415053011512],[117.95429032731523,1.7941906264906269],[117.94555055094115,1.7973521649843431],[117.93496909958874,1.801178065485765],[117.92803959759577,1.8036796536185737],[117.9252526865588,1.8059359443959522],[117.90981086103086,1.8184392462761545],[117.90433951164084,1.8242004155953118],[117.9007008531829,1.8317898186867523],[117.89745460735547,1.8354061133427555],[117.89614813565315,1.8368597682664054],[117.89361983175131,1.8366190055248208],[117.88906264439636,1.8361820233140038],[117.88905817396731,1.836182032933025],[117.88925880671404,1.8386835858121036],[117.88952193568795,1.8419297647060557],[117.88727008290891,1.8490598758152714],[117.88506281800433,1.8521233148671588],[117.88361802709909,1.8541298733561005],[117.88248992163125,1.8596502805050885],[117.88594127456955,1.8690589395321224],[117.88575396026994,1.8705572183941792],[117.8850494064207,1.8761890860655945],[117.8826057993176,1.8785078044477406],[117.88140186588409,1.8796493571118464],[117.87045925117827,1.884041555484197],[117.86780164670618,1.8839389516964367],[117.86472927121474,1.8838185678217698],[117.85815209029087,1.877343984720407],[117.85121821509676,1.8705215741162502],[117.84947920522028,1.8693978309346244],[117.84160882892333,1.8643278582580136],[117.84079732181668,1.862704745339942],[117.83999913657594,1.8611217757328713],[117.84174261903647,1.8562167486624146],[117.84319185658747,1.8521500628759442],[117.84434676680846,1.8424738206433142],[117.8449799342452,1.8371986946748864],[117.84096679599264,1.833631371032437],[117.83879071772255,1.8317006155245095],[117.83900473150244,1.8349825237755404],[117.83974049697926,1.8461793183197477],[117.83816200048645,1.8535412870876704],[117.83384114308153,1.8613581244421025],[117.83479980217717,1.8625665141570655],[117.83750206864282,1.8659509740887645],[117.84047625948975,1.8674402827330028],[117.8420815654748,1.8682384927604347],[117.84470797658021,1.8706820680757537],[117.85169092672928,1.8771789671925294],[117.85308213695221,1.8838497795449503],[117.85222149623208,1.8855175315796415],[117.85013024037927,1.8896020257778086],[117.83931247089401,1.8993897958774804],[117.83917867899912,1.899510190743947],[117.83439850571301,1.9087182125911495],[117.82761174872984,1.9136009406187764],[117.82733976519604,1.9160890844382907],[117.83109428279472,1.9142252116006033],[117.83897799097282,1.9103101260846695],[117.84171140731426,1.9061720632002364],[117.84366897115136,1.9050617519646262],[117.84649156789459,1.9034520305415863],[117.84901095926392,1.902020629347991],[117.8510621645439,1.8983418815840498],[117.85233748265104,1.8981100075831956],[117.85494156846092,1.897641827560185],[117.86273160464195,1.9077282658140056],[117.8657192436804,1.9148494760377248],[117.86550070085941,1.9203698225465233],[117.86374385383137,1.9259615198650788],[117.86209840950562,1.9311787167484944],[117.86372596961898,1.942014283349118],[117.86813160274174,1.9713998225913747],[117.8696654880526,1.97546203954095],[117.8702095072232,1.9769112628170742],[117.86976366914769,1.9786235377386916],[117.8690679950347,1.9812811580798653],[117.86702128488483,1.9812811642753525],[117.85945865684066,1.9737095902550146],[117.85924019591835,1.973112061553274],[117.85854009977484,1.9711901936775125],[117.85465174055999,1.9679796796306075],[117.85341659099751,1.9677923472710763],[117.851681984031,1.9675292824933286],[117.85284131177401,1.975341659463807],[117.84980472309054,1.9804963417947625],[117.84646929993974,1.9861594165425487],[117.84202352429561,1.9915236917133305],[117.83826010913657,1.9960586193153569],[117.83768039983026,1.999862235321564],[117.83714084460554,2.003420602330505],[117.83129945133328,2.0102475079181956],[117.82985020882485,2.0119419510101366],[117.82618930883238,2.012178288231638],[117.82314369043465,2.0104748862276294],[117.82046831272682,2.0089810747410595],[117.81951405063238,2.0074426862002204],[117.81818072286892,2.0052978838929003],[117.81694559492861,1.9962637429434944],[117.81654873149994,1.9933519465448353],[117.81471153868237,1.9896821198345829],[117.80900834193883,1.9919918856963557],[117.81197816597003,1.9933608692215412],[117.81612959555916,2.011050114544426],[117.80814776199117,2.0126821704874107],[117.78233403494582,2.013199403397449],[117.78232956190328,2.013199419623376],[117.78098737584911,2.010671114438479],[117.78026058915744,2.009302152331445],[117.78046125199313,2.006880887187208],[117.78088037985931,2.001859901885363],[117.77684490380733,1.994627217199883],[117.7783386700635,1.9992112349908646],[117.77729078942642,2.005449515668465],[117.77637217798838,2.010920772371622],[117.76991546653869,2.013529365113197],[117.76154126651885,2.0169183156045123],[117.76391348360434,2.020481103924211],[117.76658896865176,2.0244987312808385],[117.77503898445045,2.0236069272083537],[117.77548934764577,2.023557905976103],[117.77960948461275,2.026081749794568],[117.78186141266927,2.0262066294255936],[117.78738170475673,2.0265187317736015],[117.79150193348538,2.0329487846881595],[117.79197909327098,2.0423708724095797],[117.79387421229112,2.0431511668612643],[117.79588077182169,2.0439805998931253],[117.79621971371242,2.042116700920685],[117.79654962013055,2.0403018488251004],[117.7959254094936,2.0384200592649484],[117.79539923889202,2.0368504466136934],[117.79671466257136,2.0322843735691394],[117.79699107478251,2.0313301216250403],[117.79770902895855,2.0312721380894687],[117.79995644175979,2.031089323703913],[117.79996082492138,2.031089308380017],[117.800910626739,2.0318518320798487],[117.80224837374497,2.0329219982633306],[117.80225284630303,2.032921981188398],[117.8168697464065,2.032431483156483],[117.82298323327264,2.036061180217108],[117.8303718980993,2.0404490020222794],[117.8335914383471,2.044850124525924],[117.83541073343417,2.0473293354783983],[117.8361018855236,2.050174260817205],[117.83702940966296,2.05400016348066],[117.83837154332794,2.0536568226495295],[117.84068141748746,2.0530682119316346],[117.84180951405621,2.0500806047306295],[117.83996792455554,2.042500122411262],[117.83879071772255,2.0307816367613984],[117.83942390444287,2.0301395195229306],[117.84176935916092,2.02778066908867],[117.84305359597639,2.02841828791242],[117.84406139359105,2.028922214751845],[117.84406139359105,2.0289177592193393],[117.84552840928866,2.0272232978303997],[117.84564878203518,2.0270806090522355],[117.84617498707577,2.0270360052451695],[117.84839113069009,2.026839820439357],[117.85708195244833,2.028668043084938],[117.8609702597349,2.033029013739226],[117.86194683937823,2.03340357775197],[117.8669097788026,2.0353120781949987],[117.87081155678236,2.0387500387008353],[117.87374112129736,2.0379117318578905],[117.87970740432588,2.0361994180346294],[117.87971187498566,2.0361994670387653],[117.88456336996023,2.0382238638283208],[117.88520104666839,2.0384914049383105],[117.88200834890952,2.04147899006452],[117.88133051480652,2.044007329714873],[117.88558005732196,2.042928213125573],[117.89045830694681,2.0416885912126244],[117.90227943201965,2.0428345993849186],[117.90668949175922,2.043258172596083],[117.90990893095939,2.0508386763445463],[117.90878081066802,2.054749338048585],[117.90466949053165,2.0589006965075938],[117.89691066996551,2.060300865503388],[117.8870917109389,2.0642293305030255],[117.8622099185393,2.0773881447312954],[117.86542934353113,2.084968634307429],[117.8654338145425,2.084968614946711],[117.87730843241327,2.0817313180662063],[117.879181296318,2.08157972481279],[117.89808785784734,2.0800680783982877],[117.90603839137499,2.082984314897675],[117.90929798215004,2.0841793467310974],[117.91022102004912,2.085432391237384],[117.91183080472759,2.0876218091714294],[117.91138042047956,2.09015012605426],[117.90682323390641,2.093779813983801],[117.90385790766408,2.0961386980302796],[117.9062702953098,2.099960103802274],[117.91000253092353,2.0988721040365457],[117.91230791758053,2.0981987851011925],[117.92099871357838,2.1014004395374957],[117.92381688805094,2.103589831998863],[117.92718789455792,2.1062117664576285],[117.92719236404281,2.106211812607156],[117.94547028717471,2.1061716748069648],[117.94723608174344,2.111986322765773],[117.94777110798945,2.113738726752727],[117.9471914812543,2.115700777538006],[117.9450510916419,2.1229512420580914],[117.94276802296467,2.126170716056645],[117.93926314366617,2.1284136484488103],[117.93409955211044,2.131708917782859],[117.90874067058957,2.1370598252768387],[117.90304194046853,2.1398289445139014],[117.9001301046288,2.1426827553286625],[117.89551943804406,2.147208762323561],[117.89032008229532,2.1504416269991453],[117.88957987229138,2.150900923349412],[117.88694901323642,2.151262069443971],[117.87915000160595,2.1523411929405154],[117.87770087169633,2.15254188326613],[117.87648349348093,2.1521984681349347],[117.8719887353976,2.1509410232074475],[117.87121286243466,2.1510747850788476],[117.87048151619734,2.151199662609904],[117.87049492885814,2.1540133304893536],[117.8705083415179,2.15709012381337],[117.87391950640183,2.1587310935146653],[117.87507887118407,2.1592840330386966],[117.87589040424163,2.159671942007101],[117.87887800562397,2.165178963128536],[117.88344859266874,2.1690806481661267],[117.88345306323623,2.16908062541553],[117.88603935744537,2.167858853044238],[117.886877664343,2.1674619852913337],[117.88688213482588,2.167462029298625],[117.89099788276188,2.169290244911483],[117.89534992534539,2.1713503421392044],[117.8980744472288,2.16539746182428],[117.89830189118426,2.164898025743323],[117.9030909325768,2.160751024902422],[117.90564154351118,2.159716542794371],[117.90879860103405,2.15844125851652],[117.91267802111679,2.1584278615097108],[117.91267802111679,2.158432328878922],[117.92069102339565,2.163471116159026],[117.92139999728327,2.1731295105872057],[117.91915265399405,2.1785651943221036],[117.91844814096571,2.1802596352810775],[117.91928191721983,2.18064756875928],[117.92531955076015,2.1834701783019845],[117.93191905035219,2.177931983552794],[117.93513401637344,2.1776867028564117],[117.93831781920758,2.177450391039331],[117.94040912837997,2.178007785407837],[117.94440004060458,2.1790690308202016],[117.94861833389125,2.180188252323115],[117.9739282424602,2.1908187495600298],[117.97377220865377,2.186341828055958],[117.9897803340645,2.192508800805351],[118.00555220863907,2.1945421106911858],[118.00643061168928,2.196682475874002],[118.00688102499674,2.197779435352795],[118.00619874801617,2.202100295964823],[118.00738933572786,2.202568525449359],[118.00841042028426,2.200004542279502],[118.00966791520135,2.1968296487958225],[118.01401109157733,2.193828657450194],[118.01636999671358,2.1941184961225075],[118.0194913298505,2.1945020090641885],[118.02292039085651,2.1980380793930863],[118.02579208126471,2.2009988858376794],[118.02662142587275,2.201850614508747],[118.0270583869828,2.202300931413532],[118.03323871166317,2.206189307503464],[118.03597212258462,2.2095514549349193],[118.0416218598557,2.2164853583126103],[118.04744989685815,2.2236288518981238],[118.05157007909605,2.226148234547833],[118.06212030491257,2.237389607286668],[118.06582141223925,2.2461205744482244],[118.06710118625328,2.2491393863450306],[118.06712789277275,2.248729126232567],[118.06731072960487,2.246018005224808],[118.07058818382497,2.2442699921908003],[118.07356234880639,2.2462899618614465],[118.0770003633454,2.2486221291806774],[118.07742398124783,2.251694423634214],[118.07770040857186,2.2536787486920273],[118.07061935569976,2.2557611007695937],[118.07040088450695,2.2578301520480886],[118.07909164863732,2.261031791293854],[118.08903096449605,2.272134959041949],[118.09444885989154,2.2781904136931095],[118.09570627781127,2.2795905685579707],[118.09593811325564,2.2798491973385326],[118.0962101355009,2.280375332006191],[118.09897927292998,2.2858020879854406],[118.09619673979941,2.28877628560155],[118.0940207284654,2.2911083864236055],[118.09401626317592,2.291108414846049],[118.09060064065503,2.2911217962342136],[118.08116960151143,2.2821188455832857],[118.07976051528652,2.28356810055859],[118.08924950183946,2.3000890307098802],[118.09149692873163,2.3025460355295557],[118.09428828840282,2.305600504139587],[118.08638679290199,2.3216175808346957],[118.08429095028237,2.3258581693100555],[118.08379598946604,2.3255014448509366],[118.08177156556098,2.3240210232122704],[118.0809021108899,2.319379110123478],[118.07992110006387,2.314139649807735],[118.07991663441574,2.3141396790896827],[118.07351778002145,2.315999146905253],[118.06941990442269,2.322438052232047],[118.0691256003995,2.323882815371414],[118.065130251803,2.3436099054681225],[118.05920856245754,2.3507489022270924],[118.05956523071583,2.351694192073841],[118.05989974612002,2.352590533401914],[118.0637880279958,2.3530408757978774],[118.06439451756006,2.354218046681744],[118.06536212758895,2.356090878391235],[118.05284093456626,2.3636490423831407],[118.05042409495017,2.366315616125729],[118.047828921193,2.3691783329907175],[118.04441320635495,2.3751936998318204],[118.0407701629967,2.381610328237143],[118.03664990762181,2.378399786453923],[118.03618616964897,2.3764199409136024],[118.0357313639954,2.374489129676244],[118.03843802555463,2.365058119999401],[118.03636903853433,2.3613883341599],[118.03545933766277,2.3597785407756753],[118.03383181637388,2.358882261852608],[118.02881980014956,2.356122104775924],[118.02881533320792,2.356122135516834],[118.0210609101002,2.3577497001759897],[118.0181000668939,2.367639935482263],[118.01809559968214,2.3676399666360077],[118.00837030252958,2.365218682527748],[118.01056863491611,2.368991067871719],[118.00846840784683,2.370333235942486],[118.00827219715818,2.3704580993050492],[118.00826772969917,2.370458130529745],[117.99782902648782,2.3673411960134128],[117.98805016709537,2.3553328275704337],[117.98805016709537,2.3553284082370674],[117.9872208212157,2.355760924217275],[118.00091914375953,2.373280732035754],[117.99981777682626,2.3740922797557955],[117.99933169351915,2.3744490171679455],[117.9993273151892,2.374449046547121],[117.99023070015187,2.3709307725160045],[117.98780049694986,2.372219456824355],[117.98544165978373,2.373468006889271],[117.98930771652404,2.3754567496038237],[117.99390051582456,2.37782006347012],[117.99799844239807,2.3842100165086584],[117.99963942729649,2.3867694960127444],[118.00144534205612,2.3867650536151364],[118.00306842480589,2.386760565997041],[118.00969025231923,2.3833003535004504],[118.01495199488794,2.3832914398791254],[118.01596419078273,2.385066160060905],[118.01678017961663,2.386501989597907],[118.0152017162757,2.3936320690409483],[118.00904810373434,2.401868051999947],[118.00676951631355,2.404918026940348],[117.99604979227433,2.4118385984478414],[117.98875029607848,2.4210599887791235],[117.99196084595182,2.4231201022498303],[117.99652694903637,2.4231111991364593],[117.99653141679025,2.4231111658721725],[117.99541215157889,2.43091908062376],[117.99211686385169,2.434053828203282],[117.99176014918555,2.4343882526767806],[117.97964929853727,2.437170737301625],[117.96566550202824,2.4438326249257463],[117.96436792655922,2.444452423938115],[117.96411822330576,2.4445683515217684],[117.96036360600561,2.4469227701069],[117.94975103086298,2.4535802231249852],[117.93932562285896,2.4654548333989377],[117.93013987576875,2.4759203425342067],[117.91759192284579,2.4886020128672195],[117.91010954056513,2.502126466432467],[117.91007834060102,2.502179975419743],[117.90965477149959,2.5027685549784033],[117.89617933802306,2.521528012705906],[117.89343699571681,2.5249214074604938],[117.88387222315315,2.536737995775864],[117.8708026150242,2.552197712773524],[117.8665396711154,2.5572409408166736],[117.84737003207265,2.574528858531315],[117.83211100065313,2.5954911053673624],[117.8271524800152,2.598157671333474],[117.82136899419699,2.6012701421940223],[117.8117016868828,2.609911869171737],[117.80950781814813,2.611869387494439],[117.79332128862298,2.6325997637259198],[117.7917829158037,2.6366040550047543],[117.78616882381014,2.651220983945159],[117.78377882200527,2.6574592184276806],[117.78285576988371,2.6625158909487094],[117.78196840808923,2.667349538882039],[117.78269966107662,2.6889717283403622],[117.78892011438403,2.709421128382926],[117.78575865389871,2.728737989640831],[117.76522895315642,2.7506410457708146],[117.75747897311881,2.7612314268258533],[117.75371105202288,2.7616907007539724],[117.74581849755278,2.7626404899334087],[117.72642140013016,2.7799284827201407],[117.70839319145864,2.7847175596082203],[117.7081301608931,2.7847888973384256],[117.70794731908022,2.784909261769266],[117.69785189964702,2.791481958217644],[117.69168048245461,2.7921820752264424],[117.69065941153194,2.791780733990345],[117.68641879277072,2.790130872417921],[117.68496510250054,2.785992844534992],[117.68343120132276,2.781636299447651],[117.68195520005071,2.7859616452188654],[117.68068881927795,2.789680535077598],[117.67726870700942,2.789689450441591],[117.67642595468998,2.7893505304498296],[117.67383967051204,2.7883115520245907],[117.67085205745829,2.780731113003653],[117.66889454356831,2.7751126123060765],[117.66876966945857,2.7747603559039384],[117.66167077539684,2.769708210514431],[117.6616662994515,2.7697081881009664],[117.65892843322645,2.769948981833156],[117.65523183875253,2.773083700438805],[117.65322080640686,2.774791588792783],[117.65413044669786,2.7756253988184576],[117.65596761840605,2.777310957403166],[117.65597200496549,2.7773109818323043],[117.65739897417673,2.7759642956741426],[117.65939214735383,2.774078102273663],[117.65939214735383,2.7740825792370476],[117.66303083120624,2.777511614179005],[117.66695034719694,2.7811992921792617],[117.66695482301634,2.7830855087543296],[117.66695929883558,2.7839594922396453],[117.67040170933238,2.7894709146274588],[117.67041057129164,2.7933815428786195],[117.66922002150247,2.793671420213254],[117.65715816269189,2.796627795988196],[117.64457009639372,2.798973252944],[117.63017171780656,2.8016487161409662],[117.62972127232246,2.8056797611990554],[117.631558413437,2.806799004869676],[117.6313309989169,2.8084087627825896],[117.63637873100163,2.8132200772718523],[117.63638320754832,2.813220098189335],[117.64219788337094,2.810598131908832],[117.64711622831854,2.8083819689885465],[117.64712070461016,2.808381990029283],[117.64773610417124,2.8098623683600423],[117.64825776876451,2.811128793998904],[117.65132120976696,2.812314914024777],[117.65239137463288,2.812729592953689],[117.65288187228893,2.812118677338198],[117.65627082789642,2.8079004103773566],[117.67478054035311,2.804640807562464],[117.6836987420902,2.804618509432648],[117.68685129052194,2.805817983498042],[117.70955709054397,2.8144597188434837],[117.70956147584779,2.814459741622791],[117.71573740265204,2.813059546511256],[117.71574178781037,2.813059569309097],[117.72466447610529,2.813340521234474],[117.72968991652556,2.813501045672004],[117.731781199928,2.8153471127103415],[117.73954898845349,2.8222096422708938],[117.74160911100607,2.825888430733922],[117.74003057759343,2.8337096531539316],[117.73878204040223,2.834481121736735],[117.73592369703722,2.83624690488244],[117.73591922287167,2.836251366019651],[117.7345413537113,2.8344097293183688],[117.72494985546102,2.8410983690696603],[117.71831916913104,2.841348079772174],[117.71536725911787,2.843729277038449],[117.71489017022283,2.844108291272708],[117.7107788859008,2.8443491147161493],[117.70776895193089,2.84592759823396],[117.70461192359765,2.847581906405652],[117.7038984412154,2.8497312316886294],[117.70347036837597,2.851028784606527],[117.69649630329056,2.856870217274508],[117.69547964431766,2.8577219164797927],[117.69299145129298,2.8567632567542307],[117.69227801400844,2.8589080719132567],[117.69160028634272,2.8609502917149627],[117.69275963593908,2.868539687050054],[117.69984070440574,2.8675988677766995],[117.70488838386237,2.8680491765875673],[117.70991820654521,2.8684995465036343],[117.71540296690384,2.8749162095377976],[117.71678974820102,2.87653930154418],[117.71795797992671,2.886188812002409],[117.72071816001119,2.8928596346599638],[117.71798921261849,2.901372059692373],[117.71547876761979,2.9041412021272],[117.69935015064382,2.904859054050645],[117.69895777830708,2.9077485907781693],[117.69862778752142,2.9101698670135807],[117.69987185063282,2.911824215436566],[117.7008618146425,2.9131396228277007],[117.70120066197991,2.916158460163569],[117.70156188366205,2.919337814800895],[117.7012274224803,2.920644324114788],[117.699969943314,2.9255582277011145],[117.69611735032436,2.9299638294107484],[117.69312078444463,2.933388423268424],[117.68192843679107,2.94145941700069],[117.68175013430802,2.942988873524906],[117.68104112963194,2.9490487500018467],[117.68359169002572,2.9502705712440953],[117.6862984056981,2.95156817208972],[117.68752017425132,2.953316155768046],[117.68950890996575,2.956169932994108],[117.68758256031421,2.9610526675749167],[117.68723921294405,2.9619222141235952],[117.68606201717616,2.9630280608399384],[117.6808493998416,2.967919691730172],[117.67146737930739,2.9701135649408523],[117.66896141160584,2.9707021643467937],[117.66787334840937,2.971857088455352],[117.66485010193902,2.975081039442353],[117.67125782637015,2.980579094830899],[117.66920220795576,2.987026935580751],[117.66853782411683,2.9891003998673216],[117.66677194094979,2.992070202895366],[117.66443098105071,2.996012043077544],[117.65413930942483,2.994188291419565],[117.652195139403,2.992698940460398],[117.65025103881449,2.991209585176281],[117.64063274538061,2.987548624907249],[117.64062826893483,2.987548678736571],[117.63857258426475,2.988239806306961],[117.63856819729993,2.9882397895241897],[117.6257615855582,2.985038161702384],[117.61568852062734,2.9873702882685382],[117.60950822842217,2.9866880496869945],[117.60424200299958,2.9818722131492104],[117.60491082200681,2.9740509595497246],[117.60385408868551,2.97121944608643],[117.60212834392125,2.9666087008936954],[117.60111618981995,2.9652041264871207],[117.59997911067538,2.9636211329368534],[117.59571173463034,2.9615119370498406],[117.59671505213207,2.963456109289999],[117.60107159509765,2.9718882873474723],[117.601481812419,2.9726686609429915],[117.60075495435835,2.976351869373118],[117.59988992068581,2.9807307141936876],[117.59837386354818,2.980262494655589],[117.59691125542575,2.9798121148455445],[117.59690677794526,2.9798120999509035],[117.58808665292767,2.9808867803262156],[117.58731075750137,2.980980405642976],[117.5791016007882,2.992038998323368],[117.58965186723674,3.006267978461011],[117.59525690875071,3.0094250115342733],[117.60064794471299,3.0124616834783104],[117.6025341711568,3.0156766351934885],[117.60454968331786,3.0191190767948224],[117.6070690433929,3.0234889861212975],[117.61599618235617,3.0234711701331576],[117.61600065938575,3.0234711832835224],[117.6212802571468,3.038641004741658],[117.62176179239462,3.0441613877410134],[117.61535856271689,3.0508367038793947],[117.6122104577566,3.047559215150444],[117.60941008854412,3.0446519270202677],[117.60763093626615,3.044366494667475],[117.60505803529934,3.0439607327438365],[117.60517399702775,3.0452182072927685],[117.6052898691396,3.0464890370554047],[117.60941008854412,3.048789948662383],[117.61450684780766,3.055857599945694],[117.61950999123641,3.062791540975965],[117.61857797821278,3.0646732514001944],[117.61790911792417,3.06601991596695],[117.61385579191142,3.068739954142969],[117.61379785848361,3.0687801123543097],[117.61398070241029,3.0745010980651903],[117.62067829159345,3.078202149457267],[117.61748998217944,3.0844181771381085],[117.61243780573264,3.0873968426122347],[117.60927183300919,3.089260761643337],[117.60568225778995,3.090264035677396],[117.59934143714783,3.0920387652445784],[117.59900697334703,3.093920483364877],[117.59858788534304,3.0962704302406365],[117.60562879913755,3.0989280702285944],[117.60348399333361,3.101741768927847],[117.60334125614794,3.1019290826797628],[117.59489127416167,3.1051618945947377],[117.5905391565913,3.105630079351398],[117.57367036822689,3.0994497853539067],[117.56758821429872,3.0989815903571043],[117.5642215857319,3.102000402850958],[117.56421710748256,3.102000392339721],[117.56093962774436,3.101920155334896],[117.55575822356275,3.1017908196165456],[117.54659922045704,3.099271452312757],[117.54402182264717,3.1000473099709116],[117.53196893307346,3.1036681145265486],[117.52602045499067,3.1071283967127306],[117.51938977615734,3.1080603003384737],[117.51640663070776,3.1055721524015887],[117.51389171868726,3.103480796605011],[117.50059910358783,3.0961411576807776],[117.49911872498545,3.094188027879141],[117.49762937542232,3.092230532733066],[117.49484238026002,3.091566078342108],[117.49191279338343,3.090870479962185],[117.49190831344777,3.0908704686120023],[117.48985263921719,3.0924802312841755],[117.48984824883345,3.092480217470443],[117.48797981790426,3.0916954370884837],[117.48710137226352,3.091329743870046],[117.48398000866183,3.094749899281638],[117.47659134435932,3.102852060687428],[117.47856669430695,3.106602219365703],[117.47889222861112,3.1072220053310056],[117.4734208857537,3.117121218653129],[117.46721386981913,3.121089790978678],[117.45467933643401,3.129111714477319],[117.45381427200289,3.1296289931105576],[117.45352884380829,3.129798438593007],[117.45376964306946,3.1313011797765813],[117.45422892628214,3.1341683262936137],[117.45423340708865,3.13416833625225],[117.46401216268593,3.133767046653717],[117.46589838849184,3.133691260878064],[117.46683033803697,3.1378292951674753],[117.46411476796264,3.145333952966964],[117.46250058801233,3.149801960406584],[117.44947105809784,3.1587914896992135],[117.44582794958741,3.16891814571745],[117.44041464718225,3.1723739089974554],[117.43281182323192,3.177220996042606],[117.43280743155873,3.1772209849841375],[117.42985548781944,3.177225437407244],[117.42639969592051,3.177229870244018],[117.41815921813735,3.1756291003352093],[117.41151077881575,3.1703583901616015],[117.40681972554044,3.1691276804908046],[117.406249000255,3.1689805909494004],[117.3998412915513,3.1648603579847983],[117.39494960652107,3.1679683386602644],[117.39549813318747,3.1712992770241852],[117.39489608945593,3.1714420135966224],[117.3845197785922,3.1738498772104546],[117.38200934774038,3.180302225405737],[117.37103992351264,3.186990882684319],[117.3705048665162,3.1869240081962076],[117.35798817145185,3.1853989606645796],[117.35217793062836,3.186990900752551],[117.34702324114562,3.188399910481947],[117.34701875789088,3.1883999705714885],[117.34418280994842,3.187311915083672],[117.34106140905304,3.1861079926522677],[117.32846887199284,3.1760080876004544],[117.32710887935919,3.174046069934623],[117.32433084624016,3.1700418391240817],[117.32294849598728,3.165440029349675],[117.3238314436147,3.161881646973328],[117.32499524976429,3.157168434244451],[117.31952840450172,3.1659082361499036],[117.31692424225754,3.1702870967974808],[117.31609937602332,3.171669383076255],[117.31885949883112,3.177640148228648],[117.31764669241691,3.182322175981891],[117.31749056233515,3.1829286257892817],[117.31766453840929,3.183405782444411],[117.31934115777288,3.187989723031023],[117.31271046540986,3.195360589354824],[117.3122689674259,3.206628763417877],[117.31188549204772,3.20746709403009],[117.31068152164246,3.210080114150426],[117.31823973451253,3.2178879511966834],[117.31940796756942,3.218672764226048],[117.31960866585696,3.218811022208376],[117.33241966684574,3.216951598661433],[117.33296370427777,3.217285999942148],[117.3342612459191,3.2180886579556813],[117.33522888185391,3.2198098634494157],[117.33723991032953,3.2233816091203065],[117.34618047713779,3.2286611807853576],[117.34906104924629,3.23857821690634],[117.35144215665674,3.2307212682775313],[117.35349785170854,3.229098152811734],[117.35350233481657,3.229098159846553],[117.35739058580931,3.2311716641805477],[117.3756997352079,3.2329820189504894],[117.3772559099097,3.2337534499179617],[117.37845095910747,3.2343510126072634],[117.38022567895874,3.2357957613199986],[117.38464017591048,3.2393986986019314],[117.38898778756459,3.2465287673531833],[117.39013830137283,3.250243214209132],[117.39083834189424,3.2524995557800325],[117.39620263675384,3.2591212569370995],[117.39771875858368,3.260998589171949],[117.3995513920843,3.2632994700171625],[117.40389903237293,3.2639816974635387],[117.4040417379695,3.2638122657143547],[117.41006154271605,3.2568382452304334],[117.41219747706145,3.2552998165713976],[117.4148595416551,3.2533779452711364],[117.41486402336572,3.253382418846316],[117.41761075486377,3.2536098279085057],[117.41856507459215,3.2540557670683476],[117.42150804649704,3.2554380847876],[117.42576198507817,3.2597589199063886],[117.43710154447626,3.271281222846067],[117.43983944919819,3.271740542353959],[117.45519211807078,3.282518218405295],[117.45975825254033,3.2792898026496737],[117.46181827863505,3.278371229833643],[117.4618227592666,3.278371234377089],[117.47623462331258,3.281042217609937],[117.48517064152776,3.2827010149100797],[117.49271989689582,3.2822194561487734],[117.50875034506164,3.280360001116192],[117.51332094949026,3.2821881821060015],[117.51452492918327,3.2839138953187246],[117.51699969793312,3.287467823754387],[117.51740543728242,3.292662625059407],[117.51816799918487,3.3024191844369692],[117.51315144746596,3.3132414175289413],[117.51087292083542,3.316300307584949],[117.50834906702862,3.3196892333043913],[117.49762041581607,3.328451409691287],[117.48709250177005,3.327550674998066],[117.48708802172268,3.3275506724430275],[117.47386677103194,3.3324824291038846],[117.46605000981879,3.335398686992096],[117.46398993900314,3.337249209729442],[117.44684020484868,3.34165029632005],[117.44428065415369,3.341886642996988],[117.43929095717456,3.3423504025918134],[117.4379086070341,3.342733869899162],[117.43677154858513,3.343050503610224],[117.43357884088189,3.3494894047510373],[117.43475158872864,3.350987692410582],[117.43770793959847,3.3547690205010783],[117.43944250961835,3.35953132603092],[117.44046815180097,3.3623583870137503],[117.44065546266192,3.364579042119677],[117.44093185788113,3.367878735229931],[117.43843030555102,3.3757089245497975],[117.44074015579118,3.389269055405617],[117.43964317526898,3.3940938407190333],[117.43869783122045,3.398249703659145],[117.4419708458721,3.4078679987318723],[117.44284035437995,3.410431939400968],[117.44169436250436,3.412166557578466],[117.44056180725394,3.4138788578707704],[117.41563093217468,3.424281899280777],[117.40533038631794,3.4265917550046536],[117.40174974086761,3.429757719496658],[117.40167838724877,3.429820112681714],[117.38840813546791,3.4355902033942187],[117.38798894894043,3.4362278326162454],[117.38567022888414,3.4397416542853465],[117.37903960558266,3.4402098678492306],[117.3765379803953,3.4412755743504566],[117.37469195357428,3.4420603875840805],[117.37468747094724,3.4420603885809165],[117.37012132443179,3.4413691958930714],[117.3695105065717,3.439389388228856],[117.36950602382687,3.439393808420963],[117.36048967313961,3.4475495111234724],[117.36043175342272,3.4478170917865474],[117.36028013996574,3.4485216278634785],[117.3590984296742,3.449212737956033],[117.35753780812625,3.4501313687225346],[117.32619025583351,3.452490202056973],[117.32065206052953,3.4586304001852017],[117.31292004881493,3.4647973103582923],[117.31105163681976,3.466291124053649],[117.30353808344485,3.462871023448496],[117.29392867429193,3.4608198332972173],[117.29247947387755,3.4611319383358246],[117.26373169306025,3.4672988580519895],[117.25979425166261,3.4696087280274472],[117.25664165952082,3.4714592063343956],[117.25469306304709,3.471887297273355],[117.25137102229863,3.4726185958533455],[117.22735878768383,3.487141880937511],[117.2310553442661,3.496051131041516],[117.23126940908617,3.496568414073732],[117.24317073321785,3.494940839072484],[117.25146467747089,3.4919086235757444],[117.25644107749359,3.4900893715666337],[117.26852964469062,3.4876413162172524],[117.2884797231175,3.4836013274991364],[117.2910838080745,3.484528838808436],[117.29168132392385,3.4847384549359224],[117.29424976072076,3.484430775253871],[117.29945801549513,3.4838109127643953],[117.29946241013536,3.4838109135108155],[117.31585410365847,3.487815194070886],[117.32190062953427,3.4892911419382107],[117.32223063856331,3.489621104506284],[117.32420153435008,3.491592048423685],[117.32517361335036,3.4953823259218564],[117.32602973840147,3.498722140575147],[117.32421937975461,3.5033284495553665],[117.3213388058385,3.5045145418544994],[117.3130003128334,3.5079391584800184],[117.31343284117179,3.509936784034003],[117.31370035719233,3.511158613669687],[117.32811215057372,3.5065389997446723],[117.32847783934054,3.505981571127005],[117.32994040833273,3.5037698796644428],[117.32998049207693,3.501981739309561],[117.33014997359042,3.4947981496087737],[117.3324285443434,3.4892777941368016],[117.3489094270749,3.485799685411394],[117.35985650032839,3.479846813539136],[117.37520915840291,3.4714993264754144],[117.39019173008802,3.469167215442991],[117.3976295647245,3.4680079001374877],[117.4138784927334,3.46798115512478],[117.41523851474196,3.467370257336114],[117.4201391048796,3.465171857957509],[117.42623020754972,3.462438429779606],[117.42861584815279,3.4616804445282647],[117.4342298803734,3.459887855888963],[117.44865060062732,3.4587195678472957],[117.45849182927638,3.4547911087128313],[117.4776793350148,3.438198812442175],[117.48010950521622,3.4366514801760877],[117.48203141572367,3.43542965546684],[117.4853534291877,3.4352869690973886],[117.48752061461694,3.43518890305338],[117.48830533637405,3.4363304233067673],[117.49003999203032,3.43885876185752],[117.4922873156368,3.4552102345893876],[117.49259947669232,3.457488831211624],[117.49316134740174,3.45810867239553],[117.49741085050783,3.4627684169243707],[117.50209738963066,3.465118402749013],[117.50657873914129,3.4673612808378476],[117.50818851974495,3.4694214398059096],[117.51772651634657,3.4725963194076037],[117.51918023452222,3.473077897826373],[117.5192337173811,3.4733498721886815],[117.5195101796272,3.474790165539636],[117.52103071487731,3.4827407256564857],[117.52000514101628,3.4836236222504815],[117.51942991065567,3.484118625030204],[117.52928007861277,3.4900893211064026],[117.5327314371851,3.487712615619502],[117.5343099149812,3.4866291072823343],[117.53496097394313,3.4867896397932023],[117.53707009240398,3.48731129759194],[117.5379887094814,3.4911952030958795],[117.54075779155002,3.5029493955991438],[117.54303641161565,3.501718680780185],[117.54417795084557,3.501098860540623],[117.54388808795038,3.4992483120608533],[117.54349118288518,3.496728970991887],[117.54161834599493,3.477871377015158],[117.54637179386059,3.4725784448276547],[117.54824019521756,3.4705005297719667],[117.57457116610561,3.4734390539153233],[117.58327083810101,3.4724981845053375],[117.609361018586,3.4717579897706026],[117.61119817840226,3.4733676860859637],[117.61119817840226,3.473372168881856],[117.61275890406333,3.4730957006548424],[117.61645991252097,3.47244024628463],[117.6226492000861,3.477487911410803],[117.62518192880101,3.4864506991755824],[117.61993807637873,3.4958906680906976],[117.60874119586794,3.5046617040849735],[117.59059718667531,3.5147882785177784],[117.58724833826035,3.5166611295357653],[117.57650189352614,3.521508192419173],[117.57397809802676,3.5220611089957705],[117.56802967181643,3.5233587114202263],[117.56012367495563,3.5255436720042117],[117.53782818695105,3.5317016765532827],[117.50557996601117,3.546710979618428],[117.50306948192733,3.5462606114411073],[117.4997072760663,3.5476162398222293],[117.49506090808121,3.549489014128976],[117.48299016855204,3.550750952470313],[117.4815587577919,3.5508980907751178],[117.46507791074603,3.549778871764694],[117.45964677321268,3.5503184018614182],[117.44151153374106,3.5521198775496985],[117.42503069892403,3.55974052468763],[117.42329618012029,3.559874295763195],[117.42206098038987,3.559967926353004],[117.42168193088538,3.559410529173951],[117.42091056421944,3.558282398669717],[117.42091056421944,3.558277900236853],[117.41802548609992,3.558750570812012],[117.41473019944266,3.559290146778372],[117.41252742480758,3.5611183619267583],[117.41084182610203,3.562518497340261],[117.40670830560971,3.5632497841372905],[117.40558011922128,3.5634504741685356],[117.40529031787204,3.5623936951720916],[117.40488900549141,3.560922153132262],[117.40688220314082,3.5583492616555286],[117.3989316117631,3.5534397814152294],[117.39862835434981,3.55367610547427],[117.39846789575955,3.5538009882713486],[117.3970588127088,3.5538054048272194],[117.39549365103429,3.55380990831445],[117.39548916888099,3.5538099135948316],[117.38108183481813,3.5595799506724144],[117.37606085346475,3.562299995980656],[117.36873014881515,3.5662686267802837],[117.35636953057303,3.5688192272504202],[117.33851966956726,3.569769021231695],[117.32226184591055,3.566580771132187],[117.31664785236482,3.5645474121940204],[117.30897819377314,3.5617694072562833],[117.30324822226963,3.5620101994180344],[117.29296110681807,3.5663979685194747],[117.28381992836829,3.5758378335764123],[117.28285679671981,3.5781119755066837],[117.2817687160861,3.5806804585748804],[117.28124256764744,3.5835431573540517],[117.27994943493812,3.590570742450552],[117.2762884885741,3.5919485784091876],[117.25797943605873,3.591747927991029],[117.25073786195549,3.5905261117309606],[117.2309617693385,3.587190754856106],[117.2309572834828,3.587190760289638],[117.22181167286145,3.5927289254547183],[117.22432214537697,3.595912701250139],[117.22524966921344,3.5970899242312813],[117.2251782523618,3.597268306951101],[117.22433102766252,3.5993908239078705],[117.21960443031055,3.603658170560544],[117.21564917022991,3.6072299299784136],[117.20352046922486,3.611158405133739],[117.18566176729841,3.609798389404755],[117.18450236017514,3.6107080187477956],[117.18361054547199,3.611408128960464],[117.18427936199622,3.6120859122002265],[117.18681219416297,3.6146320586038927],[117.18430170669399,3.6180789288031834],[117.18194284689345,3.6193274422356634],[117.1794992454074,3.620620643920727],[117.17263223655237,3.6192516890634323],[117.17262774940887,3.619251695291496],[117.17274369716509,3.6188548361908794],[117.17376927553619,3.61534101930965],[117.17376487816007,3.6153410225020925],[117.16591235953362,3.618622926774905],[117.15775223769415,3.6220296599111075],[117.15541120103211,3.6211958543368987],[117.15455058241744,3.6208881426754367],[117.15133999165374,3.6229616313216497],[117.13600965264423,3.624589206972819],[117.13479673696017,3.624433142306316],[117.12387200554603,3.6230017928487435],[117.1105793842844,3.616121399615884],[117.09454889611489,3.612001188240802],[117.08538103141215,3.612830562935113],[117.07141954097933,3.6141014168527215],[117.05450173688843,3.6055220799436705],[117.02974031860096,3.5929920143143943],[117.02940588502149,3.5929430001610156],[117.02310076031092,3.5920823539297086],[117.02161138402391,3.596108923421578],[117.01944869816397,3.6019681678424655],[117.02311854223603,3.6035779252791604],[117.0350288602982,3.615978709956676],[117.04535168367676,3.624018431940517],[117.04684987092035,3.6247631397029223],[117.04871827962798,3.62569063945333],[117.07443833564656,3.6384793078819517],[117.10670891521843,3.6382161955533805],[117.11016024780889,3.638189455739468],[117.12801889029856,3.6397813838345154],[117.13341443699835,3.6408114382769803],[117.15549143789467,3.6450386476914867],[117.16313883592996,3.6448023096937043],[117.1710581405682,3.6445614980856584],[117.18320026273463,3.6415516580630816],[117.19738020303268,3.6343992159459937],[117.19782617045004,3.6343635354569432],[117.2216421894989,3.6325219719988016],[117.23562592880977,3.627946925980867],[117.25344900862385,3.6221188359562038],[117.25670409467277,3.6217888870298744],[117.26259901602583,3.6211913807112075],[117.26260350117752,3.621191373812555],[117.26695118076681,3.6221010150802546],[117.2731314909395,3.620941697753921],[117.27758612971559,3.6223685978996794],[117.27954813784453,3.6230017918415984],[117.28246878018388,3.622261594161915],[117.28504173017075,3.621610512575085],[117.28848411799908,3.622992824219033],[117.28962122309615,3.62344767508967],[117.28962122309615,3.6234521155373467],[117.29168132392385,3.622288320864113],[117.29993066298623,3.6236617469053827],[117.30124160369368,3.625204536147473],[117.30129963035652,3.6252714691852845],[117.31732115971275,3.6254720836623395],[117.35467950580535,3.635803876151687],[117.37686798803058,3.641939562344677],[117.38459562084297,3.642514800866101],[117.39497192770473,3.6432906475413165],[117.41189872193986,3.638880617463417],[117.41377146891732,3.6378595153067517],[117.42751440768173,3.6303370092603067],[117.42791128189452,3.6301184797290063],[117.43450189306387,3.629498677239453],[117.43671804295212,3.6283615860526788],[117.43797107470193,3.6252714705499542],[117.44276901575337,3.6211200170091717],[117.45283772049194,3.618136862259944],[117.46930957086693,3.613249731112497],[117.47525800536098,3.6097894413487244],[117.47709071687902,3.6070292927330945],[117.48600895449292,3.6033282429930065],[117.4968624316237,3.6013884763367314],[117.49767838446103,3.601241323521934],[117.49942639523698,3.6026103298453225],[117.50615962776004,3.6078987857811007],[117.50706477460619,3.610601022015499],[117.50707821335743,3.6106500873146685],[117.52038856724391,3.626502136242359],[117.52395143827475,3.638497170724529],[117.52471836380798,3.6410789342523544],[117.52594914702631,3.6437410146474445],[117.52502160358155,3.6511119179535108],[117.52254684846487,3.6565074498941623],[117.5209103123594,3.66007920838309],[117.51240678352819,3.669309567167469],[117.51177804554074,3.6699917812902116],[117.51258963498563,3.6706963123996674],[117.51704870204654,3.6745802012251088],[117.51940760375919,3.678415044243387],[117.52144092497325,3.6817192473574516],[117.53444813530604,3.6715613665404914],[117.53914801497106,3.669367506321123],[117.54337079445641,3.667401007456582],[117.55546837820796,3.653626867035131],[117.55570913976968,3.6533504337075353],[117.56164863504316,3.6485078493198846],[117.58360085180368,3.637190627661617],[117.60854061714876,3.6279513537678],[117.6226089977694,3.626265853385509],[117.62615849809521,3.6258422166529254],[117.62792431452901,3.625811009767306],[117.63040799756624,3.6257708893475136],[117.64354894816096,3.6255702123247007],[117.65103133136977,3.6232782205214638],[117.65636885388922,3.6216417223666473],[117.66232175575063,3.6237018213409606],[117.66599162422712,3.623461025824779],[117.67391987423318,3.6275990870173023],[117.67652844574805,3.6289591308573406],[117.68618687976091,3.6323658554417926],[117.69921196121057,3.636958753052756],[117.71067184935843,3.643379845967924],[117.71482770379417,3.6446640827474632],[117.72029898541128,3.646349618806403],[117.72326880456151,3.6449717365322365],[117.73492488163964,3.6467018893450467],[117.74914939556454,3.6488199422432266],[117.7613583878417,3.64588138639819],[117.76265159745944,3.645569283357558],[117.7658487048976,3.6474019666160222],[117.76633031507157,3.653840946213704],[117.7704505671478,3.6572877638525596],[117.76636153961499,3.6653498469849635],[117.76751201273615,3.6697108825367364],[117.77290300974136,3.67371513225135],[117.77461975383677,3.674990447564237],[117.7780800329564,3.685558515292274],[117.7811390130359,3.688497052509198],[117.78357816278371,3.690838068492447],[117.78561596644155,3.6892194490158126],[117.78793017337308,3.687377846839706],[117.79205038981806,3.6873689145292077],[117.81381976902313,3.6981287038654016],[117.81576394652032,3.698744044216513],[117.83330157651349,3.7043001307004597],[117.83513867207279,3.7091293343770193],[117.82555160425541,3.7236392570737022],[117.8242763673125,3.7237730119102146],[117.82326854997953,3.7238800359721047],[117.81871138973406,3.734238529801715],[117.81958980861657,3.7348404978330927],[117.82305898982096,3.7372082561821856],[117.82375466064816,3.7387421640763856],[117.82514143292758,3.7418100286678766],[117.82446812745435,3.7445390101211458],[117.82354948364396,3.748257914236115],[117.81761892807333,3.7554013751146633],[117.82107025823234,3.7613721233567783],[117.82428083933304,3.7664287605885667],[117.82452608477111,3.767757589042301],[117.82520833402683,3.7714898524190636],[117.82300997614276,3.7752934338640376],[117.82041920891253,3.779779286119541],[117.82107025823234,3.780738000505127],[117.8243298526708,3.7855181771566047],[117.82433432469001,3.7855181603136927],[117.82836535834129,3.784323095228143],[117.82981899507001,3.7838906216677364],[117.83377871692993,3.7847958111468376],[117.84081064723252,3.786401062177343],[117.84264784608767,3.7898479732253842],[117.84130118283645,3.7988196636901073],[117.83582991462666,3.8082595778741606],[117.83292701817756,3.810770036328167],[117.81686089144729,3.82463788041839],[117.80910199383172,3.8345504727433792],[117.80194960661971,3.8390719455130764],[117.79742805569846,3.8419302593972073],[117.78805952978455,3.847932196550984],[117.78509871229981,3.8525384280636836],[117.78216012297143,3.8557178077457133],[117.77869097419348,3.8594589447228023],[117.7729788764081,3.8631511224903163],[117.76542068543885,3.8647697582580522],[117.75651141065914,3.870539863749043],[117.7530467010241,3.871543146202482],[117.75170000725831,3.871931063449157],[117.7356695642619,3.8712800522192783],[117.71801149611173,3.860729830993027],[117.72281840383386,3.8565783733377406],[117.72450393324601,3.852939794788465],[117.72601109770693,3.849680138337668],[117.73058173499737,3.8457605942866735],[117.73798385985394,3.8428577640815478],[117.73950881122795,3.8422602105166868],[117.73881318011188,3.842046218838568],[117.73216911832934,3.839999462209298],[117.72874010635284,3.8406995695701682],[117.72049971324638,3.8476200629867416],[117.71827907680596,3.8506076914107905],[117.71638837380392,3.8531493441741116],[117.71296828877239,3.8560789636144466],[117.70884801240463,3.859601647258845],[117.7015351232096,3.863583671000609],[117.69444069350423,3.8674497012836433],[117.68414905825605,3.875761477975647],[117.68525045309781,3.877388997436584],[117.69127923303685,3.886320626705793],[117.69292459183626,3.8890228219997733],[117.69379859610005,3.8904586556778997],[117.69473945510704,3.899657748856922],[117.69634916151213,3.9028683006545704],[117.69225125222567,3.916678200522405],[117.68866612324652,3.91838602476025],[117.68837182724421,3.9185286599271216],[117.6734784848025,3.916490852207911],[117.66636177601946,3.9165042811616133],[117.65538787548611,3.9165310278963],[117.65054530509963,3.9178464493763876],[117.64349102384053,3.9197683471040383],[117.64079774709839,3.9201250424169523],[117.63821142032985,3.920468383197472],[117.63783243918537,3.9212487491644157],[117.63753815304185,3.9218506896129317],[117.63503209140701,3.925770254886582],[117.62734457487191,3.9292617396430662],[117.61876977144965,3.933158995973253],[117.60437130759462,3.944458393836958],[117.60362216354345,3.9456712258931437],[117.58748028339976,3.9718684475949333],[117.58336003589095,3.9721003364882765],[117.58195095668081,3.9700714439103284],[117.58194647884798,3.9700714659897054],[117.57861556892155,3.97395087555955],[117.57730013317064,3.9754803262693548],[117.57713068776339,3.9762383926014913],[117.57683639691457,3.977598375991213],[117.57672937380599,3.9780977975373983],[117.57239063323836,3.983399703739794],[117.55067037058612,4.005289408256543],[117.54686229688807,4.017030265402832],[117.54589024693419,4.020017801712283],[117.54292041207431,4.023241791926311],[117.53950479873767,4.024597313293557],[117.53650826026853,4.025787932931105],[117.53344932773753,4.028980638237748],[117.530109420802,4.0324586907348845],[117.52771938628878,4.032249139251589],[117.525070695234,4.032021705813929],[117.52489672439447,4.031838931669246],[117.51909996541299,4.025823608287759],[117.51658947836593,4.032721838672111],[117.50174062604921,4.047931836260145],[117.49141784946433,4.051008585944465],[117.48596881304,4.055588060994835],[117.48748486391528,4.056221253074381],[117.49190831344777,4.058071778046131],[117.49353147693482,4.059699338277229],[117.49511887749453,4.061291299318626],[117.49594827722613,4.0643948357995825],[117.49604190590152,4.0647292399618244],[117.49579219946729,4.064978933106269],[117.49421815449054,4.0665797307893365],[117.47932026999445,4.062468476495649],[117.47711750894447,4.064452790350287],[117.47498156934651,4.066379114311505],[117.4791374766369,4.072849251764593],[117.4811797345787,4.076028603949024],[117.48002930945891,4.079479958839892],[117.47272078286451,4.085709305220079],[117.46699979107437,4.087956729022147],[117.4592097270323,4.091020115851088],[117.43745824771766,4.095889430636858],[117.42581110188321,4.096032155777874],[117.41526083361657,4.096161429259905],[117.41127889100389,4.095809194964577],[117.39989032521596,4.094810336750684],[117.398980645655,4.096651969142271],[117.39816463763002,4.09812792045725],[117.39465091477516,4.104482093947952],[117.39835638144416,4.105824313829997],[117.40220905675797,4.107219996599091],[117.40863909738066,4.11456864007419],[117.40733702512952,4.116789270886995],[117.40566043526333,4.119638593759353],[117.40112100343859,4.123567088583803],[117.39605992545799,4.127941482317537],[117.38302157438068,4.1360079412435695],[117.38646844899479,4.147958341708496],[117.38761888789318,4.148881403311293],[117.39070907349026,4.148546960662207],[117.40067064907196,4.1474812019374765],[117.40616877409224,4.144480230166931],[117.41555070985348,4.138710160391044],[117.45185220235612,4.123651776767777],[117.47209209494648,4.117221762354021],[117.47735827894478,4.113302201828438],[117.47736275921736,4.11330224517997],[117.47974840003596,4.113801614117881],[117.48170140652532,4.114211898007462],[117.48486742867573,4.126496671118273],[117.48839905835321,4.14019057984885],[117.48840344876984,4.140190625507358],[117.48995971078973,4.140083560886049],[117.4918414727955,4.139958764258631],[117.49388816608986,4.1367303179054185],[117.4928135271361,4.130514336194451],[117.49250136642637,4.128690581844694],[117.4895895744156,4.121703155825757],[117.48789962540879,4.117649877416285],[117.48889840040749,4.114711308071768],[117.48914811575104,4.1139755632643125],[117.49016928418139,4.1109790435981175],[117.49589926774829,4.106600209640978],[117.4959036579945,4.106600186418924],[117.50756424756283,4.107536588957777],[117.51559057796845,4.108178704942138],[117.52038417755544,4.111491859698512],[117.52156132715893,4.112298934982483],[117.52799135723315,4.119879434638267],[117.53245051497011,4.128556784602864],[117.53673121967869,4.136890899387628],[117.54201077617063,4.142629713692407],[117.5686539262908,4.155659216075189],[117.57433929479767,4.158441737000549],[117.57521322156913,4.159021412399755],[117.57915067856392,4.161647771124869],[117.58374799205708,4.167618553614361],[117.58375246984754,4.16836764883252],[117.58376133587235,4.169460134737718],[117.58440792767946,4.173187951101745],[117.58467990753789,4.174748634237522],[117.58580803321105,4.177522220896815],[117.58599985958307,4.177638158658365],[117.584225055261,4.178351623839933],[117.57906595670231,4.1804250835919845],[117.57125356147677,4.181267869776103],[117.56187165473317,4.178503194758606],[117.54840509807151,4.168403312611367],[117.54383900111259,4.169246119385907],[117.54124383016568,4.173870207717318],[117.54106987398744,4.174173404830169],[117.54086035601216,4.174079802715883],[117.53914801497106,4.173330666110318],[117.53614260269163,4.169723236994493],[117.53529984979599,4.165157091455997],[117.53036804081893,4.163110358239879],[117.52510634938251,4.163208515530119],[117.51653151540835,4.166169311922205],[117.51085061294725,4.1701735848798],[117.51030214269127,4.170561539789124],[117.50991860678047,4.170525847549265],[117.49968496688622,4.169638539486136],[117.48034588089756,4.175194539799455],[117.46724953465191,4.176831055203576],[117.46580474523726,4.17798151180309],[117.44852128080014,4.191737804861688],[117.44851679986208,4.191737834233115],[117.44718801794741,4.191550545017922],[117.44553363728733,4.191309772957213],[117.44552924590067,4.191309728745617],[117.44028980301486,4.194118958404408],[117.43853292431852,4.196776582970117],[117.43645051456699,4.1999202744298785],[117.43402920915373,4.209369111483485],[117.43229459100242,4.210956551618652],[117.42767054031602,4.215188221281983],[117.42519122538741,4.220048669932869],[117.42941846442308,4.230139573070846],[117.42877189027891,4.233599860230535],[117.4186988062608,4.235312123589544],[117.41289752853191,4.245086506505494],[117.41360654097903,4.248462044238291],[117.40668150386313,4.255208675358136],[117.40084903398646,4.257130523042622],[117.3999795180481,4.257415898787668],[117.39803089195081,4.258058027358846],[117.3933488393602,4.259297620492702],[117.38625437141228,4.261986485377939],[117.37467859534529,4.271765291672807],[117.36992067729395,4.28340352732339],[117.36991180147753,4.283430314335638],[117.356909019231,4.288781197140914],[117.35209319930254,4.289285122405323],[117.35048347654768,4.290431076507527],[117.34172136289533,4.296638136260933],[117.33698578675202,4.2951265629658275],[117.33215208632579,4.296334966080743],[117.32208347971337,4.303786136841552],[117.31967108136892,4.303563133254788],[117.31885949883112,4.303487369589115],[117.31160900548353,4.2972445767979925],[117.3104273641298,4.302283356750608],[117.3088934440204,4.308824920742775],[117.30456362540548,4.312146950699592],[117.30113909287101,4.311540506731571],[117.29338470965409,4.313154674933858],[117.2895587981851,4.316878028559369],[117.2859335457052,4.323223359402237],[117.28603166938848,4.333394503343689],[117.2799895287252,4.336212694148749],[117.27394747500138,4.343164423689986],[117.2688105861082,4.352127244358642],[117.26629564411282,4.355449275852052],[117.26276846498791,4.3582673942664485],[117.25696271593633,4.360309662746493],[117.25531733003305,4.36088491717261],[117.25028304024845,4.365014016524834],[117.25026967367782,4.365268202107225],[117.2499798252067,4.370351538124029],[117.24434353072647,4.373878742068682],[117.24115965624918,4.372023763906179],[117.23830139309148,4.370351600769765],[117.22973102623135,4.369771865443891],[117.22490631183298,4.369446357531825],[117.22349716776051,4.365575835575334],[117.22221748131031,4.362066545079943],[117.21331265669096,4.356425756581339],[117.21004852706132,4.348408305508267],[117.19906581116147,4.334161530637439],[117.18321812063998,4.326335797509804],[117.17643137582635,4.32759773009393],[117.17170922906091,4.335998677355821],[117.1695242378785,4.336966264554674],[117.16692011285603,4.338121150174205],[117.15967851995427,4.348319153843039],[117.15125086769409,4.353460462178689],[117.14632350002897,4.3533490032357305],[117.14415197057816,4.35329997990517],[117.12941908909778,4.3472311059632815],[117.1269041281293,4.344751832097956],[117.12664103296476,4.344488802903387],[117.1254415265965,4.3438466883466775],[117.1114310303568,4.336350929887426],[117.09606055470834,4.334429080838248],[117.09462915668334,4.334527174220419],[117.07245855288075,4.336029861534818],[117.0707997407935,4.336756668111952],[117.05740018479513,4.342620413062653],[117.04788891547574,4.344332733647597],[117.04389802590039,4.3450506477714805],[117.0398045079484,4.344965885662025],[117.03610792552543,4.344890073813519],[117.03574225091482,4.344595806756108],[117.03011040411789,4.340118867642057],[117.02568702670358,4.332377864848733],[117.02148205996929,4.325011402946425],[117.01456158016535,4.320472079307268],[117.01455708959742,4.32047203953104],[117.01255500524339,4.320721803104703],[117.00860861951917,4.321221168900362],[117.00431008241087,4.327240979852103],[117.0056210287707,4.343802060414897],[117.00194234674836,4.346236710177329],[117.0017416062331,4.3463705211592565],[116.9891446893056,4.346259056408143],[116.989140198196,4.346259017324617],[116.98126992087379,4.345157657056076],[116.97821987274284,4.344729581176685],[116.97375183891948,4.344100806889097],[116.96885135561458,4.341153355390102],[116.96546237154537,4.339111093702601],[116.9654579697655,4.339111121367184],[116.96004901162227,4.34929122121168],[116.96004460973012,4.349295700886307],[116.951875528938,4.3562652293312745],[116.9518710370386,4.356269713589633],[116.94595826756755,4.360470214634042],[116.93993851055517,4.360385488246118],[116.93609031937646,4.360331983260016],[116.92879076622428,4.3638591017805615],[116.91424958638083,4.367689516412999],[116.90615189626655,4.369820919799302],[116.8874504461045,4.3545485238913715],[116.88720960765313,4.354347830377471],[116.88353085668902,4.352769339720788],[116.88224665801432,4.351547530280568],[116.86964969242545,4.339548092395359],[116.85809618866652,4.339833481136028],[116.8549882105235,4.339909315027542],[116.84511123099284,4.337470128121195],[116.843537200308,4.333755719978947],[116.84112930316418,4.328070375839064],[116.83759772033085,4.327981159101915],[116.83448072945575,4.327900946689207],[116.83415524820522,4.32811052234932],[116.82764048708627,4.332342205882036],[116.82239211356087,4.340408685350832],[116.81996195855866,4.3441498834570105],[116.8199574639064,4.344149913622803],[116.81450843898023,4.349028131026877],[116.81222095141499,4.350142916539592],[116.81016977942993,4.351137294207193],[116.81016977942993,4.35114175137252],[116.79311366094583,4.340480068412985],[116.79310925564558,4.3404800240684756],[116.79039809121592,4.342272598770516],[116.78605050239759,4.34514873123769],[116.78296918870518,4.359680963534029],[116.77836745678876,4.363355264302647],[116.77364083061377,4.367132125525077],[116.76352306375645,4.377584213200372],[116.75184920548622,4.389650574173333],[116.7470288505494,4.38993148527245],[116.74701994818118,4.389918084506663],[116.73848519984996,4.380585177962156],[116.73847189074507,4.380571805498399],[116.73924777425252,4.375385908968699],[116.74020197774533,4.369040584548534],[116.73816416243518,4.364260449643936],[116.7355110446673,4.358040012032095],[116.72926827348275,4.352800565532856],[116.71570810594757,4.348319176007612],[116.7145710471258,4.347614605687339],[116.69957954884416,4.338339673363132],[116.68906057011938,4.341889128401852],[116.67806885550073,4.34267835697109],[116.67792169598889,4.342807716234184],[116.6666892543924,4.352448270390314],[116.65358840734777,4.3477305349493065],[116.65077919094007,4.3413094606184055],[116.65047592985408,4.3411890754962],[116.6468685220247,4.339739818116639],[116.64686411382496,4.33973984337134],[116.62899202485474,4.337273987028578],[116.61914635228872,4.339543630838135],[116.61897684066416,4.342905771440216],[116.61858005340406,4.350713714670585],[116.62331554256637,4.358668693821097],[116.61990438440962,4.366052961519165],[116.61138746669809,4.377789320267023],[116.60873428860377,4.379684445804313],[116.60551033904426,4.379688930286345],[116.60044928487751,4.3774415517546625],[116.59872810849109,4.37732562708975],[116.58807529579899,4.3766299647422],[116.5880707964698,4.376629994270319],[116.5849851356232,4.37976476194979],[116.58441884168725,4.380339920789245],[116.57722184605126,4.394448576749932],[116.57210724835892,4.401043536963962],[116.56680093717821,4.407888298735371],[116.56210099234724,4.394118578160117],[116.55883255518667,4.390899100036481],[116.55584936928527,4.3879605709630285],[116.54782300556882,4.387340737891735],[116.54781850544886,4.3873407674883955],[116.54258354630961,4.382493727112362],[116.536501325462,4.376861840455765],[116.52962092119691,4.352060298201217],[116.52980823090836,4.346990348632735],[116.53416473647492,4.343547900254227],[116.53687143322436,4.34141197437823],[116.53910097789188,4.3351781636165265],[116.53694721883585,4.330496142458812],[116.53582798342964,4.328070338100344],[116.53490495890765,4.327249863868225],[116.53352262039249,4.32601917721791],[116.53351821000108,4.326019201125407],[116.5265352846116,4.327887510578646],[116.52551861138777,4.3281595794013406],[116.52272717005499,4.327348018429441],[116.51173101895634,4.3241418936199825],[116.51172660814916,4.324141917295573],[116.49302952295935,4.334888318240784],[116.4894444805027,4.333630885285879],[116.48728179716369,4.332868353335161],[116.47687870633753,4.3114200713195086],[116.46821910328603,4.30265797881922],[116.46086164578843,4.298577888554386],[116.45213067868468,4.297039485494697],[116.43737103083694,4.288290762318362],[116.43588167929349,4.291978409610405],[116.43199788517057,4.301592232909916],[116.43276922829727,4.310608558229742],[116.43301901830354,4.313551568761285],[116.43260876464231,4.314969497079857],[116.42946061130209,4.325778381653298],[116.42287007305387,4.331588586794407],[116.41918237818282,4.333167135499833],[116.41738087898594,4.333938516078087],[116.40964881992305,4.341139966845372],[116.40658096133191,4.347159789288056],[116.40301810330824,4.354156102008953],[116.40198810476649,4.356171654921797],[116.39610206849453,4.3628915138827935],[116.39059955475437,4.363859132263776],[116.38323309988608,4.360019846174101],[116.38322868666351,4.360019799119768],[116.37489016183852,4.375738154873499],[116.37252232820036,4.378030113471103],[116.37056924630564,4.379920800263926],[116.36022414876295,4.385708685438933],[116.35094918224868,4.390899104887778],[116.34246801310941,4.390288201202329],[116.3393956862056,4.389151106699821],[116.33396005933656,4.387140107242864],[116.32542531863308,4.385846973223718],[116.32386022298407,4.385610579753827],[116.32376211701231,4.385566024167101],[116.31857172262224,4.38313131972286],[116.31461205061007,4.376719127381378],[116.30992102728082,4.3734506249140805],[116.30678179536788,4.371261188723936],[116.29119278473001,4.371631322364112],[116.29118836981587,4.371631346004508],[116.27599175955329,4.363239276899899],[116.2698159110993,4.363101075700208],[116.26842022100021,4.363069826440467],[116.26689963146272,4.3637075239029075],[116.26112067396167,4.36612879910539],[116.24723050398264,4.377058051745361],[116.24612017549794,4.3772319591934865],[116.21608821433007,4.381931832044896],[116.21608821433007,4.381927422385328],[116.20366961898472,4.375131734893841],[116.20366511235923,4.37513169023452],[116.20216683510182,4.375345736054515],[116.2002315806707,4.3756222282484565],[116.19042158810875,4.381231789962187],[116.19039932418627,4.3812317704197605],[116.17699526888954,4.382252895156638],[116.17690161111543,4.382261809747106],[116.17526958042586,4.383590633443559],[116.17007026758817,4.387840186783208],[116.17003015318454,4.387849090911189],[116.16588760759593,4.3886606110729485],[116.16144633351303,4.3804559046113685],[116.16077301838583,4.3792162448236445],[116.157954883229,4.357326500067207],[116.15663942406948,4.347141938218422],[116.15554698910717,4.346896715696973],[116.14522857097106,4.34458244194458],[116.1406625152807,4.339405402564558],[116.13470957788994,4.332645424678755],[116.1312046814893,4.32867237587007],[116.13116014306961,4.328618853249311],[116.13115563513195,4.328618806412323],[116.11551756358064,4.334745623006819],[116.11197705476677,4.331401345952664],[116.11159808835112,4.3289175758959955],[116.11099163270218,4.32490886065502],[116.1043029415129,4.320971450634917],[116.09960756037974,4.317841197860933],[116.09839909854881,4.317038569731772],[116.09013637241576,4.304838451570324],[116.08855788178764,4.3012666844089615],[116.0856104378951,4.294604802905673],[116.08521799586161,4.284179423505151],[116.0800989703797,4.277686990435835],[116.07602780742863,4.2785252813753045],[116.06199944385108,4.281423725759038],[116.05648800592732,4.28339017993733],[116.05137345317443,4.289882606427216],[116.04574156382729,4.290769978003934],[116.04134047608335,4.291456685235955],[116.0355213063134,4.297155457048051],[116.03277456179057,4.299844276455474],[116.03189607355715,4.300704859307842],[116.03211461357014,4.3038440595899115],[116.03386256620058,4.328449365393598],[116.02304031139874,4.333367769098757],[116.02166687607547,4.333943014530952],[116.01359595770188,4.337305154847262],[116.0069072380023,4.336319734605822],[116.00454391446635,4.340060920842529],[116.00428088063126,4.341550196722015],[116.00336233479116,4.346749575083458],[115.99852861729431,4.348158593118258],[115.97837353412874,4.3540268139522],[115.9770491178724,4.356992074896306],[115.95692971949572,4.359538237050379],[115.93522275397063,4.3561047226840515],[115.92957751148683,4.355208460414205],[115.92485539483785,4.356978745740116],[115.92111862405685,4.362097758763224],[115.91960704536602,4.364559218033267],[115.9158034267201,4.370752862291804],[115.91206661774238,4.383938447580916],[115.91125954956304,4.385503578351479],[115.9057704459207,4.396134117988515],[115.90085199304718,4.3959379133875265],[115.89868488491977,4.394167607063239],[115.89671845468483,4.393614678382459],[115.8847145303957,4.390234663478543],[115.88444253213095,4.390462111084543],[115.88235569874841,4.392201144292577],[115.88189634773477,4.392125373892362],[115.87881515582691,4.391612523023873],[115.87782965781678,4.39045317522313],[115.87546634289879,4.387675184265416],[115.870944787444,4.378819403922099],[115.86957145615136,4.375818427700861],[115.8677966832364,4.371934566303558],[115.8684298809708,4.371680365641966],[115.87074416256773,4.370752850581921],[115.86877770588181,4.359734462581433],[115.8725189158426,4.354816062196657],[115.8646485418395,4.340649466975527],[115.8646485418395,4.321167665394792],[115.8679572390757,4.307785899160872],[115.86897390997746,4.303656798379502],[115.86945106257305,4.298907882188926],[115.87054795977603,4.287916150044994],[115.86346687364492,4.285361071065811],[115.8601225609329,4.281031341512396],[115.85363011548864,4.281423722087053],[115.8483149204469,4.27827555937625],[115.84772626219507,4.2741420364947],[115.84477437697717,4.269223612702326],[115.82470394567923,4.261946331849356],[115.8243115627383,4.258008985921791],[115.82647422019568,4.249746273541509],[115.82585437269802,4.244533604175411],[115.82549322309005,4.241479115028986],[115.82603273583477,4.24048469315092],[115.82922998332174,4.234594207295288],[115.81742224698048,4.225939126984389],[115.80974812806016,4.225939137061185],[115.80286331527792,4.221413131077106],[115.79971513499967,4.223772022568133],[115.79853345210266,4.226723903176542],[115.79818571678028,4.228405018164587],[115.7944043822981,4.246598139975695],[115.78928527396545,4.2519089083896215],[115.76626745958153,4.248368403654932],[115.76538005058876,4.2428034332584135],[115.76351168815444,4.231053705863962],[115.75662236370653,4.218461194088282],[115.75229709205945,4.212753576340527],[115.74658939860998,4.210590922926539],[115.74285267534471,4.212753545683719],[115.73478619995309,4.212361182041504],[115.7339969302611,4.2094092207154015],[115.73557095264327,4.207442746088388],[115.72828930800671,4.18973124450348],[115.7158929494461,4.193668575787902],[115.70251567937422,4.192486913106453],[115.69425295973542,4.177334943261068],[115.69031558293061,4.175961499403415],[115.68145978092264,4.1543170731990235],[115.68303383115618,4.143690987665793],[115.68382315588373,4.137198546969511],[115.68269498076991,4.129667151163137],[115.68264142575374,4.12932822529901],[115.67693825434235,4.127357300953901],[115.67556042274018,4.122438917269119],[115.67870849063154,4.103550168008711],[115.67556042274018,4.09646910723596],[115.67851233011073,4.092531730906247],[115.67063752730964,4.076791134166233],[115.66965651433202,4.069906236386322],[115.66414509377016,4.059868811601204],[115.66001599564329,4.042161741952787],[115.6527342667596,4.032521131436009],[115.6537197647795,4.027798981089503],[115.65194946066404,4.017761539343469],[115.64899754404087,4.0102880969267956],[115.64840448342963,4.001039867459079],[115.64978235838903,3.9963177068210824],[115.64860066505584,3.987854319722773],[115.63915633343946,3.961688335258635],[115.63227141831203,3.9561768654738825],[115.62774548547121,3.949488233752829],[115.62735309302394,3.9465362761853364],[115.61672703569926,3.937484331392378],[115.60491933571288,3.9394508152914414],[115.60157946784406,3.9414083664884774],[115.59685285220826,3.944172971611559],[115.59062342127284,3.9425810808460353],[115.58071974157427,3.9400438715596073],[115.57993048962508,3.9370919470578416],[115.57049064701168,3.9244414522104045],[115.56950513063352,3.9231215396821475],[115.56084557742209,3.917217714553839],[115.57422732062443,3.9020657178639113],[115.57619380016672,3.8979365832303863],[115.57474907234888,3.89504705228122],[115.57461969607925,3.894788432015066],[115.5752261920106,3.8939100069365002],[115.57888266756295,3.888657146952951],[115.58268626679202,3.88317690303272],[115.58445646217831,3.885540288369577],[115.59173823336863,3.8892769709725497],[115.59340592630025,3.8870518927245064],[115.59704897927546,3.882195972523997],[115.59854282890652,3.8808626600579728],[115.60433069938627,3.8757034615143273],[115.61469362782174,3.875538518082706],[115.61672703569926,3.8755028187242795],[115.61751627586222,3.8650774447956935],[115.61515297512489,3.8452032438372847],[115.61692323936522,3.840088648708947],[115.61200482773388,3.82375493912748],[115.60649336276805,3.813721973914679],[115.60295287367471,3.800933254590481],[115.59449398678136,3.791292706931905],[115.58819765097034,3.7779109638093202],[115.5917382333686,3.7741742377249725],[115.5915420123015,3.7698444053151263],[115.59016412464803,3.7666962910408524],[115.58662361304049,3.764136799995337],[115.58583437741373,3.7550847981472755],[115.57835649645624,3.749185409188807],[115.57698306243444,3.7450518297983932],[115.57973435078159,3.735999819541902],[115.57953812145846,3.729507377798879],[115.57639003178566,3.7200629965575316],[115.5753644219476,3.7195100931089917],[115.57383494463149,3.7186851761234627],[115.57599756841311,3.7157332172827715],[115.57632308537833,3.7156351236911354],[115.5817052193121,3.7139630041246625],[115.58426032644351,3.709436951844264],[115.58091597008584,3.7027483466072413],[115.5830786306338,3.6976337726393154],[115.57335782264974,3.6856521381697838],[115.57206016609379,3.6840557623650776],[115.5721939705404,3.682932056378206],[115.57383494463149,3.668903778786931],[115.57329981988535,3.666268412654961],[115.57258192176931,3.662719003197709],[115.5704861296176,3.6523783221858737],[115.5707581669615,3.6496582895274],[115.57107917250181,3.6464744825218296],[115.57516376265113,3.644432228911521],[115.57737543410867,3.643326350410534],[115.58055477219648,3.6345820738508814],[115.5742139493123,3.6169641347118717],[115.58020251798703,3.5954668324029004],[115.5861955686229,3.5908828904931798],[115.58745304890687,3.58307500429682],[115.58795688868618,3.5799580994742604],[115.59031580825332,3.579133097360928],[115.59645599034553,3.576983878917685],[115.60100419465331,3.5753919807132264],[115.6020521160514,3.5750263091881895],[115.60910199708417,3.5563471485479803],[115.6119200937569,3.554233527566392],[115.61227239903863,3.5355543487870147],[115.60874968786307,3.5242772987057016],[115.6119200937569,3.5115911388565797],[115.6115678783721,3.506654884595723],[115.62284487659946,3.493264192160752],[115.62848564598309,3.477759914163633],[115.63941051078537,3.4724714356373476],[115.65315344932088,3.452030939448019],[115.65209659503878,3.445690049555241],[115.65702839708705,3.4400493078890193],[115.64889493723821,3.4319159113608224],[115.64857392944633,3.431590408190293],[115.64680810906319,3.4234881974555185],[115.63447424453098,3.4125633932509936],[115.62707659332233,3.4090362342636626],[115.62287170498159,3.4113014547689295],[115.62249267480792,3.4115065782034324],[115.61615179322818,3.4284199713001295],[115.61403373820932,3.439344755851471],[115.60698831586745,3.454144514666989],[115.59923401175737,3.461194352291738],[115.59253639639911,3.464717089004977],[115.58443423768449,3.4640124975782554],[115.57738437833352,3.4421629075644606],[115.57773663601658,3.431238156855893],[115.57852589402505,3.4288747827366577],[115.5794980082653,3.4259540667222796],[115.57844115008051,3.4174951530578808],[115.57386168729053,3.414677021183753],[115.56223237034048,3.4023431780178113],[115.56188009358992,3.395293288403392],[115.55800068391719,3.385425334514807],[115.54778035674492,3.3716823455552136],[115.544609962183,3.3646325697640838],[115.54425775420503,3.3417261561727942],[115.54420417301523,3.3410661605576792],[115.54320094697664,3.3286876978084003],[115.54303143820643,3.3282373388157955],[115.53826464093616,3.3156493273604304],[115.5340374817404,3.3096562661144477],[115.53333294919544,3.3026064182491734],[115.5304791094765,3.2974695657793585],[115.52804442751942,3.2930951634233963],[115.53089377324169,3.2867632815008667],[115.53121934125963,3.2860453203031708],[115.52487399706648,3.2574981929259983],[115.52487399706648,3.2448120667149984],[115.52472236927164,3.24428138308864],[115.52029449544862,3.2289554767577013],[115.519576555617,3.2230605521308737],[115.51747188375319,3.2056923357720626],[115.52111499593731,3.1891713889223765],[115.52205585773717,3.184904006921912],[115.52682265114355,3.1845338900357505],[115.53121934125963,3.184195034246537],[115.53861694658876,3.1810246236443707],[115.545666764246,3.1813768407624954],[115.54877922981443,3.1776445783380596],[115.55447793541656,3.170804355167842],[115.55095080676439,3.1598795463971667],[115.55518250664106,3.1545954799295877],[115.55482579395684,3.150693807642035],[115.55447793541656,3.146841154783011],[115.54637135703875,3.1394390087224315],[115.53756011869953,3.1433184325364962],[115.53262841493346,3.139791300443907],[115.52981026072129,3.1271051727659973],[115.52733988037843,3.11864624674449],[115.52170362228064,3.1176251201205343],[115.51958992946521,3.1172371718520795],[115.5146537628774,3.1105440425287028],[115.51480530556987,3.1073513542084683],[115.51500600689121,3.103141906304772],[115.5140918704391,3.1004843029419695],[115.51148327643588,3.092921691589547],[115.51344982250625,3.076324921921913],[115.51394918320271,3.07212889511071],[115.51782412434812,3.066492581994061],[115.51747188375319,3.0569768678326166],[115.50866518784741,3.0513361096716602],[115.50654706250289,3.042524907784665],[115.4980926619097,3.031952385541488],[115.48187937999244,3.0164480621542817],[115.45297993086642,3.027020627106103],[115.44364253115893,3.024318407890795],[115.4395892671031,3.023145664063021],[115.4350186466151,3.0190076133576205],[115.4321915985967,3.0164481001926817],[115.42550296838056,3.014040159274774],[115.42338035710671,3.013277637397207],[115.4201698358328,3.0045601336270127],[115.41844420136418,2.9998825244107867],[115.40822388342607,2.9931893899813975],[115.4036443739086,2.9843782450404683],[115.39307188363712,2.9840259328568255],[115.38990144696588,2.9808555226022113],[115.37474499541787,2.982969130567108],[115.36946095524108,2.9815600928402786],[115.35324761628752,2.981560089022144],[115.34831591347533,2.980503244702719],[115.33950474246433,2.978385180985762],[115.33069349693324,2.9752147887191946],[115.32505721511697,2.979094234907911],[115.3236437202541,2.9829691912401115],[115.3236437202541,2.989309994697476],[115.32483423203516,2.992640973248417],[115.32540950273577,2.9942462337464426],[115.32425905067353,2.9958158566322246],[115.3215300666429,2.9995302517139426],[115.32087015160181,3.014486088083449],[115.32087015160181,3.014490536950375],[115.31518919895065,3.0196185425429034],[115.31249151202333,3.020416671568117],[115.30567353662234,3.0224411145645105],[115.30414845314006,3.0324874450134147],[115.28481382602163,3.0482280812580522],[115.28471127292842,3.0483128352391575],[115.28230334544419,3.04538766748404],[115.28243709958932,3.042400069810031],[115.28265116036228,3.0374772003266406],[115.27852203120308,3.0288756205934444],[115.27714413527022,3.0264677118018026],[115.27043770260265,3.0185572355076564],[115.26630859132523,3.0154626030765415],[115.26424844666438,3.01391535210254],[115.26454274096207,3.0123590970048175],[115.26493516307163,3.010303424797054],[115.26373121516788,3.0078955225634916],[115.26080606897781,3.0041097347637815],[115.25830000631939,3.002776515477883],[115.25564686263644,3.0013584671129205],[115.25255223836096,2.996199297270182],[115.25269939108315,2.9945851199693303],[115.25358230595523,2.9848509266158123],[115.25203498739818,2.979687242139403],[115.24878430907445,2.9781310532236196],[115.2477364078221,2.9776271489813952],[115.24818230443562,2.9755982683937257],[115.24997040675761,2.9674782270323883],[115.24876649134569,2.9649008834938986],[115.24257725623164,2.964553080951179],[115.23501017749346,2.959224444564551],[115.22796029780943,2.958881129172976],[115.22164618736997,2.961404980578455],[115.22107985956222,2.961632331428776],[115.220714246977,2.9614361747205318],[115.21368222752774,2.957677151353636],[115.2081796832056,2.953721902524376],[115.19940866539933,2.94735432123193],[115.19751805497323,2.942712422009523],[115.19029428120592,2.933767424440504],[115.1818665328794,2.9315333956992813],[115.1703442134798,2.930672832295605],[115.16329442832439,2.927404280221682],[115.15108094594267,2.9121006481484204],[115.14781240006454,2.899026591405006],[115.1502203626805,2.884409650215445],[115.15159818142652,2.877703194692404],[115.15211541607457,2.870136051764979],[115.14179264057246,2.8687581726219675],[115.1395586011464,2.859643811331146],[115.14144928423612,2.8560319502833886],[115.13027032435242,2.851733386255729],[115.12734964342964,2.8482953760177705],[115.12786239313972,2.8451962911148763],[115.11960862524549,2.8391765502415525],[115.11909133830258,2.8362558372515116],[115.11290210818747,2.8353952131560356],[115.09897188121349,2.8300621525305676],[115.09398215759525,2.823529559007381],[115.09552943074087,2.8183659298474515],[115.1082557193668,2.8114899913748688],[115.12081257866886,2.8068436057979094],[115.12487482517253,2.8033432096864477],[115.12700174767038,2.8015149687267913],[115.1363123762818,2.805340879941316],[115.1395586011464,2.806674173881178],[115.15366277231897,2.793256702539855],[115.1545189131795,2.789475355850217],[115.1514242919623,2.787928083546529],[115.14093646570913,2.7772619047595724],[115.13852852386925,2.7629883016445014],[115.14317049554612,2.7554212416988983],[115.13801126730573,2.744242272703037],[115.13164813823995,2.737705257434564],[115.12511116064076,2.7332372096882085],[115.11823075992116,2.7287647542988083],[115.10619563311064,2.7218843177439704],[115.1015492386384,2.7210237005862905],[115.10137975605018,2.710879297365984],[115.0984546518059,2.703312147916027],[115.09604666480311,2.7014170811346165],[115.08943386129546,2.699584374049776],[115.08675840579977,2.6988397204409913],[115.08951856046812,2.698469588547027],[115.10223594534729,2.6967751555606663],[115.10739954595991,2.689551409885281],[115.11531006051196,2.686113452570693],[115.10997692690964,2.6823276353159646],[115.10877302363588,2.672869893909765],[115.1065389364863,2.668914645536781],[115.10541528165,2.6682413693162355],[115.10309656623816,2.666850087430705],[115.10620902502563,2.665182431985896],[115.11531006051196,2.660313081610306],[115.11960862524549,2.652059293303587],[115.11152421428591,2.645178854014997],[115.11341488083862,2.636407801014451],[115.09965859337257,2.6235076762193232],[115.09191754679736,2.6241988039091417],[115.09020085855556,2.6171444759195888],[115.09037025647993,2.611985341226408],[115.09260870784873,2.604074889969571],[115.10756902540295,2.5992590694582725],[115.1092902365939,2.593756494256032],[115.10791241780947,2.588766822047767],[115.11140386997737,2.586983132669443],[115.11531006051196,2.5849854941155073],[115.11892186489449,2.584124871706023],[115.11976018283379,2.5853466364814293],[115.12081257866886,2.586876151925571],[115.1244244119974,2.588080099021446],[115.12877650975372,2.58676021617253],[115.13405613161707,2.5851593435059868],[115.1399019595047,2.5942737852436806],[115.14024531749585,2.5987462755187667],[115.15125483559338,2.607517329239917],[115.16243378747625,2.606482804800522],[115.16624192243295,2.6085830223002486],[115.16741910307313,2.6092340623369488],[115.1761901017459,2.610611947216642],[115.18100594225447,2.6037315089917175],[115.18238380887146,2.5977117560529974],[115.19321945227324,2.5915225132298016],[115.19356275283221,2.584811542595349],[115.20267722370183,2.57346317840043],[115.20657886084587,2.5638315007058],[115.20788985870585,2.5557694177208217],[115.20347986203174,2.5472882196277884],[115.2077694602476,2.539658718392859],[115.21600095430057,2.5400689719411886],[115.2160099093252,2.5400689228460487],[115.21808782995689,2.5390031923465504],[115.22330057148758,2.5363322031223614],[115.22584219141449,2.536394636698627],[115.23015861968139,2.5365106173844563],[115.23586184705601,2.533250973584255],[115.23588409752539,2.5332019498019696],[115.24189049048336,2.5201457015434956],[115.24859699675812,2.5087972388210047],[115.24567188914362,2.5031208163146035],[115.23380620438365,2.4914246089008136],[115.22830365094188,2.487812761865132],[115.20904029033923,2.4793850501578247],[115.20835363205167,2.475947064763879],[115.20525456022489,2.472852439657472],[115.19476678952891,2.4766114673739303],[115.18606261376473,2.479728377024419],[115.18461781993129,2.480245678171031],[115.1765335112066,2.4800762005983663],[115.16191656952697,2.47646435032048],[115.14437445131247,2.4762904018187566],[115.13697684215802,2.47044451069689],[115.12906631575626,2.4554797900692362],[115.11788737846369,2.454966981425691],[115.11668341413916,2.447399879243774],[115.1137627007521,2.440345590325121],[115.10361378825155,2.431574538627877],[115.09862404543243,2.425211441600875],[115.10103201333514,2.414719134329616],[115.10327048177976,2.406982629987908],[115.0984546518059,2.4037141216909483],[115.09277819501,2.4023362001312956],[115.08710172970108,2.4025101178694226],[115.07110692281012,2.406639248676326],[115.04995297140032,2.404574728002532],[115.04840566386181,2.3945997050143863],[115.05339544893589,2.385828619644899],[115.03980850382925,2.3815300535943242],[115.03619663976144,2.3816994917196785],[115.02879901943335,2.3775704175498102],[115.02776895449591,2.3672520269938566],[115.02862958976458,2.363640121929191],[115.0128041879322,2.36398349007647],[115.00730166867642,2.361749483096927],[115.00506770665908,2.3589982081365313],[115.0026597610848,2.3548690746062713],[114.99870453048366,2.348849317311001],[114.99113744311866,2.348336507470473],[114.97944120102024,2.3602021540779874],[114.97837106410789,2.361834241778816],[114.9758293168895,2.3657047026594453],[114.97401896997033,2.3662219953728743],[114.96860561348626,2.3677693127940143],[114.96103848255557,2.36381408843273],[114.95312808245998,2.3495405006914036],[114.95364535740714,2.3416255528145937],[114.95312808245998,2.3356102554902387],[114.9503767530993,2.3251179851604933],[114.94865562192628,2.323053420632294],[114.9510635011927,2.3142823571820363],[114.9555360204965,2.3060285794229682],[114.96344645484402,2.2982875851830076],[114.96791890099585,2.2912377319934745],[114.96362035323128,2.2850440139549466],[114.95312808246,2.2791981330149103],[114.9462476350502,2.282636119637546],[114.93627267169981,2.279884864716289],[114.93524259475873,2.2743823494330746],[114.92836223834033,2.265780742781976],[114.92182514664748,2.261999382186072],[114.91752655940722,2.2561534905528733],[114.91322800877619,2.253228348951071],[114.90652149951958,2.254088959173951],[114.90256188777757,2.2592481282223074],[114.89103952354286,2.2607954464720192],[114.88106449397003,2.259760923752224],[114.87092003094456,2.261999390800858],[114.8621490340271,2.260795445338688],[114.85750261524393,2.255119004397305],[114.84649754955471,2.252885028489598],[114.83548806280973,2.2499598648640604],[114.83067665248622,2.245143988672449],[114.82551307479787,2.244457294439014],[114.81760256036607,2.263372806559423],[114.80848816462343,2.257263872014063],[114.80246840507905,2.25322836864301],[114.79885657278776,2.248755850513987],[114.8011530068197,2.240488672456458],[114.8022989540896,2.2363729815096196],[114.80178172504797,2.234482292620713],[114.79091485050371,2.2246276565627174],[114.78888154838204,2.222786074436016],[114.78779796116808,2.205301957603591],[114.78750813454126,2.200602041686834],[114.78291969481403,2.1981138422446223],[114.77924987876763,2.196129575097555],[114.75740917602457,2.1945822296944066],[114.7522500613542,2.190627053569279],[114.75517523237276,2.1765228883659185],[114.76153835289085,2.174801694096199],[114.76274230603448,2.172050443371342],[114.75861314298932,2.1613886764958417],[114.75259335849496,2.1551950039074637],[114.74743417491706,2.1521003781695778],[114.74227500821652,2.153991036992887],[114.73814588267079,2.1533043638037177],[114.73848919321053,2.142125403331859],[114.7429617117192,2.1326676329039516],[114.7494987811201,2.1378268061250423],[114.75861314298932,2.141955913635612],[114.7716827908654,2.1440160689095418],[114.78101568468753,2.143507733640748],[114.78423959845472,2.1433293646383498],[114.78681698765652,2.140234716906896],[114.78853819541787,2.133697721619122],[114.78501552525753,2.1310891413122146],[114.78389624102259,2.130259711281948],[114.80178172504797,2.1113397472667708],[114.8047068532063,2.1037726864998825],[114.80356535148341,2.099375970405831],[114.80092106367158,2.089155755803089],[114.8007471741367,2.08158864357996],[114.80728427523091,2.0764294689169414],[114.80883158887738,2.061981969889006],[114.78802094636875,2.0575095145633457],[114.78958609567356,2.0497015720821827],[114.78974214831754,2.0489123237074085],[114.80092106367158,2.0305096122086503],[114.8016078359346,2.0236292657222634],[114.80969214049004,2.023285903853924],[114.82327901475726,2.025350423701085],[114.83979110852464,2.03497766891973],[114.85475133603768,2.040828022661465],[114.85516607128208,2.0412114497722182],[114.85904997954407,2.0447832332339138],[114.86657245551933,2.039343088641715],[114.86713432110429,2.038937346321156],[114.87349741944651,2.0360121698024147],[114.88239335553266,2.030179630268977],[114.88398968494116,2.0291317427171855],[114.8891488661911,2.0225947125229453],[114.88708435180205,2.019330691408362],[114.88278578342177,2.016574938373846],[114.86851213301514,2.0115896994322076],[114.87343503136864,1.9959962051178415],[114.8717985400926,1.9896820863099192],[114.8687618698947,1.983372454842569],[114.85987934877042,1.980099466354642],[114.85964300726589,1.976830940657229],[114.85122869266202,1.9700531717107428],[114.85052861501742,1.9616388284233945],[114.85450167967163,1.9420053655059062],[114.858711041427,1.9370959033317074],[114.86642087389913,1.9363958256337916],[114.8673572560777,1.9300862133165506],[114.87553973995597,1.927045129603648],[114.88114924571822,1.920503640738336],[114.88254936695022,1.913725781196726],[114.87109841321268,1.9102164801658048],[114.86758915538464,1.9064797588437512],[114.86899376826511,1.9022703544811244],[114.85707457148497,1.8952606284070033],[114.84351888699783,1.8933922849075835],[114.83346805730238,1.895260615527262],[114.8215489193779,1.8926877163499316],[114.81827589695597,1.8901193011794255],[114.81850782873768,1.8863781018152603],[114.82061250533758,1.883105118380173],[114.80635678946072,1.8723542326036176],[114.79817432361276,1.861135120867401],[114.79957894218435,1.8534253539558987],[114.79466940972668,1.8492159708627673],[114.7834503558981,1.8485158953499126],[114.77620435027362,1.8496841940121564],[114.77166938578479,1.852867968805524],[114.76480682448222,1.8576882369943082],[114.75189770590144,1.8667447148989356],[114.7462882332162,1.8681493183555238],[114.73811019284933,1.866280960104602],[114.73506911728057,1.8634761789258707],[114.73483722199265,1.859966837162096],[114.73180055763103,1.8571620705599237],[114.719413225958,1.8564620036918658],[114.72034519379889,1.8527208242969009],[114.72572280456204,1.847815777015771],[114.72735933477344,1.8438427563974318],[114.72945956492349,1.8349602440076622],[114.72735933477344,1.8305189457303435],[114.7159039217051,1.82420934103432],[114.71123077579878,1.819299853934913],[114.70468477428847,1.8153267884849393],[114.7023482276986,1.8139266071459141],[114.70164813050222,1.806680621726707],[114.7095942637598,1.7991982201177361],[114.7096611194741,1.7915374647883893],[114.7096611194741,1.7915285799680318],[114.70966555840317,1.7915241076441544],[114.71473559554285,1.7854107013666218],[114.7121672034424,1.7632087920678596],[114.7133354472362,1.753157973776633],[114.70866226846422,1.7433390795860366],[114.71146259553868,1.732824531434706],[114.71684033735993,1.725810321577904],[114.71099886532173,1.7029083930325055],[114.71309909920822,1.692389405174639],[114.7121672034424,1.6701875139395153],[114.71309909920822,1.658968440789813],[114.70842600800405,1.649853991204655],[114.7049211277561,1.6362939076544614],[114.69393392755818,1.6339573224022892],[114.69089728539117,1.631152574434171],[114.68902884880934,1.6239065280756477],[114.69019716635637,1.620401650458969],[114.68248290429842,1.614323871963376],[114.68201469820332,1.6084824528500725],[114.67500503473882,1.6073141830468594],[114.66892724604064,1.6012364593782],[114.66261759785715,1.601004565602557],[114.65490339488036,1.5972633767335742],[114.65298594080875,1.5941955049051304],[114.65256680503525,1.5935266494220552],[114.64462071340148,1.5890854078452594],[114.6408661488923,1.5888088900093593],[114.63503806372147,1.5883808653265994],[114.63348629651074,1.5864723184879583],[114.63199695275556,1.5846441053397018],[114.62241434266438,1.5790345411969688],[114.62206213477148,1.5789230810275678],[114.60956320783322,1.5750615027209196],[114.60722669791832,1.561037609726417],[114.60278543165961,1.5400040337199992],[114.59974433215322,1.5336899374077906],[114.60760121102864,1.524825259559796],[114.61610472436716,1.515229286010895],[114.61250183445067,1.5082017579270888],[114.61143158982898,1.5061148748310331],[114.6055901809177,1.5002689826565354],[114.6058978212821,1.4928490885641925],[114.60605395206936,1.4890499005389906],[114.60044887987655,1.4862451204406164],[114.59776443276694,1.4842965052081711],[114.59530306876515,1.4825083901521985],[114.59407229015795,1.480412628319561],[114.59062985859902,1.4745623029749149],[114.5894615923855,1.4643687843898126],[114.58899345119346,1.4603020585675854],[114.58898003947448,1.4602128843081272],[114.5874684088463,1.4514463037042655],[114.58665681450289,1.4467464159435506],[114.58268381955023,1.4411368742854538],[114.57520586413621,1.4385684307333106],[114.57306552414286,1.4384926007218102],[114.56865992760672,1.4383320628100886],[114.55884543501743,1.43623188355138],[114.55624579446783,1.4345329264049835],[114.55276767721196,1.4322543548861906],[114.54852706498495,1.4340736755121262],[114.54458521407884,1.4357636536839427],[114.53477074229555,1.437163839143656],[114.53009761042796,1.4446417219300332],[114.51256885453806,1.4598338498998087],[114.50579099898546,1.46824817112035],[114.49574024340093,1.4745623139686028],[114.49203026520453,1.4746291809995349],[114.48288460704993,1.4747941726238456],[114.47914341631356,1.4724575885247788],[114.4735338752385,1.4743259351020288],[114.46582411636398,1.480403680944108],[114.465587795726,1.4825084154908572],[114.46509729624628,1.4828116458966447],[114.46068277365104,1.4855450341851786],[114.45343671879779,1.4871815355851243],[114.45015041441042,1.4892238088755367],[114.43507859308055,1.4985968295221317],[114.42562085058893,1.5044783879268313],[114.42094769631214,1.5098515930665866],[114.41652878821428,1.5109218297494673],[114.41323347807375,1.5117199859549284],[114.40739209677123,1.5149929852537924],[114.40724041973229,1.5190997785060374],[114.40716018409697,1.5213026048340184],[114.39196807385291,1.5208388259110752],[114.38472196107199,1.5177977626156052],[114.38582782189722,1.516691869656206],[114.38752672727698,1.5149929420633312],[114.38612212525707,1.5016736501759074],[114.37887609000583,1.4930229750909094],[114.37609810234494,1.4930229663551773],[114.36789332246647,1.493022938809562],[114.36438853098943,1.4895181172146597],[114.35410138669644,1.4895181439406717],[114.33259959946079,1.484144914267377],[114.33096303576794,1.4799354755458143],[114.326289889217,1.4764306592240997],[114.3160072409666,1.4738577599501872],[114.30712468080304,1.4717575092983977],[114.3036198301098,1.4682482323064816],[114.29894674109488,1.458433738324777],[114.28725494982055,1.4541262605117466],[114.28118162018399,1.4518877872240357],[114.28103007830069,1.4518744074699241],[114.26949432646852,1.4507194709096527],[114.24846074375625,1.451419584632971],[114.24191478069025,1.4483828904490652],[114.23630527528464,1.4451099146002009],[114.23687159847609,1.4426618777217708],[114.23770992594731,1.4390321690957453],[114.22787754740199,1.4293514751179335],[114.22204954041455,1.4236081431219185],[114.22217434611689,1.4209059042661256],[114.22228581862149,1.4184667941906537],[114.21877655247168,1.4137936921898315],[114.21451813917461,1.4124648574990042],[114.20565342372795,1.409704684270432],[114.2057782341358,1.409508441474533],[114.19976742959506,1.40770253939079],[114.19611539031051,1.4075375262072929],[114.19365839666206,1.4073235092405474],[114.19015361702007,1.4060660373571763],[114.18854381095299,1.4046257800802504],[114.18716594216725,1.4023293315265335],[114.18601103262523,1.4001934110846885],[114.18463324660839,1.3978969965526422],[114.18233674557007,1.3964031766417944],[114.17907715758494,1.3958413180391378],[114.17604051410616,1.396429910725142],[114.172330584776,1.3973083977768077],[114.16998947978892,1.3969605551980588],[114.16787142585687,1.3961133543817563],[114.16540556615833,1.3944991097839103],[114.15639371794934,1.3876722518347766],[114.15232257376081,1.3845776322068823],[114.1492145342915,1.381184287990489],[114.14772078799075,1.3785980016740975],[114.14838964513022,1.3761098015042594],[114.15009303548818,1.374094281089498],[114.15145305788296,1.371606095540288],[114.15222895460542,1.3680343945486448],[114.15193013519291,1.3650958123600418],[114.15123007690767,1.3625541591921104],[114.15042297193202,1.3599143483601446],[114.14942862602724,1.3569178241213582],[114.14890246818752,1.3546659695642576],[114.14842085178631,1.3498278254542118],[114.14840751638411,1.3468893081437052],[114.1485055814753,1.3444100581939218],[114.1487195828344,1.3419842976094805],[114.14922351526045,1.3379532843159352],[114.1501554485598,1.3312066300086571],[114.15076633418022,1.3272781614491904],[114.15137277385874,1.324223727901789],[114.15210848341526,1.321628496380142],[114.15271945707408,1.3182261994019573],[114.1530449464851,1.3153946872161042],[114.15314301055587,1.3128084287556414],[114.15284872756263,1.310676951436065],[114.15209070302599,1.3084295655705072],[114.15047649473051,1.3054374937754127],[114.14897821681132,1.3033104990889415],[114.14454585743883,1.2972684241939447],[114.14224942095157,1.2952083545960367],[114.14172325465337,1.2926086466685758],[114.14279345810924,1.2901338797533108],[114.14512554385469,1.2881094557349766],[114.1478055178127,1.2861340876836937],[114.15013757737594,1.2851485657868698],[114.15231368357054,1.2841007266970823],[114.15419096123817,1.2824820536359989],[114.15463238432412,1.2800607945749434],[114.15410623263028,1.2780987673344184],[114.15409280668239,1.2757978882185543],[114.15539484959712,1.2731402326057588],[114.15772251509118,1.2707055618829686],[114.15965329162393,1.2687435505706575],[114.16078150930147,1.2663757634474595],[114.15990302920844,1.2624606858484733],[114.15778492709305,1.2604496235818885],[114.15440495986658,1.2596558892964036],[114.15103830229368,1.2599546869328782],[114.14794821585974,1.259218920328496],[114.1454243678259,1.2576626985998063],[114.14364067423557,1.255945943794446],[114.14168760232835,1.2538724286143126],[114.13706801673908,1.2451905922075475],[114.13573471285088,1.242367976489717],[114.13457531494225,1.2391484841233682],[114.13393319953703,1.2363258969561692],[114.13277388769241,1.2329236103591308],[114.13099023444134,1.2301678550274362],[114.12949198200948,1.2285537033346232],[114.12719555912733,1.2257979403898307],[114.12598261345849,1.2237244997273722],[114.12591575166125,1.2213655911140127],[114.12715981492627,1.219403591398242],[114.12926454476704,1.2183512937153003],[114.13200240251106,1.2171339364129976],[114.13450845442371,1.2148820632630237],[114.13621625219653,1.2125098430697332],[114.13909241388002,1.2067887913400137],[114.13993074657915,1.2032705603392009],[114.13973896711306,1.198891753863018],[114.13903888971755,1.1965864202241383],[114.13793746989671,1.1939421419669471],[114.13302799488012,1.1829459881558724],[114.13175274004239,1.1808814475308937],[114.12986203222698,1.1790353718349869],[114.12410095357797,1.172489386102379],[114.12196943649343,1.1695552940631686],[114.12052023499717,1.1656402079226633],[114.11999404324263,1.163343763555138],[114.1196997384833,1.161207899820028],[114.11882580463107,1.158331786452816],[114.1180721680069,1.15619583066797],[114.11674343471562,1.1543631524802263],[114.11330990302427,1.1520622700265823],[114.10952859697831,1.1501180660600463],[114.1033393041364,1.1483523270141447],[114.09900067023726,1.1486599881472592],[114.09620481923365,1.1494179975144114],[114.09415355587213,1.1505238938271962],[114.09256617708367,1.1517858305537247],[114.09119273069032,1.153524829402929],[114.08994865941564,1.1554868303563737],[114.08870903047328,1.157564783995176],[114.08643934762759,1.1610384457185525],[114.08370148687536,1.1623137674102777],[114.08033040074703,1.1616359877788538],[114.07853783113659,1.1597364087559183],[114.07324936067093,1.1526686945482925],[114.07192049666607,1.1505997116578064],[114.07048020916667,1.148753630811289],[114.06842012021401,1.1469164902165507],[114.06635113016954,1.1457793840031134],[114.06015744234304,1.14262681110804],[114.05798134786801,1.1414272921655677],[114.05620665689432,1.140049451534858],[114.05402165172409,1.1376905936827155],[114.0515513612617,1.1352202458567282],[114.04931733628575,1.1336194509688682],[114.04645458193284,1.1324689740531486],[114.04148269337846,1.13283909161903],[114.03919962109373,1.1344042472325133],[114.03766567987434,1.1359024982055297],[114.03607828812716,1.1382122757685382],[114.03489658788392,1.1408163885871165],[114.03303714841262,1.1453735899022381],[114.03001386479328,1.1472286178364848],[114.02761041387586,1.1472910406536043],[114.02503753626206,1.1467826844186735],[114.02263850617668,1.1462743717047477],[114.01897315145102,1.1440938680221],[114.01741246552773,1.1428274879974318],[114.01534343029059,1.1403036038867405],[114.01219081326325,1.1388766918029893],[114.00997021194289,1.1398041946531314],[114.00798589967621,1.1422299617408436],[114.00696474739135,1.1439645372235292],[114.00560919676444,1.1454672582306398],[114.0040128943451,1.1466890431583745],[114.00171639093054,1.1480713420616722],[113.999223773281,1.1477993848633414],[113.9954915375201,1.1453735876133189],[113.99291857546214,1.1445174896632349],[113.98875378310369,1.1442231609307403],[113.98613187089592,1.1442231788198907],[113.9831709948502,1.1425599331313807],[113.98214543319806,1.140490870134466],[113.98134728861237,1.1382524116379138],[113.98100833766551,1.1356750979638293],[113.98078091823403,1.1333250958651113],[113.98015664861553,1.1294278434084977],[113.9791355272543,1.1270734770685398],[113.97628614063002,1.1252407699875797],[113.97406110617761,1.125120404288981],[113.97200985084442,1.12541019295526],[113.96971791224674,1.1254637290865372],[113.96772916679096,1.1246031358102548],[113.96487535621847,1.1215575534878324],[113.96248527909815,1.1189757413504353],[113.96026462762497,1.1162824643879992],[113.9587841573706,1.1143918099434904],[113.95627370940396,1.1094511165914864],[113.95531497656938,1.106927221493102],[113.95519908266627,1.1045773299910522],[113.9556048473376,1.1025796498572042],[113.95634504253572,1.099645553233984],[113.95675080624358,1.0971885619182349],[113.95675080624359,1.0947806829001463],[113.95623804283414,1.0927740664961907],[113.9554443021528,1.0906470457450042],[113.9544232190071,1.0886940073058842],[113.95225607609483,1.0856573546993147],[113.95077567203381,1.0833653772877878],[113.95100310566446,1.0803286857581285],[113.95066867109877,1.0772251421298717],[113.94861740686811,1.07389865335705],[113.94730198667764,1.0723513637033653],[113.9457681118314,1.0704607113142786],[113.94474691750791,1.0680528013259312],[113.9436633709841,1.0651231876995562],[113.94155871176334,1.0627687805813246],[113.93932916070032,1.061448867081454],[113.93670716071462,1.0610520337330644],[113.93459357702457,1.061332936814811],[113.93122696269978,1.0620731661166],[113.92774887192022,1.0627063520428053],[113.92386496554187,1.06310318760343],[113.92004356293555,1.063210237838574],[113.91628448408977,1.0628668906364114],[113.91286437532123,1.0624566460961178],[113.90914998790146,1.0618234481161455],[113.90584573519578,1.0610832520819657],[113.90197082286961,1.0597588509407208],[113.89997308728911,1.058719933478333],[113.8976365160732,1.05682922780058],[113.89615612825877,1.0548226165989947],[113.89421192123137,1.0518350729116779],[113.89262450956734,1.0482811702834556],[113.89159449097863,1.045810784743898],[113.88898585132858,1.037962815371498],[113.88995351845679,1.0349217068208858],[113.89104598796203,1.0331425114058292],[113.89162571469657,1.0288439186531528],[113.89173717609225,1.0260302016934584],[113.89225890222711,1.0229400660098025],[113.89311056359567,1.0206436175142364],[113.8941405790357,1.018815434319472],[113.89648606179387,1.0170986408739775],[113.89899654472795,1.0160017131367611],[113.90218929350834,1.0154354192888329],[113.9062426460514,1.0141779542816258],[113.90863717441697,1.0132637984692812],[113.91183430817661,1.0114267016920846],[113.91383199568588,1.0098303316427626],[113.91543731006395,1.0078727610617462],[113.91766234135764,1.0043857491451633],[113.91852739159181,1.0018618839519435],[113.91807703198133,0.9969479639642924],[113.91813058141251,0.9935590523406251],[113.91847838028785,0.990156763725565],[113.91831337552858,0.9867009740080549],[113.91751966374093,0.9826788585628486],[113.91654760330167,0.9791026801915523],[113.91262802915152,0.9659705967381784],[113.91200376249344,0.9640085996522293],[113.91075077940818,0.9604368612887207],[113.91006406526775,0.9584837759343016],[113.90892698217391,0.9559510338313767],[113.90784344700644,0.954211945321456],[113.90642544458635,0.9527671856481267],[113.90448572539631,0.9516791968268703],[113.90202873075917,0.9509835750769822],[113.89934435711507,0.9501675427283781],[113.89632558795887,0.9489546966161377],[113.89387309109357,0.9471086084570143],[113.89142502966125,0.9439961516111214],[113.89017644197412,0.9421545285088696],[113.88373748827475,0.9328082693729864],[113.88173541316331,0.9303958796522017],[113.88008996045257,0.9279701342533625],[113.8787745383723,0.925040493157179],[113.87798530161345,0.921981542387609],[113.87781583566247,0.9184633691625649],[113.8786854032425,0.9153508597944091],[113.87959944602774,0.9120778787555075],[113.87999637788951,0.9087424805193262],[113.87954598319396,0.9052867178523729],[113.8786942986024,0.9028609752921777],[113.87755723432271,0.9007384203029053],[113.87596087412294,0.8983661604433836],[113.87493971648986,0.8962302360772805],[113.87459633474772,0.8927833832563863],[113.87585385690087,0.8890421803013899],[113.87688390805788,0.8870266779578929],[113.87951475871793,0.8836957328889453],[113.88128057238178,0.8820859815137181],[113.88528480897985,0.8786970957933231],[113.88739842295212,0.8769802918275296],[113.89327112923817,0.8722670515516608],[113.89670017810246,0.8697967130193716],[113.89950492073633,0.8678436227775731],[113.90258611654016,0.8654847901691017],[113.90538202165114,0.8630099377377377],[113.90778544903574,0.8608829484713846],[113.91018895546026,0.8586489835462086],[113.92149274788686,0.8476706645975604],[113.92394973601014,0.8451378719108077],[113.9253231244619,0.8434746516038256],[113.92640662103545,0.8408883289031125],[113.92623726245647,0.8376064629210054],[113.92516256927033,0.834440477353019],[113.92436442131184,0.8320147178262259],[113.92379807491575,0.829548866655064],[113.92368217349718,0.8270696261522654],[113.92346362164805,0.8245903365802582],[113.9226074746978,0.8221199858013802],[113.92084616523908,0.8196318242780898],[113.91787644846669,0.8169206811953555],[113.91599912801378,0.8155428324966663],[113.91372053927721,0.8139241706768332],[113.91012651036795,0.8116188126762356],[113.90807525729377,0.810169580528718],[113.90601963900811,0.8087248425782084],[113.90396845960662,0.8071017503229003],[113.90209117687698,0.805612422905748],[113.9004368966784,0.8041632301768714],[113.89884051920654,0.8027273990196048],[113.8955318407648,0.7993251045463475],[113.8930303261381,0.7964935769292277],[113.89126001585363,0.7937868810882919],[113.89000698017263,0.7903845884260821],[113.88881647988804,0.7871027085725056],[113.88773290067759,0.7834149884970159],[113.8874608709136,0.7801286649869142],[113.88780424379426,0.777190099263987],[113.8885400031252,0.7740954951476897],[113.88941399956259,0.7704702029754978],[113.88981528041106,0.7678750346568479],[113.88999363743594,0.7651728022206961],[113.88994017571866,0.7627025077815355],[113.88976181867457,0.7605665820192649],[113.89045736540083,0.7580872828607083],[113.89245060104486,0.7561342476589509],[113.89455973697977,0.7538912699173026],[113.89587965558664,0.7513050290446668],[113.89685175678126,0.7481747540746276],[113.89714157145532,0.7451470081604566],[113.89634782556918,0.7416911834566003],[113.89486743390235,0.7385831786096807],[113.89292776013839,0.7359300666359451],[113.88906173261978,0.7307931273867388],[113.88410764028367,0.7234757920127829],[113.88200290763783,0.7201358715230848],[113.87995171966699,0.7174782571217538],[113.87756168201273,0.7149990232601173],[113.87476135407593,0.7128006513698791],[113.87265222505314,0.7118241660011637],[113.87008823617003,0.7118152329371237],[113.86665918574491,0.7123904349401652],[113.8644430029556,0.7127872987095475],[113.86021575354307,0.712831864809639],[113.85593500326276,0.7117929231861033],[113.8536519639392,0.710976940390604],[113.84903683617485,0.7092958282157416],[113.84681612792032,0.7082657576316863],[113.84367249829961,0.7056572338111184],[113.8416837891525,0.7027186547379787],[113.84043072046583,0.6989729966004352],[113.83981535040918,0.6956375912691567],[113.83884332018836,0.6916021025185317],[113.83754122524097,0.6884896526925632],[113.83634170453693,0.6848020153551683],[113.83594491982167,0.6824386775101965],[113.83635069142119,0.6782961364746445],[113.83760812743998,0.6747333529052656],[113.84088115017754,0.6667292423806273],[113.84323995381611,0.6656457032040662],[113.84636134629147,0.6642098308341561],[113.85166765116242,0.6632422213877068],[113.85692052581024,0.6626268738354766],[113.85993926096472,0.6623370317513041],[113.86576291050059,0.6618331730551307],[113.86867466455445,0.661726170275135],[113.87123866067452,0.6616190914602302],[113.87471678615492,0.6614451815432715],[113.87745466513365,0.6610483509234216],[113.88014351399676,0.6604240947264995],[113.88254697298379,0.6578912947823276],[113.88317118602973,0.6547253537687019],[113.88323363452173,0.651969649731498],[113.88329163536703,0.6495527586543081],[113.88358145795607,0.645865109228273],[113.88415665499694,0.6429265835517673],[113.88575752733956,0.6414327942912803],[113.88901707521059,0.6411518547110424],[113.89220534998731,0.6420303175118237],[113.89522414425483,0.643697984613081],[113.89682053339256,0.6453166487795742],[113.89830091921998,0.6479653428470944],[113.89920612168883,0.6501637189577907],[113.90205550634843,0.6531557734422144],[113.90387932900168,0.6543150882544349],[113.9058769580142,0.6553540853050772],[113.90810203255485,0.6561611907266565],[113.91220888654819,0.6568033096058497],[113.91443847058716,0.6566427316920054],[113.91893763416604,0.655438813058971],[113.92340126900544,0.6535481496229395],[113.92584926227536,0.6532627565222076],[113.92881902143029,0.6530977902840117],[113.93183786325163,0.6539138228274567],[113.93451779351595,0.6554700186183358],[113.93794237949908,0.6576594483722432],[113.93976615932327,0.658528933748994],[113.94375703219137,0.6597507649466525],[113.94574578570762,0.6599781746146451],[113.94802885342992,0.6601030008939387],[113.95036990330748,0.6599335912314106],[113.95277329074129,0.6593627851717394],[113.95659479916836,0.6578154970716892],[113.96170044255777,0.6569682502713555],[113.96561553717045,0.6573116383846077],[113.96834446812706,0.6589392140895829],[113.96994089008399,0.6613025047340806],[113.97216149684077,0.664530915741646],[113.97392289197442,0.666149536062826],[113.97751690204153,0.6674159399101465],[113.98128485268627,0.6671929650768326],[113.98522220228908,0.66559217848804],[113.98721985913076,0.6644417195650346],[113.99127322639222,0.6618019625366741],[113.99396652853771,0.6600227438241595],[113.99738216071628,0.6576148283762988],[114.00125267865059,0.6534767871026663],[114.00444983400587,0.6520365260337901],[114.00703616369422,0.6533029224125809],[114.00862800941067,0.6561166063492664],[114.00931476458732,0.6588678806052156],[114.01000142802017,0.66104832888974],[114.01080406162353,0.6631173902415535],[114.01280179212762,0.6661584780921852],[114.0143446168579,0.6676389134689446],[114.01623525537492,0.6686823400508257],[114.0180590088159,0.6695429650280184],[114.02343667187144,0.6709698504901731],[114.02778436435644,0.6711526786802647],[114.03327352593737,0.671317675409534],[114.03693441324846,0.6718973352582153],[114.04191524271494,0.6732618385428304],[114.04579909490425,0.6744122966953668],[114.05043212707251,0.6772170714167512],[114.05654999965368,0.6827909516310708],[114.05901137143046,0.6856001404335657],[114.06009501689266,0.6873213865850283],[114.06163786668539,0.6896089150184717],[114.06375142824717,0.6913925510009007],[114.06644476707268,0.6917358742080985],[114.06981577364444,0.6917894228208655],[114.07542538306026,0.6928328229731381],[114.07839066536965,0.6950668122903566],[114.08097250134155,0.6967211401088936],[114.08485194202406,0.6966141582755188],[114.0895518115791,0.6956911250418552],[114.09246800910105,0.6955841048500385],[114.09480906476179,0.6955841113200095],[114.09818458037866,0.6964893050892581],[114.1002447167967,0.6974747422182095],[114.10447637301787,0.6983264163486237],[114.10681745759378,0.6981569725564615],[114.10977382623416,0.6975282665890663],[114.1120836742696,0.696609716210021],[114.11482154564592,0.6952808970013983],[114.11929402581232,0.691847393045758],[114.12426588603947,0.6869690780340146],[114.12626802340668,0.6850293874116761],[114.12804271400553,0.6838165076637381],[114.13067806490984,0.682153252125304],[114.14028300732383,0.6783006126239625],[114.14222719497391,0.6777209366356864],[114.14520138383716,0.6764768496858793],[114.14812656567511,0.6749205872742101],[114.1517785482194,0.6701538631894643],[114.15275510851784,0.6679733685715239],[114.15355776418528,0.665966762564152],[114.15407502637237,0.6635498870942304],[114.1544807982706,0.6597641132294446],[114.15544837179802,0.6559828116087871],[114.15670586951904,0.6540386476372635],[114.15865452131155,0.6522549861586068],[114.16036231739623,0.6508191615319413],[114.16310914656853,0.647256331086007],[114.16414809307702,0.6454281447197528],[114.16517814721794,0.6434126187605371],[114.1699850348707,0.6331388308998159],[114.1709526652929,0.6307309151688866],[114.17146101739152,0.6284433745224929],[114.17175084313901,0.6241938787538437],[114.17180436336581,0.6214961243968702],[114.17146101739152,0.6189098650339463],[114.17112656096414,0.6165064002369448],[114.16774660468272,0.6122613105725921],[114.16386270733194,0.6106515657868209],[114.16203445621544,0.6097374817800623],[114.15282641139676,0.6021123921952418],[114.15053446263553,0.5998159456091485],[114.14910757910197,0.59797883152028],[114.14824694722435,0.5960257131372717],[114.14767615514445,0.5938987705653687],[114.14750669543535,0.5875935860154998],[114.14870624744113,0.5846104742883536],[114.15157343853399,0.5829471732510405],[114.153976871791,0.582260489223528],[114.15643381415278,0.5817343386126069],[114.15900232223647,0.58145784936277],[114.16134774885312,0.5812215138659123],[114.16346583397043,0.5811679979407995],[114.17027486158564,0.5805259328802856],[114.17587995494631,0.5789161961504607],[114.1781675092587,0.5776720846868669],[114.18125765716657,0.5755985833062832],[114.18492306369771,0.5720893156044347],[114.18657742125299,0.5696323018512204],[114.18766094134563,0.5677862528569348],[114.18875788366145,0.5633182433918322],[114.18846806910106,0.5610217994089925],[114.18772779385823,0.5569417190443176],[114.18789723817291,0.554881621229069],[114.19270415020479,0.5433414637056025],[114.19424255411455,0.5411698738876006],[114.1972747178908,0.5403003654784664],[114.19996807226865,0.5392703350433699],[114.20351304666586,0.5366840234080468],[114.20791415555018,0.5339372085991868],[114.2101437640677,0.5326708633963736],[114.21249363446236,0.5327332321002752],[114.21495061279467,0.5339282770893422],[114.21764394867785,0.53243894930592],[114.22101499408912,0.5299150953299093],[114.22456442280277,0.5297991712921526],[114.22696791001847,0.5316318533567485],[114.2293089820752,0.5319217319574824],[114.23182835726335,0.5307757209934802],[114.23405339858105,0.5303164032207435],[114.23691613154622,0.5300801215364789],[114.24052356703724,0.5312840478456841],[114.2423562966718,0.5329473193694638],[114.24366723730408,0.535074265058404],[114.24607070877802,0.5355826392584522],[114.25007495308138,0.5347220018488485],[114.25235803582821,0.5335760238094045],[114.25568455078033,0.5310521743521339],[114.25917156830901,0.5299686282797365],[114.26226168345889,0.531395515172772],[114.2644287956621,0.5349494543111599],[114.26620356121127,0.5368980879830372],[114.27158567461055,0.5394843098971556],[114.27913049483952,0.5405055009855814],[114.28124854889793,0.5405099210202398],[114.28341565504176,0.5403360179193191],[114.28692049226734,0.5393060036377079],[114.28840097278771,0.5376427248123578],[114.29108976608032,0.5354087523194069],[114.29354674719151,0.5357966735700697],[114.29531703797039,0.5372369290352595],[114.2972032178941,0.5381510810564972],[114.29995897152786,0.5373439405687318],[114.30310256539364,0.5354577409926604],[114.30516273339101,0.5357386812838516],[114.30699092225743,0.536831182906217],[114.30882363733336,0.5386683248596188],[114.31099078310955,0.5407373249781401],[114.31551229927959,0.5412991994742911],[114.32272262950782,0.5397028138192389],[114.32529558630925,0.5388957366840876],[114.32930878324832,0.5372235442510581],[114.3377587046471,0.5344723402390568],[114.34795222601647,0.5321713980061072],[114.34995441279058,0.5318905187662583],[114.35217946645714,0.5310878860649625],[114.35423957310596,0.5298749928127082],[114.35768197748276,0.5273422094243869],[114.35990708014899,0.5255095433312591],[114.3619092089116,0.5238552201431831],[114.36367948121877,0.5222454552280839],[114.36660915452629,0.5188610121426732],[114.36917757706122,0.5152892622367482],[114.37037705126582,0.5134654840115146],[114.37192433063562,0.5113920277613574],[114.37512150903856,0.5080031187357351],[114.37683832061981,0.5067456193971439],[114.38056160548894,0.5056575881568094],[114.3833084640261,0.5058760714503165],[114.38708527367771,0.5059964921616508],[114.39073729276852,0.505590722271724],[114.39423324531309,0.5040969443239401],[114.39629332185402,0.5019743715700823],[114.39823751971336,0.499450547512825],[114.40069449959307,0.4969266663346252],[114.4036731370978,0.49583417525156365],[114.40693724680757,0.49514752859726396],[114.40905083968747,0.4952545430244959],[114.41105744171422,0.4955978981936699],[114.41465593697113,0.4970381424561625],[114.41853979539641,0.4987593527312447],[114.42707010032204,0.5015641720815848],[114.42987040298654,0.5031114846121714],[114.43141772751129,0.5048282021864936],[114.43238974306671,0.5067813229558799],[114.43267966107261,0.5115480781712791],[114.43267966107261,0.5149949716669058],[114.43227388459302,0.5190081560422783],[114.43199294125385,0.5217594033078107],[114.43141772751129,0.5270434192355008],[114.43102083408118,0.5296297129162062],[114.429879287337,0.5327867622329355],[114.42758285751538,0.5350742671948435],[114.42563426791305,0.5365636194108329],[114.42449270587132,0.5384097248230255],[114.42489404797799,0.5412768729749603],[114.42643685879096,0.5431765062208923],[114.42855053081858,0.5452365976521314],[114.43148009903338,0.5466679392517619],[114.43524802810306,0.5480458291977807],[114.43896696828827,0.5497090689245275],[114.44738125678296,0.5550466307362419],[114.45241562127426,0.5584845603196292],[114.45367304666026,0.5608924928066907],[114.4543597292394,0.5644553268911996],[114.4551624438093,0.566577837403118],[114.45727605468998,0.5695029883368642],[114.46018782627328,0.5708764252801602],[114.46276961367995,0.570015795983626],[114.46740710747814,0.5682901628339111],[114.47352499186103,0.5666268915298839],[114.47701197412619,0.56731802823266],[114.47953582014709,0.5693781714492467],[114.48313877431896,0.5713312613253194],[114.4866258529308,0.5724192658464211],[114.48862354438859,0.5726466573281569],[114.49148622880857,0.5727625888700161],[114.49400118981956,0.5715541863166758],[114.50006998743842,0.568169765434053],[114.50264734439472,0.566163150121163],[114.50481454086092,0.5636838681308369],[114.50726252484124,0.5637507659203452],[114.5162342259987,0.5642011562478023],[114.5184103200655,0.5647183897792315],[114.52024298263352,0.5664396383843429],[114.52665514904163,0.5741270677409221],[114.52785469377541,0.5764235489841177],[114.52773877268939,0.5795894999862871],[114.52797061482683,0.5816540737751932],[114.52974087633946,0.5832637878295025],[114.53259918087842,0.5837141738930657],[114.53483762909421,0.5845212810009098],[114.5364294952396,0.5866928306120351],[114.53695126410669,0.5896314222440179],[114.5376870141121,0.5915755679940651],[114.54009047250422,0.594326846242548],[114.54129885747611,0.5967391702806201],[114.54043378364167,0.6001236817711794],[114.53871704364283,0.6019697140729884],[114.53683534574101,0.6044891479888115],[114.53546190532457,0.6073028372303784],[114.53483762909421,0.6105757784802558],[114.53449431299161,0.6140137455125305],[114.53460579106253,0.6160872097826913],[114.5349491070663,0.6187805561216662],[114.5356358287931,0.6226777669927029],[114.53677290025834,0.6252016149823844],[114.53929228199442,0.630142339481486],[114.54152625058066,0.6315246175168838],[114.54449603392634,0.6306506504847873],[114.5482729403448,0.6294466941148367],[114.55079677848329,0.6291033664337352],[114.55331615930507,0.6293397114622136],[114.55628141106688,0.6304232401276578],[114.55834154929171,0.6310520014893867],[114.56120426393669,0.6287644574291423],[114.56337584550315,0.6285370792131055],[114.5659576752286,0.629045355452849],[114.56973455201764,0.6306551333840459],[114.57344895200829,0.6313953553389593],[114.5759059261649,0.6314622046210594],[114.57859922727155,0.6314621970627483],[114.58117660438398,0.6303652712456828],[114.58472605396528,0.62875997166733],[114.58649632595689,0.6272037741492338],[114.58872141069283,0.6261157341420798],[114.59100891907254,0.6278904589551677],[114.5916420751808,0.6313997971506146],[114.5935818624652,0.6352346026663734],[114.59811231368168,0.6394797021222421],[114.60223248981745,0.6443624086449763],[114.6046314650107,0.6467702850917988],[114.60869819793552,0.6470066219347658],[114.61184633150096,0.6443534704505393],[114.61310378341926,0.6420124396094207],[114.61390644095904,0.6396001066467952],[114.6161938877765,0.6404027046796053],[114.61693410636308,0.6451070779450558],[114.61779030793073,0.6504446305267327],[114.61859295548969,0.6523352613080705],[114.62110790071907,0.6562414281783887],[114.62305650732536,0.6581321036873988],[114.62694481039436,0.6607629534998811],[114.6288889468337,0.6614585830663641],[114.63250083129242,0.6624841566887654],[114.63444502953968,0.6655341839236725],[114.6347259167405,0.6697837173674391],[114.63564450702512,0.6716744134600797],[114.6372453749025,0.6735115460086757],[114.63913155960587,0.6751747698459186],[114.64164645774552,0.6763252121375196],[114.64427731520395,0.6774622940811517],[114.64839752908664,0.6802224573105474],[114.65006076917598,0.6820061227782613],[114.65183997573374,0.6851631579731646],[114.65418100973798,0.6919276245358756],[114.65492124383704,0.6941705622167899],[114.65538051441227,0.6971001961829275],[114.65647301254718,0.702147912768444],[114.65761452379759,0.7041589482306615],[114.66059318209233,0.7066827908441449],[114.66287182687617,0.7075389321341672],[114.66499435152075,0.7075969380903738],[114.66765639176417,0.7074230348241326],[114.67025608002193,0.7072000300098481],[114.67231613925436,0.7070796712927495],[114.67443870038011,0.7071376076032141],[114.67643640449607,0.7074809990203339],[114.67883979584008,0.7086314257639574],[114.68061007635197,0.7097150156485155],[114.68255429480402,0.7109278623528096],[114.68466791861118,0.7128720517818996],[114.68645601857813,0.7155207510169441],[114.68782936260497,0.7172330479763118],[114.69503084144455,0.7237165884300627],[114.69886566577152,0.7267041849290891],[114.70132263195838,0.7282603588870388],[114.7036190528867,0.7288846558556306],[114.70573264608981,0.7288846896343355],[114.70768126112971,0.727961627030307],[114.7072844728557,0.7249249520147426],[114.70321773060974,0.7201581947052823],[114.7013315100188,0.7181560729155839],[114.69926255375874,0.716095959958945],[114.69715336232208,0.7133268797194512],[114.69594493384717,0.7112087618380268],[114.69623483383651,0.7089123437871727],[114.69892808438549,0.7080428280973068],[114.70573264608981,0.7060362321175453],[114.70859541256729,0.7055234524795484],[114.71225634376435,0.7050641270227807],[114.71444127133498,0.7052335650633303],[114.71884243071351,0.7069012769848123],[114.72747972353656,0.7117750758332401],[114.73148396332307,0.713688020757599],[114.73445821781215,0.7155608465819411],[114.73646483391157,0.7170590975921523],[114.7381191605967,0.7190612828365317],[114.73989830292915,0.7213576705064231],[114.74194945540793,0.7237165814492257],[114.7438981481892,0.7257186861723094],[114.7464754646318,0.7279527146684188],[114.74905285326726,0.7306014050809985],[114.75271826784848,0.7348999787654261],[114.75408719543955,0.7367995906878956],[114.75551408835899,0.738525241774093],[114.75729323556864,0.7396667911208369],[114.76243461541381,0.7419007990245045],[114.76502085693167,0.7424180577468519],[114.7681645740358,0.7404114094048921],[114.76982337459383,0.736737130392684],[114.77319882978546,0.7335711488183019],[114.7757717699081,0.7320283364041803],[114.7794416216566,0.7310517611812402],[114.78413263327586,0.7321442597251067],[114.78711125282203,0.7339724987281859],[114.79007653367167,0.7363804101271824],[114.79312212493801,0.7385163422291005],[114.79518221124356,0.7393100615385009],[114.79912411047123,0.7406968206405298],[114.80524644787062,0.7436175507739077],[114.8081047100393,0.7455082139526341],[114.81061517984489,0.7497309701056855],[114.81342884108008,0.7505023894905712],[114.81560491212925,0.7496997317029186],[114.81857910176925,0.7498691600629329],[114.8206392212465,0.7509036709660265],[114.82327457723287,0.7517732423465112],[114.82659210922452,0.7511400079876652],[114.82837135415703,0.7482639054200454],[114.82974026270116,0.7442462521577112],[114.83128313107821,0.7408573298729165],[114.83248711974925,0.7391940873471364],[114.83505999213794,0.7364963572675945],[114.83889929741909,0.7343113780797895],[114.841360737654,0.7324742128767965],[114.84319342675674,0.7298344446016096],[114.8435902455189,0.727020721695977],[114.843077423743,0.7234044400065192],[114.84393363555928,0.7187535973034256],[114.84565927408453,0.7153067128851227],[114.84788431737992,0.7131841593175239],[114.85023431213556,0.7113469886300542],[114.85366776997229,0.7096213171690298],[114.85652165444132,0.7081855269367573],[114.8607087160241,0.7055412544043134],[114.86288476565262,0.704158965860743],[114.86448562174905,0.7029014522312637],[114.86688014608421,0.7015280492315917],[114.86877527128854,0.7004891079278426],[114.87313178349811,0.6995214799506747],[114.8767302655597,0.6993966455706104],[114.87998988346767,0.7004890709098567],[114.8813632981181,0.703646136565127],[114.88153723823227,0.7056572115336486],[114.8806765914734,0.7082345477811134],[114.87902229653947,0.710076171855867],[114.87622192937408,0.7123725793765904],[114.8703761002856,0.7157124484208874],[114.86843190568366,0.7175362201859063],[114.86585900716221,0.7201225371627086],[114.86465504276516,0.7224189330667117],[114.86437415336054,0.7247733493053624],[114.86506080168877,0.7290228608157528],[114.86528826553369,0.7334373755948268],[114.86506080168877,0.7354528868885404],[114.8651143172803,0.739006844703314],[114.86677755240933,0.7418740017987847],[114.87054551843298,0.744237328457389],[114.87243618675535,0.7451514536261797],[114.87500903658899,0.7465917798956941],[114.87735902948697,0.7491690913387996],[114.87906684580042,0.7515190827907628],[114.88135433399742,0.7558800517063301],[114.88341444581597,0.7602499638729918],[114.88491270948863,0.7620826493952025],[114.88720024960764,0.7639197978323723],[114.8897687342067,0.7650702624062751],[114.8925154804077,0.7658773904724512],[114.89509732585496,0.7662742058447819],[114.90025208567626,0.7675940854874006],[114.90299440240615,0.768628646741245],[114.90568318797534,0.7714333925866123],[114.90974543526428,0.7810204396890565],[114.9107754984484,0.7841775259995513],[114.91003534173085,0.787169600002775],[114.9077968446011,0.790897388824062],[114.90905878511808,0.7932562484890118],[114.91152018050806,0.7931402724792361],[114.91448992932871,0.7913031576532468],[114.91626917690633,0.7898049288545103],[114.91775398869865,0.7879677149008841],[114.91941724187649,0.7857248369539849],[114.922226492641,0.78210847380619],[114.92474139033708,0.7798120528830741],[114.92719841792406,0.778202344220047],[114.93023058958916,0.7769983508510818],[114.93525155747358,0.776837798846894],[114.93955897474578,0.7770563125229036],[114.94161909939783,0.7763116825084427],[114.94396908924928,0.7749917628324102],[114.94592218117391,0.7723430624836457],[114.94815173766848,0.7679285288483492],[114.94940918369291,0.7662563975864652],[114.95140687471807,0.7651638950321928],[114.95438551003633,0.7648829600346525],[114.95782345072514,0.7637905221827476],[114.9594867797496,0.7617170381216648],[114.9608022106666,0.7600538028357421],[114.96217557265948,0.7580471788252664],[114.96400381651134,0.7563839299934446],[114.9674373142872,0.7548276963689513],[114.97013057007736,0.7529370219065683],[114.97156644537603,0.751264915916864],[114.9732207450121,0.7494410891425339],[114.9748216286105,0.7482282677824612],[114.97974444508537,0.7444915069058847],[114.98123821230725,0.7424849430984457],[114.98261167209445,0.740424806758681],[114.98358376285982,0.7384717294674804],[114.98460934770257,0.734850926818793],[114.98513100982393,0.7306549231262346],[114.98541198106975,0.7285324105506539],[114.98627254456616,0.7260620526646234],[114.98861805995686,0.7221648173621479],[114.99160116397229,0.7143479983359287],[114.9937148286242,0.7037843887612738],[114.99691639281885,0.6882845164282627],[114.99984158374227,0.6741046034045859],[115.0000021575814,0.673172664594242],[115.00047482713816,0.6704302792950012],[115.00173225886728,0.6626714514932964],[115.00241003179596,0.6578511941284958],[115.00269985895612,0.6557999777622089],[115.00309676426248,0.6514300847541223],[115.00327960303628,0.6482105834375784],[115.00379236569718,0.64407702009589],[115.00447909532147,0.6407371290185024],[115.00533970032194,0.6370138248899353],[115.00607992022287,0.6343739871273544],[115.00739082409666,0.6271993469450984],[115.00762271859087,0.6241537492292394],[115.00853680854955,0.6194404506666706],[115.00905408876577,0.6169790749905018],[115.01112311109287,0.6110663200313016],[115.01449421689365,0.6041769479402465],[115.01712065982707,0.5992407804294642],[115.01975151700192,0.5948128571587896],[115.02147717132567,0.5924539759387336],[115.02342130487004,0.5898766285959897],[115.0252540113998,0.5868310947581478],[115.02748801891148,0.5827509859511675],[115.032700674738,0.5728740935923532],[115.0344085225695,0.5692042455282291],[115.03538507812756,0.5660382847674179],[115.03698593516512,0.5606472428351233],[115.03847528276484,0.5573207680549508],[115.04042836698109,0.554038876838262],[115.04556968378664,0.5477247799557537],[115.05049254081801,0.5410049248028148],[115.06005287279517,0.5301558899729679],[115.06246076309122,0.5279129664787561],[115.06457433811433,0.5260668964250151],[115.06694219565274,0.523770462875068],[115.06865891561249,0.5219957602445169],[115.07048711746052,0.5195298934443688],[115.07604315226035,0.5111378546971369],[115.07827717724582,0.5074635439808455],[115.08061824022833,0.5035573807699678],[115.08399379365142,0.49678400741794365],[115.08565703403907,0.4931141468110817],[115.087088336999,0.4896583571673356],[115.08840380538574,0.48610446430446946],[115.0898886666372,0.4801872325538021],[115.09051295968439,0.47743147547050985],[115.09148952933302,0.4743903741961584],[115.0923456541887,0.4722054290461989],[115.09544473313233,0.46766161657848004],[115.09790167872774,0.4656014843859105],[115.10001529583448,0.4655301769655772],[115.10391257498013,0.45945238869042476],[115.10505858512275,0.45761527637292065],[115.10591919852578,0.45578255363267794],[115.10654346077719,0.4538294406092581],[115.10786328421472,0.45124317689699356],[115.10923675992501,0.44974940188935975],[115.11151978054903,0.4479746893476383],[115.11644707250218,0.4438901025897029],[115.1185607496104,0.4418166221461498],[115.12084822850643,0.4395782007508922],[115.12668515767909,0.43584146474959595],[115.13126912238613,0.4329653190088955],[115.13527785518906,0.4298216994805423],[115.13698570893193,0.4260225162591031],[115.13727559801802,0.4236591881290864],[115.13732907003997,0.4213181587991486],[115.13704813825159,0.4157487464644675],[115.13652644591205,0.4126541281887985],[115.13550531620803,0.40535458335523394],[115.1352154255256,0.4016267434441437],[115.13406943189867,0.3945011324971464],[115.13343626550198,0.390710909641407],[115.13274953460618,0.387446853913544],[115.13171952599346,0.3835406829834442],[115.13068942360573,0.38009379792510617],[115.12977531242043,0.37739604249563274],[115.12868286336246,0.3746491925934811],[115.12730503679018,0.3724597983299974],[115.12467413894599,0.3694186939248903],[115.12066536470415,0.36614568750798776],[115.11083309350488,0.35885059064693253],[115.10716328802998,0.3565096178356275],[115.10389918297032,0.35427558275083765],[115.10126384185322,0.3524384319061872],[115.09869544047616,0.3505923843035219],[115.09617606367884,0.34835836899802486],[115.09359866364532,0.34543761031542664],[115.09159205449781,0.3423965603605566],[115.08953195307033,0.3393465157949356],[115.08724000026874,0.3361938922132152],[115.08506838545907,0.33378602476949004],[115.08209417815426,0.3314316029265358],[115.07928491325545,0.33011170903458087],[115.07653815566985,0.3290816898426298],[115.07418819497738,0.32827455467240707],[115.06989409775318,0.32662026360082563],[115.0658853722218,0.3246091714427338],[115.05535740429481,0.31771543377403794],[115.05284249017198,0.3158871888357334],[115.05168760881567,0.3132473623039883],[115.05278004468855,0.31037126941600013],[115.05374767684916,0.3078474139176021],[115.05232075326907,0.30405715366689584],[115.04791070853959,0.30055679955968323],[115.0455072369252,0.30022234687034705],[115.04168139384817,0.30159575351401136],[115.03991104514927,0.3032679331767902],[115.03818539629731,0.30607269411359816],[115.03674962641884,0.30854301489126645],[115.03532262934124,0.31130771103143523],[115.0332625368306,0.3150354865047517],[115.03183561522602,0.31739433079269336],[115.0293741926897,0.3202080372019916],[115.02622163364549,0.3237619353987052],[115.0246832659107,0.32531820186461485],[115.01998783786289,0.32663803948484615],[115.01392345293051,0.3265801147437055],[115.0099727004212,0.325786372271063],[115.00722590917871,0.3248053679957261],[115.00264636495517,0.32228150852360227],[115.0000021575814,0.3209705234992329],[114.99989507819217,0.3209170513545557],[114.99726868068143,0.32004753975672934],[114.99503465160154,0.31959717927040826],[114.99022774096642,0.3202838225578803],[114.98783326638069,0.32132283076806384],[114.98542085193641,0.32303956295043235],[114.98290151638078,0.32459582236397505],[114.97930297594817,0.32545192242366966],[114.97729639773037,0.32522900958795775],[114.97397434256456,0.32356127593648537],[114.9720926538508,0.321844523031343],[114.96950632179204,0.31925822859763353],[114.96704941923002,0.3171937256635403],[114.96510522998548,0.3159362158293191],[114.96321009411278,0.31501317665932743],[114.96052574518924,0.31420610709703883],[114.95663293520286,0.3134123795315694],[114.95330642200416,0.31312256143931216],[114.95153614892122,0.31577121150855375],[114.95211136421096,0.31932515524338984],[114.95354278965137,0.32236625405370495],[114.95400203585734,0.32477864369140386],[114.95314148056097,0.326968036133318],[114.95056849229296,0.32806049358055983],[114.94673821430955,0.3296078534585718],[114.94358116731922,0.3307538407783742],[114.93946980137656,0.32995115648104617],[114.93042677628847,0.32668265711498834],[114.92533005009005,0.3243327435041469],[114.9216690624931,0.3227274469181374],[114.91794574624025,0.3211801137795116],[114.91537285447917,0.32020358609646765],[114.91290252342085,0.3189461240338105],[114.90352506279775,0.31274793999096123],[114.9019242061228,0.3113745961064709],[114.89826324048866,0.3079276687414732],[114.89184663305974,0.30172956227383196],[114.8900139285516,0.2999592745140174],[114.88790034396342,0.2973150077860691],[114.88697732738771,0.29484914178048865],[114.8870397130275,0.2926686095354843],[114.88823925359043,0.2884191285182923],[114.8885780723404,0.2861181931379716],[114.88874757213559,0.28365234890249336],[114.8885780723404,0.2815877727503555],[114.88737418678825,0.27872057104874765],[114.88623259228456,0.27687447241676766],[114.88262968156437,0.2740072796078599],[114.88045366505214,0.2733740885405765],[114.877479367384,0.272696332253423],[114.87502243774182,0.2717198119982538],[114.87284193659978,0.269592816505724],[114.87186536537288,0.26742118519068736],[114.8711787304781,0.2646654962362754],[114.87054995535821,0.26127208380903083],[114.86957346823962,0.25708499782098804],[114.8685968878283,0.25370055163148125],[114.8672859024137,0.25071741568180644],[114.86608194295266,0.24853694779947666],[114.86431167309466,0.24572321944770129],[114.86362502328923,0.24261967424490147],[114.86395942906714,0.2396900753748814],[114.86316121923907,0.23636359651834213],[114.86093165511103,0.23309506423349952],[114.85674903330542,0.23103494619466033],[114.85475133603768,0.23045524108944856],[114.85257532623811,0.23022781667182765],[114.85028783000111,0.23023675287169745],[114.84816531060898,0.23005392872490185],[114.84548087880815,0.2298265208837653],[114.84193595566256,0.22925573656553064],[114.83798067889869,0.2282792400521886],[114.83467203849136,0.22633507738169625],[114.83203223982042,0.2240385915874518],[114.82979378369315,0.22094399358152772],[114.82894206541833,0.21796088713349923],[114.82641379482499,0.20653667203382392],[114.82652971277906,0.20372292357857386],[114.82761327212226,0.20125262646643297],[114.82749735452477,0.19872875193791087],[114.82641379482499,0.19642340950140041],[114.82275285076021,0.19224520993949998],[114.82108958777229,0.1906355076706933],[114.8146818857918,0.18507054028284106],[114.81073563123152,0.18179305950970065],[114.80724415457061,0.18025916301836917],[114.80260661036918,0.1774989607417862],[114.80088990846953,0.17589818249812095],[114.80043064062417,0.17359724727008857],[114.80220086991497,0.1705606193100865],[114.80386413112927,0.16941019170168548],[114.80620518184989,0.16820173965641577],[114.8082741582546,0.1672252106202144],[114.80981259219071,0.16590534441114232],[114.81118591981179,0.16125450315494624],[114.81112795832111,0.15866817858003507],[114.81027184788553,0.15545763520534206],[114.80924175944482,0.15287135824279685],[114.8018575298067,0.13766580188103988],[114.80025666028155,0.1345623140604103],[114.7985399470226,0.1319224954987659],[114.79640851212048,0.12917121208286006],[114.79441083503264,0.12682130655642432],[114.79303744251035,0.12498411402849131],[114.79217685053614,0.12297754993374459],[114.79160155152094,0.12061424716425681],[114.79103078007458,0.11683291973520497],[114.79085688570413,0.11448296077924656],[114.79091485050371,0.1105767560756329],[114.79125820117784,0.09346274638353518],[114.79194046361624,0.09094785074956581],[114.79280105616182,0.08864245323647056],[114.79388462815733,0.08675181097359072],[114.79537394556642,0.08503506543783382],[114.79943176950141,0.08083901954909264],[114.80269581886668,0.07784696381755743],[114.80441260259786,0.07526071365611027],[114.80526872718956,0.07331653518053188],[114.80715050949037,0.07095319550497015],[114.81018707898333,0.07009706215412284],[114.81351360920578,0.0692364939555888],[114.81722808142476,0.06888416596635295],[114.81957348131917,0.0700346167985279],[114.82375174662899,0.07352613373806538],[114.82701131524553,0.07639331951336535],[114.82982049890606,0.0782304507678567],[114.83193860131486,0.07823047161004483],[114.83496635443893,0.07730743762608225],[114.83822590970898,0.07547473488010431],[114.8476703349533,0.06943268779968097],[114.84938708067197,0.06770700952055186],[114.85143823574339,0.06507613435280708],[114.85499664565549,0.05915000211437216],[114.85665096430333,0.05680000834748736],[114.85848366384147,0.05502082613620303],[114.86134194596609,0.05467752198674068],[114.86357150746878,0.05559160925585248],[114.86603739202627,0.05770524679806225],[114.86907399546698,0.058748648368232445],[114.8734216301545,0.05730837363685732],[114.88130978503052,0.052987490350102626],[114.88274558086198,0.05116370106207067],[114.88394957306714,0.04863098118511212],[114.88623259228454,0.0456433785947139],[114.8904642961453,0.04357435754084542],[114.89482089773574,0.038638102203672385],[114.89510176246559,0.033300586816531],[114.89338053433569,0.029800186127140756],[114.89115098336069,0.02613034810188892],[114.89029045106408,0.023940940079813292],[114.88955015978067,0.021586487415739212],[114.88955015978067,0.019174126817824856],[114.89051780781674,0.014416299155201031],[114.89267157780178,0.005333090188350681],[114.89343404555518,0.002122546053387333],[114.89419660216748,3.226861172867287E-8],[114.89428126015338,-2.2739749713438973E-4],[114.89710393564931,-0.005154688688893104],[114.89802692515131,-0.007678573631034642],[114.89877163481263,-0.009859065538210986],[114.89940479520774,-0.01248996658768261],[114.89964110960014,-0.01512974024321765],[114.89896340294872,-0.01886647339238923],[114.89788875756481,-0.023463774795240394],[114.89743830911813,-0.02644690220073768],[114.89715744629122,-0.02938550611036869],[114.89727777729827,-0.0321902310427685],[114.89751418369165,-0.03535619881148455],[114.90010939189419,-0.04402022589669125],[114.90184842306185,-0.04981709959968739],[114.90553162349268,-0.056987286308633596],[114.90898744006111,-0.06491116129420417],[114.91251456620316,-0.07632199713379731],[114.91337513348775,-0.07838653907261028],[114.91458807247454,-0.08103523359379618],[114.91584998802249,-0.08303290203924386],[114.91912299757705,-0.08710406652215762],[114.92044727600613,-0.08866033719004025],[114.92154874003081,-0.09043947259134007],[114.92281506618697,-0.09365004901370044],[114.92379167414201,-0.09657076715957305],[114.92448282153711,-0.09927741335893363],[114.92547716960237,-0.1047309208544046],[114.9260568651321,-0.10795034845396378],[114.92640017334394,-0.11064370655387565],[114.92612377042514,-0.11380965472775881],[114.9253835563323,-0.11748395952289319],[114.92453632791198,-0.12139013909251285],[114.92265454622941,-0.12563963829470245],[114.9214550351494,-0.12816346670408862],[114.92048747416372,-0.13097717447862806],[114.92003705534893,-0.1337908504558281],[114.9207327371445,-0.13706387611186624],[114.92211051610064,-0.1391284048832622],[114.9233189879107,-0.14085406026298022],[114.92447829477068,-0.14325755681229996],[114.92551284041612,-0.14590176143840897],[114.92655181913466,-0.14905885022584786],[114.92701110176664,-0.15147121158103635],[114.92891069469262,-0.15507862515729706],[114.92988719469356,-0.1568622721636454],[114.93092172395774,-0.1586993772296989],[114.93253149848944,-0.1611652873662469],[114.93317355930144,-0.16363563794425043],[114.9332360270824,-0.16576263452545945],[114.93238881814484,-0.17195631338806683],[114.93182244177216,-0.17409223321000877],[114.93033760053005,-0.1770664519845871],[114.9293120323665,-0.18011646012862276],[114.92879472042019,-0.18218550752521045],[114.92955728901643,-0.1861451974227806],[114.93122048477883,-0.18792879774456514],[114.93363283302389,-0.188896421323481],[114.93643762133027,-0.1890658967982541],[114.94464236133575,-0.189743697143018],[114.94773702388699,-0.1904393055628489],[114.95059972458758,-0.1896812701651601],[114.95305674661604,-0.1880046416052164],[114.95580352787671,-0.1849144634970449],[114.95963832025905,-0.18140072069079247],[114.96238513864537,-0.17979093438990867],[114.96610851160838,-0.1791042370527071],[114.96829348807725,-0.1790418018391616],[114.97052751389802,-0.17915777233121807],[114.97315837512113,-0.179157766132351],[114.97677463293157,-0.17897494090653498],[114.97929410492002,-0.17845767367062565],[114.9819248976424,-0.17615235429530082],[114.98353017528682,-0.17409223657358414],[114.98702167745995,-0.17293282522672987],[114.9889747919317,-0.17344563179306527],[114.99173051328198,-0.1750553655268315],[114.99316186098753,-0.1766561805695986],[114.99426326951507,-0.1787921111600899],[114.99375049224467,-0.18119556214828592],[114.9903704874276,-0.18189564707691155],[114.98917547047293,-0.18424557630362814],[114.99181523750538,-0.18596231877617958],[114.9969699782525,-0.18699243358187514],[115.00000215758138,-0.1869433471400067],[115.00081815027887,-0.1869299828044157],[115.00430965326785,-0.18635919700561163],[115.00746223892878,-0.1859980170881194],[115.01095367241402,-0.18565469046131053],[115.01456553969248,-0.1858865307995897],[115.02362648813276,-0.18548075377360748],[115.02694850245209,-0.18524442172574854],[115.02906655884085,-0.1862209707433684],[115.03223248576809,-0.18919522489997997],[115.03596476521203,-0.19131775471578596],[115.03934475963342,-0.19159864582974265],[115.04302356181027,-0.19084507835751938],[115.04479380332022,-0.1898150023837843],[115.04914144357615,-0.1856724772478427],[115.05176335815187,-0.18090572500275837],[115.05514337172413,-0.17837298349944336],[115.05686015336978,-0.17694160199881231],[115.05874634035125,-0.17411896497739687],[115.06022672076712,-0.17136327181862315],[115.06160012556073,-0.16935219856162145],[115.06337931695715,-0.16745263468194396],[115.0652699913646,-0.1663690600207572],[115.06847158814665,-0.16549953874040568],[115.07265430441389,-0.16348402078324745],[115.07425507063249,-0.1618163311861344],[115.07710890181532,-0.15728587004129463],[115.07853580806628,-0.15492255112383443],[115.08123802637837,-0.15319686513128897],[115.08450208732908,-0.1534242902584766],[115.087998044086,-0.15318795139739377],[115.09131560748803,-0.15272423864233248],[115.09360309762704,-0.1518011989770577],[115.09836543055474,-0.14920600907195297],[115.101807850981,-0.1469808759010115],[115.1064898931692,-0.14393086049245804],[115.10935267127232,-0.1428338991208881],[115.11176951747096,-0.1427714977731285],[115.11498450119375,-0.144207301687219],[115.11733443854357,-0.14592856435569934],[115.11956845116238,-0.14592854910045858],[115.121740016055,-0.1441360036040413],[115.1232829040346,-0.1405731615855899],[115.12477222005698,-0.13816521965835996],[115.12665394201575,-0.1374161420806824],[115.12861599891765,-0.1382098282270006],[115.13062255957749,-0.1402833207522949],[115.13274510116085,-0.14073365695682838],[115.13755643913045,-0.14021644196387575],[115.14024975083775,-0.13963677150251347],[115.14587271715013,-0.1383614567560582],[115.14827617063848,-0.13709509287940388],[115.14930178339812,-0.13360356801789905],[115.14906094202357,-0.13112434485555732],[115.14791047411622,-0.12843105138947353],[115.14710344320389,-0.12412352625260932],[115.14726837804999,-0.1213098547605381],[115.14892722160295,-0.11814386947336646],[115.15154914496908,-0.1155576024662436],[115.15360477939117,-0.11131700166517076],[115.15382327063222,-0.10706749510227558],[115.15496928415054,-0.1039104475304116],[115.15685101007776,-0.10178343558186623],[115.15971379249669,-0.10022718684376904],[115.16338363158445,-0.09976344622968779],[115.165617595154,-0.09935767335489032],[115.16785606649866,-0.09855057054900547],[115.17020597857595,-0.09733771149253677],[115.17260942990147,-0.09550503667407091],[115.1750039973544,-0.0928607865044009],[115.1773539471121,-0.09108161305154615],[115.17992244330837,-0.08980182444027278],[115.18291447273279,-0.08836600536758699],[115.18548735664939,-0.08681869249138437],[115.18782836343783,-0.08440186226880035],[115.1892641868524,-0.08198951548698065],[115.19069113847709,-0.07986249007033074],[115.19200211182137,-0.07819927049286257],[115.19377678403296,-0.07698637048685615],[115.19595291045371,-0.07612576980457941],[115.19996607670572,-0.0758359635450492],[115.20512972832209,-0.07674557801116144],[115.20953979237127,-0.07679015083207269],[115.21315161533863,-0.07530083160436155],[115.21516270859462,-0.07472114479190467],[115.22049127917208,-0.07385165163026247],[115.222894800444,-0.07368661659036445],[115.22524466519646,-0.07339681420777015],[115.22741632292484,-0.07287061945390476],[115.22954771496184,-0.07184057682403946],[115.23155436154153,-0.07028436272092074],[115.23400682166563,-0.06764453613884498],[115.23635235195462,-0.0646569578727025],[115.23823404570207,-0.06207067592308137],[115.24041013568089,-0.059025142736271984],[115.24292059331559,-0.056545840628609935],[115.24595724685041,-0.0549985822880461],[115.24888687405172,-0.05429846499635097],[115.25546850834408,-0.051079003250501256],[115.2589019913845,-0.04924183251145425],[115.26217056180477,-0.048653250014233825],[115.26550150173317,-0.04865326826962208],[115.26785140723503,-0.048653228490814326],[115.27037077772276,-0.04859977290020589],[115.27243088168684,-0.04835450700996454],[115.27903037521766,-0.046967743069485236],[115.28177719098308,-0.045937641312346594],[115.28492533212402,-0.04426106912976008],[115.28778803176195,-0.042200952677631576],[115.2904724611275,-0.03977517742371766],[115.2926484559351,-0.03771509686789919],[115.29517232658391,-0.03494596401554526],[115.29688907853603,-0.03356812635731001],[115.29934608622654,-0.032872467154882005],[115.3015309708237,-0.03413890764420774],[115.30256548714388,-0.03666275489405309],[115.30251204324803,-0.03913306737635668],[115.30240497456911,-0.04216971834309834],[115.30212409996884,-0.04521971577299238],[115.30231581092794,-0.05308558761279995],[115.30243617279442,-0.05589929815995262],[115.30278848644649,-0.05831609618659572],[115.30417522016126,-0.06187000616462713],[115.3054416773986,-0.06372058110330642],[115.30791643097845,-0.06681520225289521],[115.31222393939328,-0.07283944352055902],[115.31470315950263,-0.0774322671229659],[115.31603196691718,-0.08075875335953663],[115.31804754741228,-0.08592690627688876],[115.31948783385111,-0.09062678860718681],[115.3200140141519,-0.09356531809061308],[115.31973306527088,-0.09573687631754844],[115.31910877368838,-0.09810021571013791],[115.31779336255555,-0.1020063656547042],[115.31636645111362,-0.10579662836618373],[115.31443115792679,-0.1102824753207884],[115.31266088112727,-0.11320316746810415],[115.30871463806281,-0.117466102306901],[115.30287321890464,-0.12241124186082934],[115.29840967652052,-0.12442226655663419],[115.29600619681506,-0.12603203729165302],[115.29451687640892,-0.12753477659083745],[115.29308994714538,-0.12965726788066007],[115.29205983014755,-0.13230151349795188],[115.28920603266945,-0.13695238762184914],[115.28715490310248,-0.13971702888943874],[115.28388189388218,-0.1412108249735555],[115.28004262936375,-0.1419644241077184],[115.27614534679728,-0.1427045881117583],[115.27323352175685,-0.1442608338693305],[115.27140087663734,-0.1458170892140501],[115.26962167027631,-0.1474803304177996],[115.26761508802068,-0.14971429661058674],[115.2659072173599,-0.15305415404404726],[115.26516705274123,-0.15598379982027846],[115.26482364976393,-0.15810189342134678],[115.26512246554441,-0.16258774095764916],[115.26634865634101,-0.16873683376951998],[115.26727168775435,-0.17338324021048335],[115.2687208939835,-0.1822211421760387],[115.26918909901593,-0.18544955743564007],[115.26868526081125,-0.1896901621464638],[115.26703093653755,-0.1938237445254977],[115.2626253914144,-0.19962505096219474],[115.26079711523697,-0.2016940556772298],[115.25913831723385,-0.20371402926900645],[115.25753748420007,-0.205783074087499],[115.25050547878047,-0.21618612297036874],[115.24884671633977,-0.21917371008551212],[115.24794153843267,-0.22175108631674573],[115.24754466303757,-0.22542984028472363],[115.24663504949763,-0.22790910636218994],[115.24503415216465,-0.23008070448014042],[115.24228737307297,-0.23243957774943094],[115.23983045551807,-0.23560551389266376],[115.23886284220221,-0.23773250725938658],[115.23800665839381,-0.24099657943317745],[115.23835895488891,-0.24439888173567695],[115.24156949277825,-0.2459372619985402],[115.24369201501182,-0.24691379383184214],[115.24587249880437,-0.24892038698379557],[115.24714778713715,-0.2509894300296288],[115.24795492437612,-0.2541999784790773],[115.2482447118215,-0.25627345897045006],[115.25021569343798,-0.2633901776625],[115.25119222555185,-0.26602104907862223],[115.25199935231157,-0.26889717887675557],[115.25309625990963,-0.2746940027951821],[115.25362246305643,-0.27791346059077904],[115.25369373285388,-0.28067367722700653],[115.2536982550486,-0.28325099851613283],[115.25347078857273,-0.28583729291636367],[115.25285549770564,-0.2910009350055347],[115.25222672941854,-0.2937076155604976],[115.2495334667685,-0.2978411939787011],[115.24770520407982,-0.29865273997661007],[115.24472654377543,-0.29877312590195393],[115.24122615420822,-0.29710100441219384],[115.23858634194083,-0.2958435131526889],[115.23669569588093,-0.2951568285538188],[115.23471133282368,-0.2945592792659675],[115.23055099463375,-0.2944255297064783],[115.22792013740793,-0.2972391992857901],[115.22730036407278,-0.30034277919932584],[115.22690798504925,-0.30332585782172855],[115.22713538042147,-0.30601917074913604],[115.22853104530141,-0.3140634327080466],[115.23045294616706,-0.3244531108291707],[115.23253086157602,-0.3339331284467713],[115.2339265928582,-0.3406396712217144],[115.23484962992337,-0.34569623779035785],[115.23571911839775,-0.34890678881790854],[115.23731997304411,-0.3542844848569431],[115.23774806618226,-0.35638027975737335],[115.2380914085754,-0.3595907954564668],[115.23832775020897,-0.36292623219805353],[115.23833661414734,-0.3663641698380647],[115.23811365888605,-0.3694097924156068],[115.23754736085202,-0.3721610504892102],[115.2372040178612,-0.37492122600418015],[115.23744036016588,-0.3772800783713734],[115.23807349978757,-0.37922427532774017],[115.23939341087687,-0.3815296301050023],[115.24346906357437,-0.38313042431393596],[115.24600183679497,-0.38324637629317776],[115.24800837769857,-0.3829565253993974],[115.25023794288394,-0.3823812999203435],[115.25430911250723,-0.38248831298496805],[115.25660112871738,-0.3839241109314597],[115.25821082994702,-0.38569887677270326],[115.2593166694206,-0.38783032502733766],[115.2598874499953,-0.39029176516330943],[115.26012377509502,-0.39316788525910135],[115.2600791871738,-0.39741740705957407],[115.25979827407859,-0.40194782869015594],[115.2595753341748,-0.4066611127151481],[115.25933900865783,-0.41304652192686364],[115.25949954361528,-0.4167119152888047],[115.25966451015553,-0.42044414739709207],[115.25955299495452,-0.4238910388769652],[115.2593300548747,-0.4268742041054157],[115.25893319400407,-0.4292286326630215],[115.258193012758,-0.43193080749749857],[115.2568820447026,-0.4341113521551405],[115.2534485393578,-0.43705429865337525],[115.25070174398098,-0.43871758916742004],[115.24726817046846,-0.4406706923824635],[115.24571195681834,-0.44193702286904457],[115.2447577478158,-0.4457272810784166],[115.24470420348953,-0.4481441391087121],[115.24648337161129,-0.45152408779309666],[115.25135719649855,-0.4526166083208881],[115.25428686335226,-0.45410150340330485],[115.25710498653855,-0.4559252492401009],[115.2595753341748,-0.4581146503988685],[115.26244251906051,-0.4611557561004894],[115.26462748392105,-0.4641300199960984],[115.27003633398462,-0.4706313413288429],[115.29163181194944,-0.49133050682879165],[115.29698276531374,-0.4960972799055972],[115.29962253227416,-0.49857206659674697],[115.3016648070474,-0.5006143399995465],[115.30531236426087,-0.5049307867245354],[115.30755526125796,-0.5086005810777307],[115.30957080712163,-0.5122213911076922],[115.31095307924225,-0.5152669540911633],[115.31411014511774,-0.5205465187548127],[115.31624600429183,-0.523766028242082],[115.31757480500534,-0.5271504734687069],[115.31860935758938,-0.5312305438616506],[115.31930499525306,-0.535823393547349],[115.31937190949056,-0.5403003333634633],[115.32122687483132,-0.550337767868155],[115.3225646058381,-0.5540210331827846],[115.3240584015518,-0.5574009830535133],[115.3261808990763,-0.5601611936943464],[115.32871371655146,-0.5629213754319786],[115.3352061183908,-0.5689411924505574],[115.33801979312243,-0.5709566852418754],[115.34162722276899,-0.5733646119318829],[115.34852549778454,-0.5774758929594009],[115.35157105428927,-0.5798347762258106],[115.35386749794067,-0.5831656755644135],[115.35467453565977,-0.5862781245206866],[115.35548609192303,-0.589894502031554],[115.35735448942128,-0.6052159543782799],[115.35702448053976,-0.6116459704247323],[115.35588743896362,-0.618084886600085],[115.35537913225922,-0.6210680331878866],[115.35532560720617,-0.6234313692000643],[115.35577595875094,-0.627203785447739],[115.35643145819598,-0.6326661833762233],[115.3579386494658,-0.6405988915786162],[115.36037328546466,-0.6529952157605838],[115.3625716559626,-0.66127130940431],[115.36633954351828,-0.6796383477476328],[115.367614873524,-0.6903758942839515],[115.36843977572748,-0.6994545975547721],[115.36849781895846,-0.7031824108406106],[115.36733396867498,-0.722303022518258],[115.36693706694605,-0.7252326650770188],[115.3665714467594,-0.7378118033419332],[115.36662939993916,-0.7417134593887401],[115.36675425690807,-0.7460789431531755],[115.36704854304244,-0.7494723344215838],[115.36808753806115,-0.754065211664247],[115.36918005211088,-0.7576949037046765],[115.37091012915793,-0.7625686936016708],[115.37346074512485,-0.7715226037298355],[115.37474056541923,-0.7841552089873636],[115.37664898471888,-0.7930020604976716],[115.37969904922392,-0.8016126233696892],[115.38068448006076,-0.8036726724943026],[115.38217826048266,-0.8064952831977736],[115.38885357728051,-0.8177902203744914],[115.3905881517472,-0.8202026148880188],[115.39253236031102,-0.8222760474661703],[115.39753095972526,-0.8252592100312197],[115.40268568643994,-0.8274397071541866],[115.41330728362483,-0.8301330314785924],[115.41893911326805,-0.8311541706083693],[115.42748274485969,-0.8334460934612887],[115.43104562229585,-0.8346590145917874],[115.43506772832728,-0.8359164687864163],[115.43987905251373,-0.8369911274737213],[115.44791438340278,-0.8387702890045446],[115.45990935120312,-0.8401971818376561],[115.46518003754201,-0.8405405243412603],[115.46948302975076,-0.8408838861016693],[115.4725286172014,-0.8412183230213958],[115.47516837793067,-0.8415705769864043],[115.48215583860292,-0.8428146983251982],[115.48485353314862,-0.8436307118146715],[115.48835842029189,-0.8448302224358908],[115.49226460917473,-0.8467297648768133],[115.49513183768869,-0.8483306039324225],[115.49765562976953,-0.8499938446274692],[115.49951951848799,-0.8513048355077113],[115.50201218556364,-0.8530617018716166],[115.50357728727606,-0.8543637812346292],[115.50517364801938,-0.855728266870431],[115.506979653287,-0.8577794224853312],[115.50929839037794,-0.8604950208567665],[115.51108647747893,-0.8624213749379048],[115.5132045697616,-0.8646330771274272],[115.51790445827719,-0.8691724366864398],[115.5199109920013,-0.8710452830384103],[115.52236797160914,-0.87319899257795],[115.528900598632,-0.8783091059507108],[115.53118807662547,-0.8802310276083432],[115.5336005036962,-0.8830714459374488],[115.5354465416781,-0.8859118743256585],[115.53700278861751,-0.8882974918793828],[115.53981644516992,-0.8929037788216547],[115.54108280304563,-0.8950084580432318],[115.54229566417537,-0.8971800339353247],[115.54367802869479,-0.9000829354822257],[115.54564444639023,-0.9032132146852163],[115.54862761456839,-0.9077615244564227],[115.55190955178041,-0.9131614526485592],[115.55341222072383,-0.9160643422753277],[115.55554816378884,-0.919760959885118],[115.55785350077306,-0.9236314529558315],[115.56066722465096,-0.9272656073187892],[115.56347640344836,-0.9305073596751825],[115.56582639970381,-0.9331114805531614],[115.57940883770091,-0.9449637568689715],[115.58238298173066,-0.9475233233839931],[115.58512979124525,-0.9496770264644918],[115.58759127292635,-0.9513759370791085],[115.58964691818025,-0.9527315090133524],[115.59171149238396,-0.9539711549659341],[115.59862304992744,-0.9571906376831565],[115.60108007874639,-0.9588895765829749],[115.60382679825886,-0.9609229209199879],[115.60915547577895,-0.9644857059852016],[115.61177745516059,-0.966184660935382],[115.61823866761333,-0.9697474462603876],[115.62395522623288,-0.972850987911895],[115.6288691845819,-0.9755621525047153],[115.63098721878002,-0.9767482412068121],[115.63378757376837,-0.9784471567856726],[115.63825108446794,-0.9814392540959103],[115.64041818531116,-0.983031106375461],[115.64735212744137,-0.9883552671165925],[115.64891724699515,-0.9896172074151164],[115.65158826305971,-0.9920340266244279],[115.6534209815827,-0.9937374127627597],[115.65526705562009,-0.9956191527538373],[115.65933814829029,-1.000354738203526],[115.66052431234212,-1.0036856662096179],[115.66061345733974,-1.0066687861767731],[115.65949873639244,-1.0088136341487262],[115.65801388001545,-1.0114266606162112],[115.65709080839902,-1.014222524388398],[115.65689905840497,-1.0162737075131407],[115.65738507167693,-1.0225075663856336],[115.65843748035587,-1.0257091460525263],[115.66063576616448,-1.0294236405969106],[115.66196462829676,-1.0318493824339874],[115.66290990217635,-1.033989710601563],[115.66402469986005,-1.0376997113190387],[115.66478725396111,-1.0402146114478008],[115.66577713513739,-1.0428455078092682],[115.66880040564267,-1.0501093589114272],[115.6697992139113,-1.0523344564651134],[115.6717077686193,-1.055924025675899],[115.67309456043542,-1.0579752025861522],[115.67527051367738,-1.059794543304302],[115.68010870426274,-1.0589428466306143],[115.68287777218087,-1.056806954070346],[115.68663237514029,-1.0553934454676588],[115.69055192283992,-1.0549609018689432],[115.69260311362027,-1.0549430667697894],[115.69609009416212,-1.0560533816714468],[115.69959048657796,-1.0585504724538228],[115.70177544379511,-1.06030290277212],[115.70590013009843,-1.0639370598400462],[115.71050191615201,-1.0683069559859362],[115.71418959295033,-1.0724138121533304],[115.71659747839041,-1.075142793378352],[115.72139106294708,-1.081109073524828],[115.72392376851504,-1.0839584342742818],[115.72809751684173,-1.08644658803844],[115.7317495624802,-1.0873339365667158],[115.73397020286433,-1.0875391005402828],[115.73740365883823,-1.0877932746493915],[115.74082822320914,-1.0890328703848484],[115.74335659646073,-1.0911910678410246],[115.744279561567,-1.0930728444876467],[115.74504658997972,-1.096564290476626],[115.74507331629894,-1.0987359049668566],[115.74520712843912,-1.101139320392029],[115.74541669509432,-1.1044702827070616],[115.74571989378902,-1.1071546808384143],[115.74663400241742,-1.1135757664538426],[115.74717800576059,-1.1171832050129866],[115.74795387455356,-1.1214728530261189],[115.74912223328533,-1.124897399020158],[115.75138742650425,-1.129410058294089],[115.75352330741747,-1.1323263069428762],[115.75536492250707,-1.13442205367695],[115.75742953552457,-1.136120955061661],[115.76051960919852,-1.1374140916528657],[115.76660187361684,-1.1353495587280797],[115.76857729157805,-1.1330977275504117],[115.77133301185138,-1.1289998253422706],[115.77442310871541,-1.1246209421865807],[115.77679534616729,-1.1225429972874033],[115.77951098918169,-1.1206255899941375],[115.78302918718533,-1.1184183234300547],[115.78677483987141,-1.1163181404569649],[115.79244233215887,-1.1132324436341934],[115.7965224127578,-1.112108695036542],[115.79960816086259,-1.1123717827218569],[115.80184215121902,-1.114525561274986],[115.80536033042904,-1.119252234159812],[115.80709940783603,-1.1215887517381016],[115.80905250525716,-1.1236310197850048],[115.8139887164057,-1.1278894820601557],[115.81639662455285,-1.1299228395811673],[115.82357580933319,-1.1366248782732928],[115.82577412730092,-1.1392378592658563],[115.8273839049673,-1.140776286220541],[115.83053645611103,-1.1431529654743746],[115.83458536215359,-1.1442588395236055],[115.83953049225296,-1.147875154796946],[115.84101978110563,-1.1492931583523194],[115.84297290320472,-1.151165970639907],[115.84562605403318,-1.1545816825859114],[115.84696376641787,-1.1572615661528232],[115.84722244479775,-1.160815480005389],[115.84667394885734,-1.1627685866127546],[115.8456662188974,-1.1646681315168634],[115.84381122769321,-1.1668664553367394],[115.84121158285674,-1.169073718129022],[115.8372518643071,-1.171570854205307],[115.83378717548177,-1.1733277000482256],[115.82964907708782,-1.175423486897705],[115.82522567780431,-1.1779830480399773],[115.81861278373583,-1.182000654677393],[115.81221845015575,-1.1868254067926556],[115.80921751949705,-1.1894830224865018],[115.80301045935704,-1.1945842782665814],[115.79667849746086,-1.1998058653775028],[115.78550841962101,-1.211024978544509],[115.78364452861061,-1.2130493923900665],[115.77486458695617,-1.2243041885708756],[115.77272869233512,-1.2272605613682646],[115.77160494394802,-1.2290442195513152],[115.77049464312933,-1.2312291361643266],[115.76954486196706,-1.233538983101858],[115.76854605336143,-1.2368654429870423],[115.76507687367402,-1.248704370821451],[115.7632619582553,-1.255598142724589],[115.76244153163255,-1.259214469393421],[115.76179499363123,-1.2630047160552174],[115.76120190359296,-1.2660547458557019],[115.7601941260933,-1.2685785498474162],[115.75885643611942,-1.2716330825774276],[115.75769254300853,-1.2739964008284659],[115.75634590229696,-1.2768100845303854],[115.7552356297405,-1.2799180467462228],[115.75462916278495,-1.2829591973290055],[115.7547852714985,-1.2861162009414668],[115.75509739837013,-1.289491764901344],[115.75602041422451,-1.2959574799438602],[115.7566892669645,-1.301228128862708],[115.75696572802714,-1.3039303388995458],[115.757585552353,-1.307448552813994],[115.7563548407989,-1.3111808251718282],[115.7552356297405,-1.3131294403619191],[115.75236399637456,-1.3175216733840298],[115.75083891702972,-1.3198270106047483],[115.74955029917537,-1.3223018573814918],[115.74826158497147,-1.324830159301708],[115.74714676509987,-1.3272960463731052],[115.7460230921486,-1.3298912075073714],[115.7451402223772,-1.333101746158009],[115.74499304704183,-1.3364282704607757],[115.74553705363948,-1.3396298661684414],[115.74607212032122,-1.342327647151565],[115.74704870913017,-1.349649511959307],[115.74695507738416,-1.3520574053947756],[115.74679453994777,-1.3542913950587783],[115.74619256887007,-1.357172015208505],[115.74519376528637,-1.3600481063462828],[115.74396299806796,-1.362750325582338],[115.74261638017563,-1.3651627236459338],[115.74126524103436,-1.367347648796266],[115.73833558303977,-1.370870376141777],[115.73304711283376,-1.372970564173007],[115.73105834578963,-1.3732203063659627],[115.72736177435448,-1.374054129177164],[115.72452578834046,-1.3759135807062852],[115.72204654541544,-1.3794273982385161],[115.72094064923938,-1.3829901692118736],[115.72027622446882,-1.3864905871911855],[115.71957621990882,-1.390106927669448],[115.71880478609903,-1.3937767719810175],[115.7158528557172,-1.4018744659490463],[115.71444821701623,-1.4046480182972565],[115.71282061516358,-1.407693600777428],[115.71135807705286,-1.4102308229816825],[115.70950307346962,-1.4128215790151781],[115.70792456778368,-1.41483711618928],[115.70436169927316,-1.418132336146229],[115.70186466590206,-1.4194656500966305],[115.69606778817379,-1.4219181484326162],[115.69357519557586,-1.423197889899382],[115.69135901714851,-1.4245980309221866],[115.68852302352101,-1.4264040256722808],[115.6855844979491,-1.4285934445048971],[115.68179420750951,-1.4323524265985792],[115.68055015302556,-1.43396665543315],[115.67891810768376,-1.4362095732708315],[115.67774087243302,-1.4382874985646583],[115.67651468203228,-1.4411591517556743],[115.6741959509167,-1.4436428704400588],[115.67123505663423,-1.443665172474808],[115.66842586291123,-1.4423676075733018],[115.66585742735292,-1.4407310638746509],[115.6626914219025,-1.438291949114186],[115.65959239768955,-1.4351661359225436],[115.65745642460446,-1.4322008239479596],[115.65589126235636,-1.4292310668050976],[115.65454909422216,-1.4255746249336232],[115.6542369443734,-1.4216684303071319],[115.65500837657117,-1.4181680385244513],[115.65664047118221,-1.4156932281685162],[115.65912418121033,-1.4134993782870786],[115.66535354590222,-1.4087548937934808],[115.66750282563126,-1.407020259514063],[115.67033433668443,-1.404474171284805],[115.67326399151307,-1.400790931969326],[115.67427172497696,-1.3986014853889095],[115.67483357228409,-1.3965770770660306],[115.67464625986918,-1.3942895679333511],[115.67359842792791,-1.3918905725512016],[115.67146247147969,-1.3892106197082645],[115.66864876421627,-1.3874002519300592],[115.66602234694943,-1.3862186067769544],[115.66293221081813,-1.3851038188498268],[115.65905725436956,-1.3845642577859931],[115.65569508582672,-1.3847024740756622],[115.65228392254728,-1.3852955217653813],[115.64745464448418,-1.3876856200279895],[115.64508247182496,-1.3897055743568594],[115.64102020498746,-1.3955871209735606],[115.6391161383513,-1.3985791773275753],[115.63703375395825,-1.4021554271898686],[115.63511638225062,-1.40538382612282],[115.6330963849343,-1.4081484608188957],[115.63100510385266,-1.4106856345528442],[115.62811999211871,-1.4138516572481856],[115.625127989905,-1.4169685269667376],[115.62027647629544,-1.4225691736474644],[115.61863549901102,-1.4246470952481227],[115.61638810528929,-1.427068414691684],[115.61440383665214,-1.4289724512418782],[115.6122500863838,-1.430542028239684],[115.60414785691489,-1.4362809280715623],[115.60187378901047,-1.4373912162324658],[115.59772679554659,-1.438902827171063],[115.59471685617912,-1.4399641339860823],[115.59216184275296,-1.4414177729325022],[115.59017749521325,-1.443433311829902],[115.58860789497939,-1.4459705271188394],[115.58789888888602,-1.4490071600519163],[115.58593691673545,-1.4530917414701843],[115.58413095448022,-1.4556378788158466],[115.58266395181636,-1.4575998527732992],[115.58080900207413,-1.460302112193343],[115.57811120859864,-1.4651982104406995],[115.57698748938013,-1.4673831509828585],[115.57615811346281,-1.469282687656974],[115.57531536387957,-1.4715791363460151],[115.57459295349109,-1.4737016694697354],[115.57392854392711,-1.4764038838180267],[115.57309915914097,-1.4792710893376642],[115.57226534493265,-1.4813936321352261],[115.56983065498275,-1.4839398025315036],[115.56772598852118,-1.4844704091507748],[115.56460008533655,-1.4846130825908235],[115.56146095687741,-1.4845685461631857],[115.55872304576869,-1.4846576774659899],[115.5558246425688,-1.4850143964664633],[115.5509330070199,-1.4862094565938506],[115.54854737953103,-1.4872573478868767],[115.54554189265828,-1.4888893582478309],[115.54345060176966,-1.4909093522867478],[115.54181858017043,-1.4944186370326116],[115.54138161390087,-1.4963672678160462],[115.54111406660893,-1.498721678608714],[115.54085537407416,-1.5013614742937031],[115.53888006866285,-1.5114033782153122],[115.5374620800066,-1.5180028439820186],[115.53717221057043,-1.520000534891857],[115.53668165468046,-1.5279733908330249],[115.5369403509554,-1.5315852688978018],[115.53747545302845,-1.5343856091160069],[115.53822903987935,-1.5363877566571904],[115.53962027892555,-1.5386663545704071],[115.54129243149782,-1.5406060450546302],[115.54318305639686,-1.5420819685859204],[115.54638021187435,-1.5433171805362587],[115.54833332896725,-1.5437630855121902],[115.55282808632364,-1.5438433461579664],[115.55538760719882,-1.5431923465508781],[115.55896825987287,-1.5414978390275516],[115.56202718431959,-1.5399282843351647],[115.5651932307509,-1.5372126541935507],[115.56773936013622,-1.5347289668580792],[115.57129772349263,-1.5302341990005195],[115.5735495388683,-1.5268363545278676],[115.57575236887801,-1.5250482338220812],[115.57807994906281,-1.523991426583086],[115.58173196123485,-1.523563326311213],[115.58406852706632,-1.5240092775995775],[115.58573183805517,-1.5251998678402832],[115.58716765674887,-1.5268452488698572],[115.58844735692945,-1.5294805799157636],[115.59197456574516,-1.5358704683092017],[115.59353520371391,-1.538429989666199],[115.59567111827106,-1.5416896284429447],[115.59734330513177,-1.5441331534541949],[115.59889957739472,-1.5462423192012158],[115.60272097696452,-1.5473036163511589],[115.60477660325957,-1.5465411091328505],[115.60692589346719,-1.5452568583877568],[115.60871843169053,-1.54197943812283],[115.60910199708417,-1.5396829748732281],[115.60965936744525,-1.5377299007821228],[115.61316869783481,-1.5350143526452646],[115.61641484395042,-1.5355583041013816],[115.61865781116275,-1.5374891258225643],[115.62055289231839,-1.539651814251955],[115.62441898470524,-1.5441510189897385],[115.62682240485732,-1.5455690457356694],[115.62984573328671,-1.5459435525552212],[115.63583430295397,-1.546068408207667],[115.63784976432107,-1.5485789358150364],[115.6383804317353,-1.5510893504283965],[115.63856325207325,-1.5537871371754401],[115.63808614855063,-1.5568861866115562],[115.63558012238063,-1.5637175389240077],[115.63434489547022,-1.5667675803564338],[115.63346203234879,-1.5696392715418201],[115.63259253502751,-1.574758321150914],[115.63215552715448,-1.577054696743946],[115.63119678117643,-1.5791237800854336],[115.62809777104351,-1.583096838682287],[115.62795947642638,-1.587163543809328],[115.62849458859885,-1.589745362079678],[115.6288691845819,-1.592835501310707],[115.62907423208812,-1.598271106104849],[115.6288691845819,-1.6012007766328893],[115.6287220380638,-1.6036621864637586],[115.62914116606561,-1.6061191618443325],[115.63018907367578,-1.6083576224612919],[115.63307849999428,-1.6132626137048776],[115.63434489547022,-1.6148545386381015],[115.63624005199388,-1.6167852948517591],[115.64157317676467,-1.6211061773007893],[115.64364658543742,-1.6228630428494601],[115.6463488132983,-1.6259933565381615],[115.64803885542912,-1.6302741068786335],[115.64851594206833,-1.6325081239443426],[115.64911794440495,-1.6372570814791318],[115.65062506717574,-1.641145416317579],[115.65349676126885,-1.642844301380004],[115.65713542660772,-1.641898997162966],[115.66036824078859,-1.640213467101718],[115.66320867525536,-1.6380730603924565],[115.66604465534303,-1.6371366601721908],[115.66851057987874,-1.6389470797692895],[115.6755202328725,-1.652756913720217],[115.67639871883995,-1.6552718125193127],[115.67659939654575,-1.658366409435782],[115.67476664920332,-1.6653271024987781],[115.67344678910622,-1.670838526175695],[115.67229635443387,-1.6761716029305396],[115.67150708739666,-1.6782450833655764],[115.67021837092491,-1.6809473244756534],[115.66725309926805,-1.6868734971149084],[115.6663657334424,-1.6899725473289506],[115.66587973575969,-1.692902142731395],[115.6670524148463,-1.704406653445296],[115.66741359251154,-1.7064667738196497],[115.66910359793229,-1.710578061504414],[115.67048597719615,-1.712169919858771],[115.67478001575785,-1.7152957809163418],[115.67684911455143,-1.7168252740411403],[115.6788021454908,-1.7190547835143215],[115.68099160108909,-1.7223054578037216],[115.6824407523976,-1.7254447007482072],[115.68388998647872,-1.7282940806166696],[115.68493787004876,-1.7300063612199374],[115.6868195891881,-1.7314288171985643],[115.69036904616037,-1.7323206477815776],[115.6927011889328,-1.7318434825130125],[115.69491735665407,-1.7310765112038224],[115.69883687779242,-1.7300688057312066],[115.7011333688789,-1.7306796473688062],[115.70160603007977,-1.7342960224918966],[115.70056705937499,-1.7395755999980418],[115.70025487071992,-1.7429020532631794],[115.70022371504948,-1.745943159079795],[115.70082118086134,-1.748801491409559],[115.70244433798078,-1.7517043512370523],[115.70777294768472,-1.7557353871115906],[115.70990889607383,-1.7588166342027884],[115.71124212840546,-1.761728403152183],[115.71257986942452,-1.7649211468487385],[115.71414055910049,-1.7674404745730312],[115.71604014033787,-1.7698841081975287],[115.71834551873378,-1.7728449667538109],[115.72053493313516,-1.7758681990103609],[115.72215354991354,-1.7783207282272455],[115.72359381738868,-1.7807731873878316],[115.72527490251994,-1.7840283885111499],[115.72672409315733,-1.7869357267245682],[115.72778535927876,-1.7903647601893227],[115.72849437270628,-1.7938027066479245],[115.72881095401672,-1.7975795401995103],[115.72866828478895,-1.8007990208168199],[115.72811982024677,-1.8034923399394607],[115.72711210184407,-1.8067117967827584],[115.72628714253007,-1.8102746591018473],[115.72603746904599,-1.8137081396403234],[115.72624253542148,-1.8176054142516431],[115.72678206423623,-1.8210968896554884],[115.72760702206855,-1.824989656612453],[115.72826248975863,-1.8286505861840057],[115.72840073463917,-1.8313439118650878],[115.7281331842295,-1.8335243561811414],[115.72735734978033,-1.8358742995380581],[115.72583673681868,-1.8383491559616998],[115.72431178114347,-1.8407169047615903],[115.72325050164874,-1.8432585698046198],[115.7223587094765,-1.8454346384856464],[115.72203760579727,-1.8475036865516463],[115.72269308672949,-1.8509951686320862],[115.7236785175239,-1.853050776015411],[115.7256940660509,-1.8558377282101584],[115.72914098919397,-1.8593069334434416],[115.73139280278257,-1.862040314359894],[115.73222217129924,-1.8661649848279374],[115.73196356389924,-1.8693220676356261],[115.73113419460337,-1.8729383587145692],[115.7298499991319,-1.8760374833179232],[115.7282847931503,-1.8803494208494473],[115.72870846695236,-1.8824630514700673],[115.73078194892376,-1.8848531183919446],[115.73205720075475,-1.887653426756946],[115.73145077287882,-1.8917290555792874],[115.730505461484,-1.8939050570419436],[115.72949766151268,-1.8962728488984888],[115.72906513983119,-1.898631706361117],[115.72848543329721,-1.9039603475038505],[115.72815548763167,-1.9063192081431484],[115.72749108024566,-1.908722657860357],[115.72631838556134,-1.91137139019093],[115.72519462748406,-1.913440405290403],[115.72374100417414,-1.915977630824467],[115.72232746599657,-1.9189696660771027],[115.72213567068381,-1.922866932828986],[115.7229517028308,-1.9250385426652967],[115.72445002800575,-1.9272546909985495],[115.72544881663448,-1.9304563566001203],[115.72529720615343,-1.9326368259224183],[115.72469527831069,-1.9353925238657568],[115.72323713742931,-1.9390088721424164],[115.7216630445653,-1.9421882226930678],[115.71785049159129,-1.9497240669986922],[115.71599553157282,-1.95323337803471],[115.71202243296838,-1.961799314482408],[115.7090527306886,-1.9686396305452165],[115.70804051782116,-1.9706016422235493],[115.7066358394481,-1.972617128200927],[115.7051108681102,-1.9745746510470283],[115.70381770173144,-1.9766436763348505],[115.70276094913866,-1.9788286676355984],[115.70162833562281,-1.9812454525705632],[115.70079002525455,-1.9831406138406125],[115.70008103106485,-1.9865964060452306],[115.70115115916033,-1.9882864172594774],[115.70399605429681,-1.9891069053210746],[115.70661804951878,-1.9889106858324368],[115.70872718667388,-1.9888883835575297],[115.71203588803296,-1.9893164554299156],[115.71730200553797,-1.9919205447910386],[115.72022276701085,-1.9941278408736753],[115.72573867324823,-1.9983238587352963],[115.72763826495019,-2.0000896389745613],[115.72938623532399,-2.0021274646557554],[115.72992575798192,-2.0045264726417216],[115.72974290732505,-2.0076166313148684],[115.72870846695236,-2.0107691896327107],[115.7274241698724,-2.012847109619071],[115.72603746904599,-2.014809111276295],[115.72480670639631,-2.0164277740072842],[115.72277778714133,-2.0180687262597945],[115.72103880481531,-2.0194064374207925],[115.71748928917619,-2.0220864244839354],[115.71562990197002,-2.023366181600193],[115.71382838574938,-2.0245299650815634],[115.71202243296838,-2.025818637608596],[115.70936481912652,-2.0277449908075202],[115.70747422243443,-2.0305720266086618],[115.70648873385623,-2.033211856383687],[115.70658237935254,-2.0356687904065365],[115.70846413238178,-2.039824715443142],[115.71036366230804,-2.0417956492186926],[115.71345381338352,-2.0428390466371096],[115.71698098627743,-2.043026300991761],[115.72233640560535,-2.043244855553171],[115.72509213907468,-2.044341738612916],[115.72710316239011,-2.0460362393123677],[115.7293149008683,-2.0497818492610183],[115.73043855184301,-2.0528586396723933],[115.73298471859006,-2.0560825824471864],[115.73545058973076,-2.057478299503388],[115.74053838249105,-2.0568004785120984],[115.7430667584117,-2.056466085123315],[115.74887691448087,-2.0572419754782394],[115.75152565974751,-2.0579866416144688],[115.7548743861493,-2.058762501154637],[115.75845510979366,-2.0578617248978346],[115.76046615957233,-2.055712458597346],[115.76186180533749,-2.0535810491773434],[115.76451051518248,-2.0517126516760977],[115.76690062490178,-2.051565489819982],[115.77059720485164,-2.0519757531470826],[115.7737051859259,-2.050334820997156],[115.77632272401209,-2.0501296668438833],[115.77849425127671,-2.0511731151182766],[115.77876184276117,-2.053688039592976],[115.78004607960786,-2.0557971633358205],[115.78219536844266,-2.055074821361562],[115.78410386707644,-2.0531083601643925],[115.7859588174053,-2.051538767615213],[115.7888483329908,-2.0509902897342993],[115.79210794987854,-2.051917802550791],[115.79417246499209,-2.053313453091745],[115.79747218994439,-2.0564749862690097],[115.79891251198325,-2.057995543980783],[115.80058464810568,-2.059578508169051],[115.80334482818166,-2.0615984649690797],[115.80591775718501,-2.062824715782212],[115.80814284891035,-2.063368763413727],[115.81086738554299,-2.0628202562407663],[115.81375681588882,-2.0622138695523256],[115.8169719015453,-2.063301894024172],[115.8183764640975,-2.0661958281818786],[115.81851917663113,-2.068322787334657],[115.81799300841467,-2.071359464497161],[115.81711452455464,-2.0737718182532414],[115.81447029975419,-2.079871848107698],[115.81392634069265,-2.0858961330816492],[115.81378804890115,-2.088406634888052],[115.81213377750021,-2.092094266225226],[115.80780839574747,-2.0958711390296583],[115.80537378090195,-2.09670501483977],[115.80310849518376,-2.0972534525496727],[115.80055350384106,-2.097908948972703],[115.79788248615948,-2.0986313113477584],[115.79393170049451,-2.1008564200870237],[115.79187603060888,-2.104325561999212],[115.7912963669819,-2.1078795178191103],[115.79155943204879,-2.110104556339465],[115.79187603060888,-2.1127934586890658],[115.7922595233229,-2.1188399784088845],[115.79212131073352,-2.1213638360574034],[115.7919830980737,-2.1236513376634387],[115.79196973721191,-2.1266924495480435],[115.792000882463,-2.129269788982697],[115.7921613932944,-2.132524961490292],[115.79248692846858,-2.135262869154875],[115.79241118695849,-2.138183524361361],[115.79216590709596,-2.1411042633076542],[115.79117593834522,-2.147525368891161],[115.79070334119243,-2.1503969999941424],[115.7902886105584,-2.1534916737545045],[115.78987839313017,-2.156755709006226],[115.7896866451584,-2.1591056412959437],[115.78961081258983,-2.1619639480780317],[115.78965098579843,-2.164541293763703],[115.78979362321019,-2.166989310770368],[115.79011473766606,-2.169388315822689],[115.7904268240813,-2.171448437415874],[115.79048929548722,-2.1755730797262047],[115.79007014096648,-2.1779230592582],[115.78919165671249,-2.1803354079045953],[115.78762651951666,-2.1825872532704125],[115.78601235230977,-2.184607233966718],[115.7843758766943,-2.1863997745986414],[115.78236482271853,-2.1890083657163224],[115.78137933222793,-2.1914832040694745],[115.78113404240369,-2.194631283834348],[115.78129455965636,-2.197605522936587],[115.78150861260573,-2.200289883098856],[115.78182973685367,-2.20291629998943],[115.78220430609755,-2.2053108476759617],[115.78275275254121,-2.2079327887047575],[115.78370700157649,-2.2111834808148654],[115.78458983693923,-2.2135691110154485],[115.78547727362518,-2.21563368901682],[115.78664556199838,-2.2178409263379293],[115.78849607138724,-2.220565457425961],[115.79057397491337,-2.222014634016614],[115.7925271012514,-2.2234772273879133],[115.79405212790773,-2.2258450142373976],[115.79499739999588,-2.229175991794984],[115.79548795437705,-2.2318514357814982],[115.79630837164528,-2.233733151320185],[115.79776206044812,-2.2356639856016134],[115.80023240174994,-2.237576914341242],[115.80274289178186,-2.2377062097965617],[115.80583308255504,-2.2388655888776614],[115.80828105332189,-2.2429500937443625],[115.80916398917753,-2.2450592785328705],[115.80971689458053,-2.2477347516750155],[115.80986854843621,-2.250771372559621],[115.80938695688029,-2.25295189260321],[115.80839705109149,-2.255310761645262],[115.80700579673909,-2.25749568286002],[115.80567248955394,-2.2596895949575613],[115.80450419291165,-2.261763099325709],[115.80380413328005,-2.2648086249542416],[115.80452649007452,-2.2678364023437925],[115.80582414567893,-2.2701239040624093],[115.80796005067423,-2.2731159194364885],[115.80924423951764,-2.2748059517891512],[115.81294087472845,-2.2831667546770165],[115.81505442715711,-2.288116366894461],[115.81786365518589,-2.2936277907649805],[115.82116787504425,-2.2973600675832673],[115.82340186758292,-2.29864429388565],[115.82614872596906,-2.299473702039572],[115.82881079863873,-2.2989697868353165],[115.83187866660383,-2.2984169007697726],[115.83461650248795,-2.298898461121672],[115.83635557160203,-2.3012172189064053],[115.8366766306723,-2.3033843520814306],[115.83563320985547,-2.3059170867529386],[115.83310046045482,-2.308298249577295],[115.83111612578227,-2.3091276321257967],[115.82731701914075,-2.310090833027098],[115.82363827307913,-2.311343848568407],[115.82065507144354,-2.3137784891140956],[115.81903640738186,-2.3163290795716103],[115.81665975548073,-2.320819420646515],[115.8162540011639,-2.3244268156516066],[115.81772545568026,-2.3280743412531475],[115.81958044640422,-2.329728680318505],[115.823250311602,-2.332680594576018],[115.82464599543961,-2.3343304534526808],[115.82597929911796,-2.33614088804589],[115.82726349241466,-2.338468537143885],[115.82802595389768,-2.3403502444961983],[115.82851202535002,-2.342339023764429],[115.82867251448715,-2.345710132164786],[115.82813300703579,-2.3476632233039885],[115.82714750276092,-2.3505482295236315],[115.82621109885329,-2.3526172484006405],[115.82504280088042,-2.3546863036889825],[115.82411983918861,-2.3581956185642095],[115.82531034634793,-2.361776222990714],[115.828195469724,-2.3647192892117253],[115.83174932004725,-2.3699319234874316],[115.83280169193377,-2.37214815124318],[115.83392536673993,-2.3749350452113407],[115.83476371949796,-2.3781857473946464],[115.83490633307879,-2.380473230410011],[115.83476814232534,-2.3828856546577146],[115.83567779902867,-2.3865866821599715],[115.83787610829408,-2.388245474300964],[115.84124723540246,-2.389632272273266],[115.84326272476876,-2.3910904052554764],[115.84551458522104,-2.393409147094368],[115.84712875740225,-2.3951035680588992],[115.85010742288239,-2.3968961388376986],[115.85231021683254,-2.39682029316717],[115.85446849685728,-2.395808111893197],[115.85710826634025,-2.393489409770095],[115.86098321440518,-2.389489536773835],[115.86399755549502,-2.3860649991367207],[115.86651692609593,-2.38288560581493],[115.8685815016417,-2.380232489093981],[115.87037856102128,-2.3784979080613535],[115.87359802141917,-2.3765046720890757],[115.87739719270155,-2.375715422799887],[115.87979171577284,-2.3764333155733883],[115.88213270152843,-2.3773117384879776],[115.88499988461278,-2.3787654362463373],[115.88842005031954,-2.379068665705007],[115.89077891829722,-2.3770263833084218],[115.89030622590208,-2.371372223000278],[115.88972659450079,-2.3667972236330828],[115.8899985873479,-2.3618788118176997],[115.89073876023224,-2.3576382111439322],[115.8916306288126,-2.3527688384572993],[115.89290593340051,-2.346057952200246],[115.89398946821667,-2.3422097488282043],[115.89487239195188,-2.3400827481044377],[115.89598714213204,-2.338294634523173],[115.89954992550433,-2.336988132431384],[115.90189542919886,-2.3374162086688752],[115.90388420005995,-2.3381876276724474],[115.90658646439066,-2.340047047658454],[115.90911030341027,-2.3417861146093193],[115.91267309031608,-2.3443055194407187],[115.91455927336807,-2.345139321080741],[115.91807750152907,-2.344403605746724],[115.92061025382537,-2.3424282011911117],[115.92469929483411,-2.3376881655167345],[115.92658999349902,-2.3348566755045117],[115.9278117129027,-2.3325557661349627],[115.92902458411082,-2.329969481839579],[115.93058086236941,-2.32743224815405],[115.93417484820603,-2.32456953108848],[115.93683701149715,-2.3236242064482386],[115.94393137999671,-2.3223845298209156],[115.94637501247429,-2.3221258969092364],[115.95170808621008,-2.32172011244814],[115.95375927414909,-2.3215150217299945],[115.95744244007366,-2.3206678103152636],[115.95998419483593,-2.319544077307335],[115.96109893951242,-2.3176356230289774],[115.96129516511762,-2.3153480843728227],[115.96086256640342,-2.3131230304273567],[115.96015362622924,-2.310790914174376],[115.95931079868976,-2.3082313976023965],[115.95854384311109,-2.3056049479082485],[115.95839669492382,-2.303263956021399],[115.95853491137186,-2.300976418283883],[115.95906116170794,-2.2982206816938118],[115.9599975472607,-2.295977730847695],[115.9611122918801,-2.294189648499956],[115.9643318164743,-2.2924327881882505],[115.96700278458499,-2.292517470352993],[115.96933938558062,-2.292999072767236],[115.97190781815242,-2.2939979283027054],[115.97409272507976,-2.295166200881038],[115.9763892076546,-2.2969587359901795],[115.98061197260043,-2.3024568245746213],[115.98315368151876,-2.305279415909956],[115.98614569432556,-2.3077542182058424],[115.98902184426407,-2.3102914393511766],[115.99122013839245,-2.3128956138465813],[115.99414088458367,-2.318460508588086],[115.99604939192783,-2.3206098498153676],[116.00041932187285,-2.3246764965834346],[116.00328647320435,-2.3262996683212958],[116.00649257551025,-2.327450094755848],[116.01082678943644,-2.3287610708111757],[116.0135111692779,-2.3295235658069657],[116.01653891052656,-2.330286097155975],[116.02274157833989,-2.3307854691518592],[116.02661209282579,-2.3309638408343716],[116.03019717340881,-2.3312447867528654],[116.03296622335151,-2.3318780117420936],[116.03507097354884,-2.3323550957217005],[116.0384063755659,-2.332796556412873],[116.04074296202702,-2.3329437153041117],[116.04421213173336,-2.3327876349623105],[116.0468742467937,-2.3324665983268327],[116.04982610740848,-2.332078666537789],[116.05720597050941,-2.331057508562105],[116.06101400789059,-2.3307854956649035],[116.06794787175164,-2.330803343207121],[116.0710068931917,-2.3306650766752046],[116.07857398274838,-2.330031913765836],[116.08255150208831,-2.3296395150695117],[116.08651561322897,-2.3291847083205672],[116.08941850080484,-2.329037519066436],[116.0927806941438,-2.3293853169179615],[116.09625871290415,-2.3300229868148694],[116.09882271909001,-2.3306204801312123],[116.10738424639813,-2.332622632303182],[116.11171845961552,-2.3335902548007224],[116.13164618843263,-2.335552249588117],[116.13676525010122,-2.335833218922314],[116.14672683069797,-2.3367874241147297],[116.15032085045456,-2.337135244779513],[116.15402191738632,-2.3374875533444346],[116.15754912179204,-2.337447411972568],[116.16146860002857,-2.3372779583589285],[116.16555767216099,-2.3372199577230135],[116.16937912706068,-2.3375098119358406],[116.17626836104293,-2.3386201125139565],[116.17893935833438,-2.3384150408790574],[116.18144095278576,-2.338093973293998],[116.18433489978972,-2.337429579670081],[116.18931569069242,-2.3361542249482654],[116.19187081192449,-2.335668200789213],[116.19476923412091,-2.3355210724832256],[116.19806448513631,-2.335467562897407],[116.20262164608664,-2.3363816707354834],[116.2054308920553,-2.337487501261932],[116.20835159790023,-2.338994693979776],[116.21104496189753,-2.341014696356851],[116.21703347469656,-2.3456253646440928],[116.21945924783805,-2.348456917272236],[116.22154161735138,-2.3512928984107995],[116.22544782645974,-2.354093190617061],[116.23049997638374,-2.357397426873681],[116.23335829112601,-2.3589046052926332],[116.24016733759073,-2.3612768616703037],[116.24386390690255,-2.3619055459189537],[116.24830514143828,-2.3620214890564863],[116.25228716150002,-2.3619055628698917],[116.26092441119786,-2.361330325004663],[116.26512041702581,-2.3605856915174988],[116.26863864446028,-2.359680461684243],[116.27300409900366,-2.359007149224084],[116.27652680795737,-2.3589491472529094],[116.28385760940891,-2.359024997587061],[116.28663564955893,-2.3582491322861254],[116.29231200792515,-2.356911350923303],[116.29526393206329,-2.3571476955293797],[116.29823374967667,-2.3578032055207796],[116.30419111451533,-2.3604652723894683],[116.30898910021774,-2.3619055967850717],[116.3117849607127,-2.362592274857684],[116.31537007985558,-2.3631184436347605],[116.32316014726389,-2.3631853187077896],[116.32753002426641,-2.362552120690061],[116.33227448556183,-2.3614061485939994],[116.33705020217542,-2.3602468022320915],[116.34129974800821,-2.3591052625934203],[116.3455492185857,-2.3580172495771246],[116.35043195410746,-2.35737510768846],[116.35401262361509,-2.357045114672455],[116.35810162483888,-2.3570495787052472],[116.36225748090135,-2.357392971303726],[116.36574006467735,-2.3578031956805074],[116.37343644501274,-2.359243470862924],[116.37731147234872,-2.3598186732388178],[116.38578816185122,-2.36050984760929],[116.38967208443982,-2.3614195050246405],[116.39440765693561,-2.36279294462479],[116.402175336626,-2.3645230508382253],[116.40684401740091,-2.3653702579468603],[116.41157519432741,-2.3659366156755417],[116.41556603813302,-2.3667392105439653],[116.42492574138744,-2.3691827957623683],[116.42914400169272,-2.3697580595298486],[116.43204687084705,-2.370172706809288],[116.43484272944828,-2.3707078207729877],[116.44385455262636,-2.372763483911783],[116.44848756242256,-2.374119026547034],[116.45836006834499,-2.3773518656168346],[116.46356829653965,-2.3789526906693155],[116.46812997029546,-2.3800362748568125],[116.47264257783722,-2.3812357597253797],[116.48223857889437,-2.384357167228748],[116.49425582291731,-2.3896322750435144],[116.50347276066674,-2.393966488127151],[116.50930974323026,-2.396182647494153],[116.5238330572371,-2.4023852803799555],[116.52761883101485,-2.4041109243277075],[116.53025863768461,-2.4054977379751508],[116.53678673692357,-2.4089624795538516],[116.54074195794651,-2.4111920375474045],[116.54469270086734,-2.4135419263984406],[116.54813513367327,-2.415035740552603],[116.55531873306828,-2.4178984988553136],[116.55532323304136,-2.4178984719362937],[116.56128948974403,-2.402171216445656],[116.5692712854289,-2.3673590766424946],[116.57422090117193,-2.355359575372722],[116.57785952039157,-2.339614487265892],[116.57843024011743,-2.3371397507294445],[116.5785283296146,-2.3364218278752555],[116.5797590342601,-2.327601689789643],[116.58147135490854,-2.3152589008098485],[116.58581005230704,-2.301770124473276],[116.59010862355954,-2.288370536026677],[116.59310072111364,-2.279051037311743],[116.59532135023858,-2.2613216208174984],[116.59660109514448,-2.224707932722079],[116.60030216475725,-2.1989120258716133],[116.5947015415151,-2.1833007081991362],[116.59282419827176,-2.180852678012025],[116.59137948919619,-2.1789709332979066],[116.58732174691069,-2.1736780150663924],[116.58526157798137,-2.1730091321589757],[116.58418694243028,-2.1757648487741252],[116.58211792629496,-2.181080129195696],[116.57551849272012,-2.1913895630377396],[116.57077840975964,-2.198791623148132],[116.56458471064781,-2.202457010674156],[116.55646919331353,-2.207259513309148],[116.52364133209963,-2.2183001840955328],[116.5184062742844,-2.224342266392772],[116.51673858117681,-2.2262686435405326],[116.51488805516051,-2.22518949527433],[116.51090160569487,-2.2228618626201735],[116.51286810424504,-2.2202443505659732],[116.51585121628165,-2.2162802374663353],[116.53177915910352,-2.206510362370221],[116.53511008578825,-2.199010173146009],[116.53853916095059,-2.191278055696568],[116.53276016147788,-2.183260592760136],[116.54101836364923,-2.1799787120381797],[116.53635866460209,-2.1751807382015196],[116.52216981387161,-2.1718319467532865],[116.51788014257566,-2.1724606459489317],[116.49911180638766,-2.175211934642471],[116.49600820891457,-2.1769866171462033],[116.49545979075741,-2.1772987781460675],[116.48383044676117,-2.179911800718025],[116.48139132480019,-2.1815706011554377],[116.47835915443413,-2.183630711418534],[116.47537601130269,-2.1842282450108703],[116.47242848258962,-2.184821282530089],[116.46356829653965,-2.192250143758038],[116.46219489713354,-2.192758498695925],[116.4483002772916,-2.197868623893025],[116.44557138992504,-2.2006511166577303],[116.43667993327333,-2.20485155822272],[116.42751646310157,-2.207700914451054],[116.42460021073343,-2.2086106094352735],[116.41636868345512,-2.208441153688793],[116.41500869647525,-2.209827904134229],[116.41112032607224,-2.2093998811071605],[116.40382079120641,-2.2112815928925715],[116.391201534908,-2.2182912654404845],[116.391201534908,-2.2182868688911466],[116.3887490236242,-2.2132213007295656],[116.39235199363154,-2.2053688371127156],[116.39071996891975,-2.2012397186927357],[116.38449951123776,-2.196218759851639],[116.38128001575241,-2.191179945745374],[116.37971042160274,-2.1783511243434286],[116.38185526982123,-2.173691355254905],[116.3841605953268,-2.1686793713005303],[116.38566774518658,-2.165379584095806],[116.38786162457369,-2.1515519171352793],[116.38507025426723,-2.1444396676450355],[116.38862860845971,-2.1296889421812706],[116.38832095058953,-2.126643420963165],[116.38813812092882,-2.1248597334998256],[116.38260885324898,-2.119370598070665],[116.37777072866821,-2.119156556156121],[116.36913342728268,-2.1187686501093492],[116.36912901379891,-2.1187685959720612],[116.36091979278075,-2.1213593885986275],[116.33701011516162,-2.1341703713809497],[116.32582215385133,-2.1363196175980876],[116.32467623970187,-2.1359673816075535],[116.32216124532596,-2.1351914973005375],[116.31470115115238,-2.139351830038436],[116.31470115115238,-2.139347371737838],[116.31282841119582,-2.1354411810935376],[116.31993613313027,-2.1320968422540787],[116.3216708016969,-2.1312808775165646],[116.3234187007523,-2.1307680538939366],[116.3353602359703,-2.127281013130903],[116.33781716905604,-2.125497371293926],[116.34080925333141,-2.1233302634901436],[116.34269988184222,-2.1203739044287166],[116.34421152716632,-2.1180105907242566],[116.34459950348642,-2.1154510747040858],[116.34508999041309,-2.112249400048526],[116.34164755271696,-2.1055785912363345],[116.33906130051379,-2.100562135189257],[116.33693876926884,-2.0906807399053213],[116.33792869163784,-2.0782710388728662],[116.33930209068848,-2.0775843326361843],[116.34245017704373,-2.076019249069275],[116.34278014404364,-2.0768307808606012],[116.34818899783401,-2.0988899509058307],[116.35190797001755,-2.107380096201728],[116.35440058406208,-2.1088337660566157],[116.35696009838776,-2.1103275675349944],[116.35696009838776,-2.110332021101368],[116.36516035815573,-2.1072908778611588],[116.3688124136799,-2.1019934759169256],[116.37489016183852,-2.0931912014638243],[116.38809353929071,-2.085552794343062],[116.395830084463,-2.081080302631252],[116.40172945618235,-2.0797737835345473],[116.41251158438948,-2.0773881575938606],[116.41821026372747,-2.076130714919429],[116.4204800254236,-2.0756312632170593],[116.42743172705099,-2.0724162521071676],[116.43209144420184,-2.070258048019503],[116.43552050562151,-2.0694420614171993],[116.44600836339768,-2.0669404975635497],[116.45349963515646,-2.059529432269916],[116.45425326011038,-2.057500543293552],[116.45641138726842,-2.051681458702909],[116.4579810118443,-2.041077719697735],[116.45903786665825,-2.0339520526197408],[116.45797209815673,-2.0272277013968916],[116.45641138726842,-2.017399901496174],[116.45636240667305,-2.011215094021308],[116.45630883413516,-2.004508609026691],[116.45275942362892,-1.9865919567894021],[116.45271926611882,-1.9842197229482155],[116.45264795500763,-1.9803492065696715],[116.45253648633336,-1.973914699413592],[116.45238035806887,-1.9651882475569964],[116.45526988462908,-1.92190820889394],[116.45296012103718,-1.9165795857682597],[116.45040056342435,-1.910671308861215],[116.44146003572186,-1.8979717889115268],[116.43701877393511,-1.891662118838254],[116.43649705095943,-1.8897001653220307],[116.43536895838834,-1.8854595609870561],[116.42959883521597,-1.8765279796628933],[116.42703037852087,-1.8752035743840023],[116.424319254455,-1.873799005200818],[116.42431484199795,-1.8737990098161417],[116.4217597453581,-1.8739461659425602],[116.41976204285953,-1.8740620793077587],[116.41590049652861,-1.8767508976851524],[116.41141912895655,-1.8728090682597458],[116.42233940370485,-1.8505715022517382],[116.42250887943526,-1.8491892397977638],[116.42299047080387,-1.8452785502932103],[116.42533150593859,-1.8411762244667378],[116.43313941086873,-1.8274911895330521],[116.43136908467233,-1.8273083801074854],[116.43743352216472,-1.8214268710625354],[116.44334175906562,-1.815688012224698],[116.44490246687283,-1.812892143079156],[116.44604843201456,-1.8108409606782006],[116.44694470666002,-1.8025157669895373],[116.44820222266104,-1.790810637451243],[116.44822005077872,-1.7895888428045021],[116.44854113674741,-1.7749317857854232],[116.44693138051997,-1.773099091154674],[116.44595929058791,-1.7730143560814866],[116.4371035065356,-1.7722518933087483],[116.43709909431804,-1.772251894259344],[116.42385108329758,-1.7732596072666875],[116.41174017503447,-1.7714982713739509],[116.40671919863846,-1.7724481080816337],[116.40599685153498,-1.7736788029466037],[116.4053591561688,-1.774757889509288],[116.40292453275919,-1.7734959761818543],[116.40008849004697,-1.7720289198162902],[116.39335528563473,-1.77195757025424],[116.38684056667934,-1.771890719867355],[116.38505692463659,-1.7709141602197014],[116.3801920098911,-1.7682610145535809],[116.38018750654525,-1.7682609496637112],[116.37659353919126,-1.7684214770267805],[116.37447989754827,-1.7685196280781457],[116.37332944245733,-1.7693400828382329],[116.36993163600157,-1.771770309762043],[116.36903083628206,-1.7733933781294215],[116.36813012323277,-1.7750120528360593],[116.3686250654742,-1.779546943391984],[116.36886141241715,-1.7816694966419815],[116.36802311829652,-1.7846526252715849],[116.36701089246046,-1.78825111393455],[116.36762175928666,-1.7918719022074032],[116.36874107726511,-1.7985204660771115],[116.36895058288736,-1.7997377940318395],[116.36903533983877,-1.799621859544874],[116.37089926458717,-1.7970578485090207],[116.37739172292851,-1.7969775648986832],[116.3788007421701,-1.7969597469314798],[116.37691012897605,-1.8036216483778533],[116.37827015427432,-1.8044153537722112],[116.38023217973235,-1.8055613288675432],[116.38023217973235,-1.805556910025866],[116.38202468444626,-1.8048166921267645],[116.3835050983412,-1.8042013494540141],[116.38350960162425,-1.8042013461067816],[116.38289868546515,-1.807518940770423],[116.3803659290428,-1.8096057628661026],[116.37963017180445,-1.8102122189698509],[116.37370404126037,-1.8102879980945865],[116.37369953779185,-1.810288001635493],[116.37122919234166,-1.8083527907359358],[116.3703685690269,-1.8076794214014769],[116.36051842183228,-1.8111218395395992],[116.35782959740929,-1.8071800454340665],[116.36088853703316,-1.7972585058411037],[116.36164218673,-1.794828298595955],[116.36079936355215,-1.7909488677203078],[116.35975152762063,-1.786110794575488],[116.35424898501172,-1.7829180628428078],[116.34969619470151,-1.7817765041737823],[116.34532185661094,-1.7806795844318821],[116.33231015920326,-1.7828378145494685],[116.3265578963266,-1.7855890287112313],[116.32207205745149,-1.7877293840413564],[116.31934307271396,-1.7901774642830697],[116.31887046116593,-1.7906010553947198],[116.31252957507814,-1.7963087255161645],[116.31229776736758,-1.7963310026767436],[116.30135065851375,-1.7972986541804363],[116.2949607494962,-1.7996396432876711],[116.29431861387353,-1.8000231376476734],[116.27424820362609,-1.8119691197484118],[116.26921840281031,-1.8129857374831992],[116.26718059206922,-1.813400468320786],[116.24155859299513,-1.8080406273313365],[116.23390226477561,-1.808789721182648],[116.23389784882471,-1.8087897227988652],[116.22733845193024,-1.8050931405688135],[116.2166410586955,-1.7990599762817365],[116.20928805513476,-1.7911985830442432],[116.20829364378909,-1.7909399565200474],[116.20586794108661,-1.7903112483010106],[116.20583224892827,-1.7877115551335492],[116.2057608645961,-1.7830206097548285],[116.20852555028272,-1.7839079729737783],[116.20852996668874,-1.7839079723410347],[116.21146857167015,-1.7817452929636932],[116.21310946682917,-1.7805413432525654],[116.23363920013432,-1.7855489480084326],[116.24241913431085,-1.7863114374784304],[116.24347153375172,-1.7864005884579781],[116.2451748468155,-1.785745086905901],[116.25076214595062,-1.7835913601271491],[116.25733037775755,-1.7759618804009527],[116.26203476255075,-1.7669544787422937],[116.26252082127559,-1.766031404378163],[116.26909792780512,-1.7588612251570552],[116.27888125924721,-1.753269487936429],[116.28091014182847,-1.749349907558977],[116.27053821745893,-1.735611442693546],[116.26330109038516,-1.732601524348659],[116.26364891713185,-1.7263409400878134],[116.27027960751893,-1.7310096757183775],[116.28240838825464,-1.7346081230167822],[116.30272850052047,-1.732177934015892],[116.30726785463617,-1.727781244632226],[116.30877954226435,-1.7245707376525687],[116.3102019380782,-1.721551878313162],[116.31284174484576,-1.7070419972238853],[116.31279273466944,-1.7009820658695887],[116.31278823005712,-1.7008304706485244],[116.3104784339866,-1.6962420161209208],[116.31025995809955,-1.6878187885608202],[116.30977831942538,-1.6835603256012548],[116.31175820320273,-1.6833507977289528],[116.31188748609378,-1.683422113349411],[116.31748811661998,-1.6865301228842455],[116.31845577665229,-1.6882513155158378],[116.32096180078449,-1.6927193829788583],[116.32182233122747,-1.695582122119103],[116.32399841810516,-1.7028192117206444],[116.32472524746267,-1.703541619757159],[116.32583999115108,-1.7046519041607948],[116.32584449551952,-1.704651904701693],[116.336341246585,-1.7041212718504204],[116.35426231636401,-1.6979721699462271],[116.38350960162425,-1.6879391665415837],[116.39328836961242,-1.6805103176323453],[116.40944817565816,-1.6732687266836297],[116.4146519034684,-1.6689701952812537],[116.4147322314715,-1.6689032671725694],[116.4178580682392,-1.6663214715337047],[116.41985569679834,-1.6657730235261878],[116.42218784799373,-1.6651308727602623],[116.42759669667717,-1.661960470034274],[116.43606897432268,-1.6569885764996657],[116.46600742464514,-1.6509152704638204],[116.47825210945692,-1.6484315487405707],[116.48454832321481,-1.6461841875733572],[116.49603053451143,-1.6420907220427696],[116.4994684707805,-1.6436781400587768],[116.50329884258237,-1.6365302130028274],[116.50233571931992,-1.6328603854688408],[116.50143047523089,-1.6294090210506864],[116.5023312183139,-1.6266399030982408],[116.52192011930575,-1.6223681061840174],[116.52761883101485,-1.618189922652398],[116.54284221894615,-1.6114567080798312],[116.54290018173785,-1.6114299471564273],[116.54316326422546,-1.6113140160023411],[116.5440104723963,-1.6109394672515032],[116.55036915931107,-1.6058382075455395],[116.55606788737092,-1.6041883401478183],[116.5571692945558,-1.5995821229365703],[116.55589400891107,-1.5935801633708566],[116.55547929205302,-1.5916404488465181],[116.554578576297,-1.5874087649368687],[116.55425745695582,-1.5814202027662774],[116.55272799393269,-1.5531405476202687],[116.5511316499182,-1.5467016276577976],[116.55061882306269,-1.5446415523932397],[116.54938364185426,-1.5417119048703558],[116.54596804866621,-1.533640902737405],[116.53976089953416,-1.5270102406836794],[116.53890926544013,-1.5293869136440927],[116.53819137739625,-1.5313891006430906],[116.53939079641276,-1.5387421395656857],[116.54262809850675,-1.545849930005594],[116.54060370996814,-1.5488598136950993],[116.54059920970703,-1.5488598080031244],[116.53761164696611,-1.5454218655803948],[116.53494960259705,-1.5390364377568349],[116.53226070496865,-1.5325796261976266],[116.52947825608162,-1.5169192830476501],[116.53056178867297,-1.5169505017108786],[116.52854629517199,-1.5050001119027812],[116.52745825260311,-1.4985701164187015],[116.52825196252101,-1.4937988855074453],[116.52899220392288,-1.4893486386729513],[116.53192182279638,-1.4826600286886784],[116.53393287643044,-1.479395940634166],[116.53886021222849,-1.471400772525395],[116.54004189669176,-1.4695012055537564],[116.5490180543042,-1.4597224325775608],[116.5606607689959,-1.4470407473971105],[116.57298125745871,-1.4378014446694012],[116.585422115968,-1.428468571127689],[116.6137686152301,-1.4182483148658949],[116.64394784593267,-1.407368120537847],[116.64395225418934,-1.4073680662327224],[116.65514022192582,-1.407519673531984],[116.66730014024142,-1.399372899764615],[116.66832130810458,-1.3986907067966623],[116.67288295359133,-1.3977542676917443],[116.6915799533493,-1.3939283670715208],[116.70728934409821,-1.3857681931910875],[116.74397882426575,-1.3781520556527678],[116.74496879701552,-1.3777909055125184],[116.74817041894096,-1.3766314968361761],[116.75171090702428,-1.37532946581926],[116.7596703910497,-1.3686096218023136],[116.76274276966839,-1.3638116109391527],[116.76441044486062,-1.3612119379166487],[116.76524432268202,-1.3576446817510033],[116.76662218332436,-1.3517720368715096],[116.765427120795,-1.3454936113758702],[116.76495893073562,-1.3430410961584165],[116.76234147192135,-1.338831735912195],[116.76011188682091,-1.3352510462306109],[116.75692365606415,-1.332887699443152],[116.7556304389174,-1.331929006222654],[116.76211847845916,-1.329258042329296],[116.76347846532113,-1.3260296443757293],[116.76165028137133,-1.296831434085411],[116.76272937210804,-1.288078230622994],[116.76643929628801,-1.2793517775943053],[116.77978992030033,-1.247941873688368],[116.77907199141266,-1.2444637294163572],[116.77884011381681,-1.2433489589680424],[116.76899889175165,-1.2415787376600302],[116.76555201327,-1.2370081109673765],[116.75061845403707,-1.2242283645250216],[116.74145050242626,-1.2187793243462615],[116.73381212614774,-1.2180881429293913],[116.72587932093872,-1.217370283835288],[116.72560287135445,-1.2140794334604659],[116.72533091801182,-1.2108108951086953],[116.73613082474269,-1.209852244197039],[116.74434004928048,-1.208411933892786],[116.74633770198524,-1.207600381133573],[116.75298175692791,-1.204898147083693],[116.75621905058166,-1.200015418123878],[116.75773067655257,-1.1977412964685865],[116.75939838965093,-1.1960780857909752],[116.75974619171033,-1.1957346794581896],[116.76054888583813,-1.1949409992489],[116.76198468227358,-1.1935140626221463],[116.76543161656568,-1.190089474469175],[116.76562331614151,-1.1871108180467864],[116.76564111937698,-1.1868789461142835],[116.76334026406404,-1.184132127273412],[116.75324036809809,-1.1773007874130035],[116.74843793805414,-1.1761904588161822],[116.74175822616868,-1.1686411922543165],[116.74771109461274,-1.1706700636715233],[116.75226832662912,-1.1692610105172792],[116.75313785883877,-1.1646503355976145],[116.75069425780585,-1.1614620426549647],[116.74945909374931,-1.1598478688441067],[116.732782085257,-1.1459800826754836],[116.73246094965116,-1.145708053843167],[116.73227812427213,-1.1454850921785815],[116.72532201477176,-1.1367898412204545],[116.72352499187964,-1.1364108078930597],[116.7200602273976,-1.1356795027568845],[116.7182944591798,-1.1365445713871138],[116.71528900561064,-1.13801165874159],[116.71528900561064,-1.13800719707469],[116.71068721401093,-1.1326205567688161],[116.7102189981711,-1.1320720917654656],[116.70770405249085,-1.1313987773947634],[116.70769964548747,-1.131398821166293],[116.70423931149521,-1.1337933560455489],[116.70060965357158,-1.1362993183101828],[116.69905788393608,-1.1373784231841422],[116.69748829480507,-1.1355992498898733],[116.7050821399051,-1.128018795834508],[116.70361062832083,-1.125548455034917],[116.70220152613238,-1.1231717269652546],[116.70316020586651,-1.1185209134264997],[116.70748109398662,-1.1158811105605917],[116.70793150770959,-1.1112391848909449],[116.70668738148618,-1.1100262885790415],[116.7050821399051,-1.1084477791788176],[116.7045291887051,-1.1058793595841776],[116.71116873960842,-1.1050187692089464],[116.71087005715559,-1.1011482262744978],[116.70407876810636,-1.091971416333437],[116.70436423845565,-1.091235646931565],[116.70509104395518,-1.0893806785085483],[116.70876982523532,-1.0907674764556845],[116.70971066898764,-1.0911197501140997],[116.71253326633185,-1.094098442527157],[116.71646176508186,-1.0982409364581747],[116.71716182039577,-1.0982320214678194],[116.71824985163157,-1.0982186431692778],[116.71809372514228,-1.0955565205132844],[116.71792878494178,-1.092809736657501],[116.72063994023667,-1.0847877969309527],[116.72038578769504,-1.0831423912941123],[116.72007803429912,-1.0811893345119163],[116.72506337099553,-1.0824289618264382],[116.72599083596312,-1.0826608222295564],[116.72748908884245,-1.0795483452560648],[116.72669985437243,-1.0764225399379457],[116.72612906055674,-1.074161767436314],[116.71705030094037,-1.0690115135879235],[116.7188205757569,-1.0681330642349345],[116.72320833950694,-1.0659481042446186],[116.72321283613569,-1.0659525803543195],[116.72550925253303,-1.06700044596609],[116.72757830021948,-1.0679502429369798],[116.72829621667907,-1.0669692109764959],[116.7290988450707,-1.0658678602348264],[116.73025822204254,-1.0592059538921275],[116.73076209768794,-1.0563209031895509],[116.73263487193283,-1.0565705922483049],[116.73865911740357,-1.0573687937473193],[116.73883303482062,-1.06346439333908],[116.73897125140883,-1.0681687314178232],[116.7420302492843,-1.080342053876046],[116.74034909611605,-1.0837889916712222],[116.73865911740357,-1.087258180527068],[116.73607731797054,-1.0900896857423457],[116.73254125607843,-1.0939691292226346],[116.7322469189415,-1.1017769630165761],[116.73202848150422,-1.1076585144837372],[116.73591230120533,-1.1107085925471882],[116.74080843572999,-1.1145478674273044],[116.74369790104352,-1.110672886422307],[116.74651161336782,-1.1068915791218865],[116.7494412892082,-1.105857053208875],[116.74996742178475,-1.1056698098016224],[116.7499719178704,-1.1056697660800994],[116.75036874203114,-1.1073508821959972],[116.75119817686044,-1.110900285356879],[116.74714925729275,-1.1121309891181275],[116.74774679389485,-1.1143962279507067],[116.74899086981007,-1.119100564545788],[116.75418129297121,-1.120086022600301],[116.75625025253105,-1.1204784595853912],[116.76176177836739,-1.1257312503135797],[116.7648920335151,-1.1269396718676887],[116.76816943394442,-1.1282105286648527],[116.76936007581698,-1.1353317095475397],[116.77066211382848,-1.1368700864053636],[116.7751301289265,-1.1421898401175887],[116.77647232296704,-1.144655701911978],[116.77974973073016,-1.1506710592930485],[116.78931005579312,-1.1770510947450035],[116.78646515300377,-1.1861387174735427],[116.78461908867985,-1.192029191469045],[116.78568485039992,-1.1970946951397547],[116.78699137694018,-1.203279505391916],[116.78453880120722,-1.2115689894111903],[116.78593002700956,-1.2147795419871041],[116.78817742154645,-1.2147661381624109],[116.79141033151964,-1.2147482954720223],[116.79586938365136,-1.2189800007973879],[116.79669882674276,-1.2197692699113334],[116.79966855966607,-1.2199788275827845],[116.80333839373786,-1.2029094184149287],[116.80433726910265,-1.2015404571481556],[116.8054698197749,-1.1999797733421602],[116.80980407781263,-1.1999173702329367],[116.81083861266238,-1.199899529289999],[116.81159221625506,-1.1998905706377845],[116.81362108075712,-1.1964124554981577],[116.81618057488566,-1.1920291759243087],[116.81698773702722,-1.192586602793145],[116.81799104466499,-1.1932821987693876],[116.81820948662647,-1.1963991001793035],[116.81823178027936,-1.1967201948909747],[116.81798205527917,-1.1969163923290698],[116.81589965407242,-1.1985617874398609],[116.81639910855456,-1.1998549398161302],[116.81646149533724,-1.2000109559201737],[116.81897205411265,-1.198878362551764],[116.81962306151993,-1.1991057578454396],[116.82150928203143,-1.1997612615653472],[116.82030525982286,-1.2015761532651967],[116.81762086145055,-1.2056204969847042],[116.81710810542127,-1.2057275481560972],[116.81313060950346,-1.2065792564547722],[116.81136028318254,-1.2096917195398846],[116.81213177433348,-1.213669231271295],[116.81738012516196,-1.2152298766403264],[116.82039002881325,-1.2149400455657926],[116.82170992178884,-1.2148107480709531],[116.8229986143221,-1.2128085716653576],[116.82452802789469,-1.2104185033708892],[116.82813101558556,-1.2101911371303595],[116.82941967012603,-1.2119880931255171],[116.82673088953356,-1.2149132644632035],[116.82249027564828,-1.2195195705666126],[116.8113513834202,-1.2222083687415888],[116.81021877333166,-1.2247277895028001],[116.80908175239168,-1.2272694901298837],[116.81139156719273,-1.2306985295803639],[116.81848599967626,-1.2349480242073465],[116.82355153803005,-1.2379801962302357],[116.82370309515316,-1.2413602359290279],[116.82381905515842,-1.2439509826413948],[116.82102323325135,-1.2439687801559096],[116.81560093371968,-1.244008949220615],[116.81511936652414,-1.2444503726778617],[116.81379053400413,-1.2456320672531407],[116.81432559188137,-1.2466933283909998],[116.81680039728856,-1.2515894027382464],[116.8163010336196,-1.2526105201398747],[116.81566781547127,-1.253899216664616],[116.81823178027933,-1.2587105843993418],[116.81350961011442,-1.269778104634004],[116.80714202488075,-1.2728191855836846],[116.80510869514993,-1.2758201694940865],[116.80765030940903,-1.2801811255801592],[116.81031244604529,-1.2818622714123007],[116.81338923973551,-1.2838108551684504],[116.81339364462731,-1.283810871112864],[116.83467695279666,-1.2812290354724385],[116.83551083260483,-1.281130977534435],[116.84396971832851,-1.282669333490383],[116.85171966231724,-1.2803193712424463],[116.85747630428011,-1.2801499309731417],[116.8619756161725,-1.2800206282018405],[116.8619800200795,-1.2800206441658917],[116.86533774837197,-1.2808366585744533],[116.86839219326484,-1.2815813488084062],[116.87128617390098,-1.2811710713096283],[116.87524139478087,-1.2806092253013595],[116.88249190550444,-1.2776572738432532],[116.8861617775232,-1.276159075976392],[116.89344346239821,-1.2748659389310733],[116.90097938261641,-1.2735281639569271],[116.91117728226777,-1.2688907222108232],[116.93078843106899,-1.2599680573709973],[116.94667618168307,-1.2483877979994646],[116.96074909098242,-1.2381318611741596],[116.96624723438796,-1.2353761161927201],[116.97144206022793,-1.2327720120657204],[116.97334159071852,-1.2303462631860915],[116.97507177814494,-1.228138960273294],[116.97557122217438,-1.225927270848063],[116.97616866707284,-1.2233008885721877],[116.97521002365157,-1.21778941680805],[116.98115844735169,-1.219118260244785],[116.98116284880533,-1.2191182125796292],[116.98222862666852,-1.2187035282953282],[116.98317843546928,-1.2183289478785697],[116.98593855167468,-1.2172498525342033],[117.00003822320333,-1.210021631328559],[117.0044661820971,-1.206552486422758],[117.00774802097658,-1.2039795838061453],[117.01923028190926,-1.1829682876303624],[117.0223605638895,-1.1737513188988498],[117.0217853427134,-1.1656803747395335],[117.0215891115535,-1.1629380452015832],[117.02327911834006,-1.1583942080045193],[117.02853190087129,-1.1442722459731172],[117.04346097472748,-1.1264402440296266],[117.04730918474571,-1.1234303591385049],[117.0522498649716,-1.123229707332799],[117.05439021242157,-1.1231494277817782],[117.06411111471232,-1.1111098689301218],[117.0659928372215,-1.1098078072328506],[117.07182977711416,-1.1057679024153517],[117.07331466533745,-1.1018527585510698],[117.07541044248832,-1.0963101169722296],[117.08262078878211,-1.0845291647282296],[117.08900626307562,-1.0768015316738704],[117.103649923125,-1.0590810817524472],[117.11304974967082,-1.0353185169939194],[117.11803949417458,-1.0313811802927897],[117.11980968666784,-1.0235509450973366],[117.11888222259705,-1.0214819413603236],[117.12047862157927,-1.0207685205806527],[117.12410826478364,-1.0191498356348674],[117.14428130799662,-1.0003681180273807],[117.1448119406053,-0.9990660355807638],[117.14787086005926,-0.9916015392596421],[117.1513489668741,-0.9880386807328048],[117.15307013762362,-0.9862818343659936],[117.15777000807411,-0.9731319003633013],[117.17562872896222,-0.9523078982518755],[117.18538968411374,-0.9453294334872496],[117.2287410791535,-0.9221286933711726],[117.23287910467526,-0.9199081101065157],[117.2341054325444,-0.9193953208580083],[117.24515954185958,-0.9147578206555861],[117.2502563071063,-0.909812654446574],[117.25400187281268,-0.9061785139592671],[117.25480896388976,-0.8939917700589446],[117.25381905013192,-0.885144941032368],[117.25334198800759,-0.880890981202536],[117.25698056733977,-0.8514385901691596],[117.25433190411094,-0.8342219935805487],[117.2554243495993,-0.8262357770139137],[117.25632060259312,-0.819698742509703],[117.25441210190382,-0.8122475297672311],[117.25414908172988,-0.811230848064417],[117.25541546868187,-0.8110525408568783],[117.26369150632289,-0.8098797962489245],[117.27000565914472,-0.807311302525339],[117.27413027937418,-0.8056302739932596],[117.27785360402144,-0.8015769039405063],[117.28216112899827,-0.7968904393159628],[117.28397151040934,-0.7914191123046541],[117.28690114716464,-0.7825811774848254],[117.28770380077735,-0.7762670596939615],[117.28843954133859,-0.7704702072492486],[117.28821217330811,-0.7626266839532119],[117.28802929208948,-0.7562412467756919],[117.29590854957382,-0.7524510225596045],[117.29988160456051,-0.7757007550320164],[117.29693861509605,-0.7953787709009269],[117.29746032758004,-0.8022814916055062],[117.3032214961871,-0.8153599969244293],[117.3081576890978,-0.8317293490578794],[117.30950884299344,-0.8362107425672936],[117.31321877428856,-0.8404692006941714],[117.31836905027698,-0.8410488991355833],[117.32798732482787,-0.8385384267430093],[117.32799180851262,-0.8385383928383024],[117.3344574456725,-0.8410131895873691],[117.34049067274312,-0.8433185561169076],[117.3411327846017,-0.8425515878287124],[117.34195763659699,-0.841570604550331],[117.34196211996623,-0.8415705705051093],[117.34534210317202,-0.8456595660942788],[117.34203349519063,-0.8470954250158355],[117.33891215012898,-0.8484509939550244],[117.33273181377281,-0.8477509426723383],[117.33182218343919,-0.8479738424917987],[117.33142977853115,-0.848071963567194],[117.32937851768065,-0.8485847632851686],[117.32532964772885,-0.8496014112475475],[117.31591203639053,-0.8551485918762471],[117.31575151066747,-0.8665995083655117],[117.31902898982231,-0.8862909425660864],[117.32082154999424,-0.8885962889469693],[117.32305996318507,-0.8914813007935879],[117.32536982207773,-0.8925425987558706],[117.32607879039027,-0.8928681308642302],[117.33180873264394,-0.9067894240994236],[117.33183106096357,-0.9068161567217314],[117.33597798718654,-0.9115116030269587],[117.34140026334507,-0.9142896499515171],[117.34627857114326,-0.9130990471224972],[117.35644977702631,-0.9048497143686185],[117.35813082066083,-0.9006893410149475],[117.3588308851798,-0.8831695805643439],[117.36620185456148,-0.8558620223120358],[117.37192283610709,-0.8506894639085404],[117.3760386197878,-0.8469705651508291],[117.37646222469334,-0.8448257369148231],[117.37648006538791,-0.8447410116741303],[117.37644438399718,-0.8444199509449147],[117.375940450902,-0.8396487053619085],[117.37401857219149,-0.8347972510185823],[117.37199868320695,-0.829691531156935],[117.36176946143839,-0.8212415314977451],[117.35516995429121,-0.806789637120099],[117.36044062966529,-0.8030707187329814],[117.37170883237135,-0.8199796408451102],[117.37260510034204,-0.8207287701445382],[117.37317135096863,-0.8212014520175062],[117.37599845571988,-0.8235691811432879],[117.38386875324687,-0.8301508390890338],[117.3874181689283,-0.8353501715395856],[117.38896107304524,-0.8416909947210792],[117.39014717627786,-0.8438982390411272],[117.39262200411305,-0.848500012658991],[117.40225808983108,-0.8617792727718674],[117.40265053325436,-0.8627468682260193],[117.40483100919604,-0.8681378934207035],[117.40701146089651,-0.8801195202636882],[117.41052083913704,-0.8846901359570015],[117.4146008571448,-0.8900008755106875],[117.42125833390395,-0.8894390197560167],[117.42279675918215,-0.8868082074765437],[117.42292161453629,-0.886598586625094],[117.42258711314979,-0.8854883121536387],[117.42016142319532,-0.8774395780993934],[117.42154820125613,-0.8735735992707999],[117.42268974024371,-0.8703808786717344],[117.42561929531173,-0.8689405843410338],[117.42630155222292,-0.8691680022124062],[117.42873182663178,-0.869979543847404],[117.43109511961731,-0.8710853640324064],[117.43295011607371,-0.8719504817410985],[117.43443055138664,-0.8738812231262325],[117.43625871844698,-0.8762713172176617],[117.43625432685137,-0.8762713520808154],[117.43300362273995,-0.8761330960974447],[117.43083206486864,-0.8760394217156193],[117.42689910765272,-0.8720396386240965],[117.42337191774986,-0.8744297398742645],[117.42334968943084,-0.8748087471620652],[117.42325154420176,-0.8766102428103596],[117.42624804372046,-0.8812521285639572],[117.42701060571868,-0.8909194994564403],[117.42802726079182,-0.891267289690948],[117.43620082107654,-0.8940586860674357],[117.43872462857884,-0.8944198830083634],[117.44117715382879,-0.8947676519454394],[117.44118163493569,-0.8947721496606408],[117.4470319009364,-0.8923419503141711],[117.44738867562101,-0.8843779519867526],[117.44537760857027,-0.8799456109162611],[117.44337996392399,-0.8755489554929083],[117.43591097546816,-0.8623901164807243],[117.43662886686452,-0.8595407593639736],[117.43708810087402,-0.8576991593524769],[117.43662886686452,-0.850974815371453],[117.43649953905897,-0.8491198398498184],[117.43447061386439,-0.8477509443125635],[117.43017205132595,-0.8489236328137371],[117.4296816107034,-0.8490619090289565],[117.42177111379779,-0.8487096137767778],[117.40357803404046,-0.8450709824927543],[117.40351107341732,-0.844932767023304],[117.40262821294367,-0.8432115359508678],[117.4039837414236,-0.8423598920738989],[117.4041576413707,-0.8422483830907282],[117.40416212332607,-0.8422484136378159],[117.4093079679774,-0.8445180369538173],[117.41147062199745,-0.843710954248848],[117.41221083274031,-0.841200489465095],[117.40755995385055,-0.8315866844399967],[117.40134842124418,-0.8187400015971755],[117.40080887498468,-0.8168627108907177],[117.4000508722846,-0.814231837884066],[117.40037187638707,-0.8056614768556147],[117.40401502549764,-0.8064908222495849],[117.40739941292742,-0.8072578356249172],[117.41235792441846,-0.8187311144716647],[117.41361541482274,-0.8240641467199307],[117.41698206831852,-0.8383288285635262],[117.4203263456101,-0.8398092439707636],[117.42243106608535,-0.8407412094096322],[117.42578878421239,-0.8385562182896473],[117.43027019307893,-0.8356399862674093],[117.43155884797723,-0.8285990445011346],[117.43247294709842,-0.8275645714706438],[117.43323996608011,-0.8266994782449167],[117.43792644213782,-0.8244119561307026],[117.44078917920473,-0.8230118108232677],[117.44100319718018,-0.8214154765882867],[117.44135102070011,-0.8187890678830175],[117.43623201037418,-0.8073202675755939],[117.43630783261156,-0.8001678217525209],[117.43630783261156,-0.7997888444235216],[117.4401381616071,-0.7973006312925264],[117.44398194809423,-0.8075209363293904],[117.44755814560766,-0.8121761954561028],[117.45013996810658,-0.8155383735528867],[117.45496019253468,-0.8170321959850003],[117.46333890942479,-0.8279881959637228],[117.46877003328605,-0.828059550238508],[117.46868983283659,-0.8223385142587446],[117.46863185550781,-0.818240585495683],[117.46486391925654,-0.811658963442028],[117.46163098814506,-0.806009290752648],[117.45673045486697,-0.7990619956825161],[117.45326133851098,-0.7956686306434958],[117.45186116407848,-0.7942996496771806],[117.44853911493247,-0.7930511320933016],[117.44793266389684,-0.792560631613647],[117.44048150554771,-0.7865898780650613],[117.44226068247244,-0.7841730239557765],[117.4435583098822,-0.7824117130308115],[117.44613122342889,-0.7843246396222127],[117.44869074980083,-0.7862286975927236],[117.45549080692591,-0.7885697239627311],[117.45789876182242,-0.7877983018806384],[117.44798168550042,-0.7704300931517857],[117.44919458537696,-0.7684815027791514],[117.45058133632682,-0.766251952183704],[117.45393014587255,-0.7680801879483077],[117.45666808283235,-0.769578416083059],[117.4599187503989,-0.7773105205516117],[117.46439121946446,-0.7840794215170322],[117.46930957086693,-0.7915305616406378],[117.4799535042768,-0.804519950681667],[117.48310163446055,-0.8083592135441194],[117.49111016645429,-0.8114092517961139],[117.4939996257159,-0.8101517983854963],[117.49468191133353,-0.8074718616786469],[117.49059291024925,-0.7991511820824274],[117.48447058111323,-0.7866879627853604],[117.47731365542434,-0.7795623555725099],[117.47099072127565,-0.7732616605217801],[117.46600099277155,-0.7616501255746012],[117.46394083182408,-0.7600314903503336],[117.45997224965565,-0.7568788905402071],[117.45694893606021,-0.7544798919656239],[117.45100495925885,-0.7531287785894968],[117.44992138964679,-0.7528790889419205],[117.45079095227409,-0.7489283296634011],[117.45104958882649,-0.7477600037875989],[117.45211083749783,-0.7480855184017013],[117.46683929906857,-0.7526382610825885],[117.47028164873966,-0.7572088448113051],[117.4740898028934,-0.7702918914603388],[117.482330152862,-0.7754644431783171],[117.48847925064156,-0.7793304502704684],[117.49256829644881,-0.7945984288541313],[117.49884671325377,-0.8005424146353436],[117.50016214983094,-0.801790955443807],[117.50198145497818,-0.8088586460595193],[117.5178825763455,-0.8191591613996503],[117.52059819714792,-0.8209204844142668],[117.52125817151165,-0.8210988779144571],[117.52495916399816,-0.8221110724243423],[117.52496364316548,-0.8221111035312556],[117.53439017773542,-0.8207198609682272],[117.53716817995657,-0.8224009074192918],[117.53729305116097,-0.8224767035948204],[117.53765870654436,-0.8226997024969215],[117.54093165843564,-0.8226595709311277],[117.54693807573165,-0.8190610418958557],[117.55108060686872,-0.8165817850869354],[117.55396567168363,-0.8115385257220283],[117.55666788369503,-0.8068208290061484],[117.55385863575019,-0.8047651923314867],[117.54655013431417,-0.7994187248624898],[117.54777190974966,-0.7938492954287716],[117.55620409729568,-0.7931046424267709],[117.56708880809299,-0.7921414814919109],[117.56902847799492,-0.7932874274090672],[117.57143196826975,-0.7947098928089917],[117.57509733112097,-0.794964061659653],[117.57735807773356,-0.7951201333656224],[117.57969017503092,-0.7941257815740241],[117.58394859696661,-0.7923108946796621],[117.59330828229659,-0.7917713822659805],[117.5960239062812,-0.7941881887608538],[117.59766929134882,-0.7956507681702533],[117.60017978799858,-0.7953921404180999],[117.60471910428114,-0.7919095996891086],[117.60973119200733,-0.7914102017059708],[117.61452018946058,-0.7855286248421692],[117.61538085839844,-0.7844718137385941],[117.61681664103457,-0.7807975091979242],[117.61962146717205,-0.7736317611501156],[117.62034825284627,-0.7677724552358464],[117.62176179239462,-0.7563705539579804],[117.62057568058509,-0.753619275139419],[117.61886781693677,-0.7496596214840727],[117.60957511752527,-0.7392921902220896],[117.60952157042722,-0.7392297638973109],[117.60425982268241,-0.7378920737142513],[117.59081121723307,-0.7386902426699458],[117.59039649922623,-0.7384672886907057],[117.58987028695245,-0.738190789897302],[117.58782802147066,-0.7370983445802302],[117.5798507519544,-0.7380882437625133],[117.57525782235652,-0.7344495945521463],[117.57251995949628,-0.7342400371142096],[117.57126251764507,-0.7350604838188194],[117.57001841227947,-0.7358676083943901],[117.57001841227947,-0.7358720529749508],[117.56361961851204,-0.7345388180432179],[117.55016205257476,-0.7355688577656109],[117.54346448962403,-0.7371696981871433],[117.53924171220328,-0.7381818885053603],[117.53577246550256,-0.7397960735505521],[117.52969027109813,-0.7426320750356736],[117.52285000208018,-0.7433678064160275],[117.51827944477365,-0.7422619466821002],[117.50681060284867,-0.7347706621962938],[117.4927956970747,-0.7234713002156584],[117.48591084088235,-0.7179197473813442],[117.47615881664532,-0.7191504495763389],[117.46901977458502,-0.7175986481783677],[117.46834196860391,-0.71550734806275],[117.46761066311744,-0.7132421364421393],[117.46259862386195,-0.7137415301949533],[117.45756880117706,-0.7121719771487032],[117.457332487356,-0.7110527156959761],[117.45705154506747,-0.7097194700991856],[117.46743681972164,-0.7098085967747966],[117.46744121061346,-0.7098086329261836],[117.4688591946407,-0.7080918816631052],[117.46847127524236,-0.7067630410693646],[117.46835980091745,-0.7063885097452578],[117.45977160496354,-0.6972696193580935],[117.45505832180415,-0.6890693667002746],[117.45351988216274,-0.6825189453534968],[117.45059029810773,-0.6806193616802282],[117.4486015791922,-0.6776362002870439],[117.44494949237324,-0.6721604392440862],[117.4473797136927,-0.6688829952264318],[117.4478613271354,-0.6682408834276112],[117.44865947287845,-0.6683166946966059],[117.45054127716112,-0.6684995368111573],[117.45549080692591,-0.6719463669776443],[117.45892878745741,-0.6743409148298795],[117.46069462259935,-0.6778502253917639],[117.46592957302975,-0.688271194007408],[117.47127164339449,-0.6879010389347895],[117.47418783288711,-0.6848688735707025],[117.47573963929021,-0.6797007776957438],[117.48125105909817,-0.6839502747907944],[117.47953881535578,-0.685453034656819],[117.47791123340252,-0.6868799223326183],[117.47747422836554,-0.6872633879119537],[117.47718883496013,-0.6875086546360483],[117.47548990664696,-0.6926098825809197],[117.47908837329379,-0.6958382637196212],[117.48983041849846,-0.700457916679536],[117.49032984645511,-0.7005515277735398],[117.50916058132958,-0.7040608386558402],[117.52083004397223,-0.7017019698255421],[117.53458196616728,-0.6989195239329887],[117.53797975175446,-0.6875309767524846],[117.53789501163682,-0.6864295375101368],[117.53760961811109,-0.6827597184631692],[117.53515715115533,-0.6808913559788131],[117.53492084268963,-0.6807084989601526],[117.53064896608166,-0.6721203321520945],[117.52030829863897,-0.6749518263959196],[117.51679454346525,-0.6747823782911877],[117.51081047666,-0.6745014469932173],[117.50394794453052,-0.6716119581034716],[117.50392115618394,-0.6701895377708491],[117.50389884749112,-0.6692219087536697],[117.5098874293358,-0.6721202933769629],[117.50989190885403,-0.6721203303473657],[117.51490836633192,-0.6705507215885508],[117.51930950713553,-0.6672108127968972],[117.52218116430109,-0.6603081459736987],[117.5217664765427,-0.6590194578052087],[117.52094157760382,-0.6564421012601076],[117.51898843071339,-0.6550151883825597],[117.51853808071046,-0.6546896929987096],[117.50364019189647,-0.6495304895482059],[117.50430013478807,-0.648598548862741],[117.50632904634386,-0.645731353708203],[117.50633352594481,-0.6457313274221352],[117.52070964132866,-0.6507478224464227],[117.52969922921207,-0.6610215704927305],[117.53614708159805,-0.6648564438432937],[117.53772114199703,-0.6657883602417856],[117.55095574465223,-0.6663680706653503],[117.55096022321234,-0.6663680434940809],[117.55621744303824,-0.6651596556784035],[117.56030200258611,-0.6642187543155066],[117.56268321133469,-0.6626670241975786],[117.56527836007642,-0.6609680877156249],[117.56741428208488,-0.6526028219010873],[117.56815891146853,-0.6496820798218543],[117.57068278400433,-0.6463199274914938],[117.57492788375463,-0.6406613276773765],[117.57551199290948,-0.6387795956067387],[117.5767115515419,-0.6349001813236531],[117.57573051841331,-0.6327464713689113],[117.57483868201496,-0.6307799981595168],[117.57277861174894,-0.6298703089925901],[117.56884568037566,-0.6301111172024791],[117.5639049732439,-0.6304098795595808],[117.5639004949871,-0.6304098410493529],[117.55983383622166,-0.6294868361916377],[117.55703798049339,-0.6288491997521442],[117.55266359115991,-0.6275337604081136],[117.55020218063602,-0.6267890752111929],[117.54589463603925,-0.6254959630686291],[117.53621838577439,-0.6225885840796007],[117.52810727622084,-0.618682462033868],[117.52729127314257,-0.6182900639481528],[117.52607841508791,-0.6183390821902791],[117.52021916103058,-0.618579883358764],[117.5096867468126,-0.6226911460325626],[117.50520985958414,-0.624439133656845],[117.50133933342727,-0.6242384580133595],[117.49790577907015,-0.6226109264425339],[117.49515005732634,-0.6212998968908712],[117.49486916986682,-0.6129257243984865],[117.49485133999512,-0.6123416017127622],[117.49467743146205,-0.6121721536987381],[117.49139105937897,-0.6089214423474002],[117.49248801625849,-0.6051223385806753],[117.49338874732958,-0.6020098485157661],[117.49543103397447,-0.6003778433433415],[117.50340832437644,-0.5996286915408502],[117.50378291392146,-0.5992229199892385],[117.50635135475552,-0.5963913607069451],[117.50791652080514,-0.5910984375351332],[117.50990077829982,-0.5844097785179317],[117.50823752610076,-0.582652895071841],[117.50644945798084,-0.580757773496374],[117.5098294643606,-0.5749921802105306],[117.51416818860822,-0.5760980325457997],[117.51719141413767,-0.5829695042383872],[117.51613016400195,-0.586871213901068],[117.51299099377381,-0.5984113630385214],[117.51324954722867,-0.6034947093670094],[117.51353049750534,-0.6089794189974517],[117.51462302824613,-0.6096215246652837],[117.51581804103503,-0.6103305549377224],[117.5158225204153,-0.6103305300836848],[117.52128934711445,-0.6095992180099365],[117.53013172645625,-0.6053497169274162],[117.53150956588236,-0.604689785996741],[117.54082022599333,-0.6052427019657897],[117.55548172400187,-0.606112228769161],[117.55548172400187,-0.6061077997329861],[117.56591157997133,-0.598901873047821],[117.56790034251348,-0.591758354604696],[117.57292128231843,-0.5912589904072674],[117.57726001080454,-0.5926011237310072],[117.58089857350647,-0.5907416981275982],[117.58716809771383,-0.5829382563452172],[117.58867081125703,-0.5727091046534709],[117.5887287523579,-0.5722899776089608],[117.58883576871875,-0.5714293484266089],[117.59065064956106,-0.5564111150968234],[117.58933968511633,-0.5359616630452119],[117.59012891563123,-0.5212510475264518],[117.58785479808175,-0.5197884799067891],[117.58623171669046,-0.5187495435924777],[117.57618977939308,-0.5185979379187566],[117.57337168356007,-0.521487420135807],[117.57256903896732,-0.5223078947892591],[117.57115996949304,-0.5217861806933153],[117.57074073057912,-0.5216300905368598],[117.57072290775506,-0.5214829769523475],[117.57049998797056,-0.5195699981261029],[117.57274735496834,-0.5178443054233997],[117.57322005725176,-0.5174787050499715],[117.5722880856931,-0.5151911732347508],[117.5645871896546,-0.5147140225534431],[117.55904904817172,-0.5143707154116497],[117.54560038663051,-0.5160918945122208],[117.54462824069684,-0.5175054537650035],[117.54139987105218,-0.5222097973347879],[117.54148908840207,-0.5234940128678407],[117.54156934815124,-0.5246310659044315],[117.53726187815629,-0.5278817903713274],[117.53492971098072,-0.5320599658893166],[117.53261104200045,-0.5362202892373802],[117.53244155698457,-0.5376561201150207],[117.53216959234393,-0.5399614659246972],[117.53471122841651,-0.544902158188659],[117.53275813194054,-0.5469087244017812],[117.53139364894868,-0.5449422551258194],[117.52746076270479,-0.5392792147815824],[117.52762129390702,-0.5376159995022642],[117.52788878589126,-0.5347978107028052],[117.53035021423388,-0.529995391423972],[117.53174148911995,-0.5272798079669561],[117.53608912454072,-0.5244393239868371],[117.53870210151173,-0.5189234067454904],[117.54035201196068,-0.515449761748867],[117.53987044990285,-0.5122303098676332],[117.53544254833048,-0.5131622429280281],[117.53418056288254,-0.5134298385509305],[117.52077208229237,-0.5195120096011697],[117.50669915062228,-0.5283588978566089],[117.50332804869402,-0.5345882636592678],[117.4992078723569,-0.532550411354537],[117.49229179556364,-0.5330007898693477],[117.49099870516143,-0.5330810775021991],[117.48015412809251,-0.5366528382455318],[117.46963960117027,-0.5401219919940026],[117.46543017176707,-0.5396805652245645],[117.4668793548747,-0.5371700755770535],[117.46926503510284,-0.5366438767798483],[117.48018979054446,-0.53424042170043],[117.48481832678615,-0.5315248773402812],[117.48975013717086,-0.5286309130067948],[117.50478178595337,-0.5175589539468616],[117.51155066729069,-0.5076285466568654],[117.5159294879849,-0.5131087773938041],[117.51673210121044,-0.5126851714128837],[117.53796192587659,-0.5014481913872345],[117.5617155409775,-0.4959278117156794],[117.56459166789529,-0.49525898773054694],[117.56603195420877,-0.49512964384425073],[117.57271170969368,-0.49451878529791427],[117.57567257335536,-0.49339504182239147],[117.58143815457755,-0.49121013397178154],[117.58642793080811,-0.4874912432500351],[117.58319059587677,-0.4824613635191679],[117.5861380425127,-0.48060190634111855],[117.58614252024692,-0.480601886717913],[117.58903198014947,-0.48237216808776445],[117.59095835190764,-0.4835493685423809],[117.5952702517582,-0.4812217311319234],[117.59633159992481,-0.48375893542823784],[117.59689782298398,-0.48511008057655025],[117.59728584106877,-0.4852037064579907],[117.59871719379171,-0.48556045194483893],[117.59872167122947,-0.48556043210989963],[117.60821503445442,-0.4725175321151705],[117.60999865841973,-0.4700695058834724],[117.63216938715321,-0.44805048707384815],[117.63402879792403,-0.4259779510938488],[117.63296757155358,-0.4232444830116136],[117.63171008265367,-0.42002054620281154],[117.62659104496127,-0.418531234952897],[117.62196692353066,-0.4171801447492834],[117.61665170790478,-0.41562832089913154],[117.61147468655953,-0.40987163266252924],[117.61113128987228,-0.409488137805478],[117.60445154087243,-0.4095818204593276],[117.5838415778559,-0.4234005948768545],[117.58003801689604,-0.4264728640810649],[117.55913816772562,-0.44335949718432427],[117.56191178033653,-0.44723890141696654],[117.56004342298925,-0.4486747298165785],[117.55919172900535,-0.44933026495962153],[117.55918725063805,-0.4493302193852199],[117.55758192833515,-0.44845180227897],[117.55253872997666,-0.44570945933166606],[117.55057228994721,-0.44597700586052763],[117.54890007449747,-0.44619997781035753],[117.53868875454808,-0.4520280219066696],[117.53353845920718,-0.45666545450483154],[117.52924881472504,-0.46053148801331606],[117.52770155945782,-0.4619227657745378],[117.5255611631535,-0.46384906480094623],[117.51555044266928,-0.4678399688484176],[117.50376956453375,-0.47736014601629845],[117.4978478104935,-0.47855069939882644],[117.49585912834948,-0.48079363151149995],[117.49333077739703,-0.4836474934984549],[117.48872009610766,-0.47770794287500645],[117.4945303124262,-0.46817883818684797],[117.50037171215193,-0.4586007278679298],[117.51233099105542,-0.4477294166088516],[117.51779343761305,-0.44115227307885474],[117.52393809028545,-0.4337590675881264]]]}]},"id":"00000000000000000190","properties":{"ADM0_CODE":116,"ADM0_NAME":"Indonesia","ADM1_CODE":1525,"ADM1_NAME":"Kalimantan Timur","DISP_AREA":"NO","EXP1_YEAR":3000,"STATUS":"Member State","STR1_YEAR":1000,"Shape_Area":16.0381791159,"Shape_Leng":47.5625141118}}]}